loc_id;patinete_id;dt_registro;bairro;latitude;longitude;bateria_pct;em_uso
LOC-000001;PAT-0079;2024-12-15 18:00:00;Itaum;-26.32647571321684;-48.819733371842496;64;True
LOC-000002;PAT-0033;2024-02-28 21:00:00;Saguaçu;-26.28200347192939;-48.84422372210615;10;False
LOC-000003;PAT-0035;2024-08-27 19:00:00;América;-26.297467932821387;-48.85009048938985;88;False
LOC-000004;PAT-0019;2024-03-05 12:00:00;Iririú;-26.268238841521505;-48.84813566582853;31;False
LOC-000005;PAT-0006;2024-06-22 02:00:00;Paranaguamirim;-26.33890444476549;-48.81695250630974;77;True
LOC-000006;PAT-0030;2024-08-19 06:00:00;Iririú;-26.277180391661826;-48.855581187107624;77;False
LOC-000007;PAT-0012;2024-03-23 16:00:00;Iririú;-26.270895382664072;-48.86158364295656;57;True
LOC-000008;PAT-0046;2024-02-27 13:00:00;Jardim Iririú;-26.271882152665576;-48.858256014223166;23;False
LOC-000009;PAT-0068;2024-03-13 21:00:00;Glória;-26.31690384260726;-48.833388608504826;53;False
LOC-000010;PAT-0077;2024-11-10 02:00:00;Saguaçu;-26.292364620678843;-48.85343505536775;33;True
LOC-000011;PAT-0018;2024-01-28 23:00:00;Centro;-26.29896947139825;-48.84548749931353;68;True
LOC-000012;PAT-0043;2024-09-14 15:00:00;Itaum;-26.330829266447658;-48.81948303578592;64;False
LOC-000013;PAT-0067;2024-04-27 19:00:00;Anita Garibaldi;-26.309812913370273;-48.841786053740414;80;True
LOC-000014;PAT-0036;2024-03-20 05:00:00;Jardim Iririú;-26.272460194883095;-48.85682855274409;28;False
LOC-000015;PAT-0079;2024-02-20 18:00:00;Saguaçu;-26.282166820597464;-48.846019644949585;100;False
LOC-000016;PAT-0003;2024-10-08 07:00:00;Itaum;-26.325644155585707;-48.82497572347606;61;True
LOC-000017;PAT-0060;2024-07-22 18:00:00;Centro;-26.30482858900985;-48.84668904220554;13;False
LOC-000018;PAT-0025;2024-02-08 10:00:00;Anita Garibaldi;-26.310116369215013;-48.831474833336344;90;False
LOC-000019;PAT-0040;2024-08-14 06:00:00;Glória;-26.32069878521884;-48.829529028151335;15;True
LOC-000020;PAT-0020;2024-12-13 14:00:00;Anita Garibaldi;-26.305694538091874;-48.836672174781064;12;True
LOC-000021;PAT-0006;2024-08-10 15:00:00;Iririú;-26.27503409311177;-48.8578425846707;-5;False
LOC-000022;PAT-0030;2024-02-28 00:00:00;Jardim Iririú;-26.26253106065554;-48.858233698133695;35;False
LOC-000023;PAT-0013;2024-07-02 04:00:00;Centro;-26.299578367067678;-48.839174260827036;50;False
LOC-000024;PAT-0073;2024-10-16 16:00:00;Bucarein;-26.299431922858425;-48.839252082552356;20;True
LOC-000025;PAT-0057;2024-12-15 14:00:00;Bucarein;-26.302318648130278;-48.84880406554182;21;True
LOC-000026;PAT-0059;2024-09-06 00:00:00;Bucarein;-26.29950268587904;-48.842629040424285;75;False
LOC-000027;PAT-0061;2024-08-14 20:00:00;Anita Garibaldi;-26.306780521987598;-48.82874681389583;81;False
LOC-000028;PAT-0037;2024-05-29 11:00:00;Saguaçu;-26.28935787942689;-48.85448860118718;58;False
LOC-000029;PAT-0069;2024-10-31 23:00:00;Iririú;-26.274609018466276;-48.84717798860579;27;True
LOC-000030;PAT-0056;2024-11-12 23:00:00;Saguaçu;-26.28010245203263;-48.84081488970167;28;False
LOC-000031;PAT-0059;2024-02-11 11:00:00;Glória;-26.322344360397945;-48.83674760830832;89;True
LOC-000032;PAT-0047;2024-04-10 01:00:00;Iririú;-26.272724645807955;-48.848065386872804;9;True
LOC-000033;PAT-0079;2024-05-10 08:00:00;Anita Garibaldi;-26.31606989481522;-48.83718987855585;57;False
LOC-000034;PAT-0047;2024-06-11 01:00:00;Bucarein;-26.304251528874108;-48.836484653326785;74;True
LOC-000035;PAT-0015;2024-01-06 05:00:00;América;-26.286289852398514;-48.85230586659659;88;True
LOC-000036;PAT-0040;2024-01-04 04:00:00;Iririú;-26.281416502025458;-48.85594631819676;26;False
LOC-000037;PAT-0009;2024-11-26 12:00:00;Paranaguamirim;-26.343657897678728;-48.812852110544355;41;False
LOC-000038;PAT-0066;2024-09-23 07:00:00;Anita Garibaldi;-26.306318249248044;-48.83060836129159;30;False
LOC-000039;PAT-0055;2024-10-13 15:00:00;Paranaguamirim;-26.34245649140674;-48.82245937358483;25;True
LOC-000040;PAT-0035;2024-10-11 19:00:00;Itaum;-26.322431274407773;-48.818509504071564;34;False
LOC-000041;PAT-0067;2024-01-18 06:00:00;Bucarein;-26.290324250643618;-48.84701227209444;29;True
LOC-000042;PAT-0021;2024-06-07 20:00:00;Centro;-26.308107583672744;-48.848664807714194;92;False
LOC-000043;PAT-0026;2024-06-26 01:00:00;Glória;-26.327344348444;-48.832432501341515;35;False
LOC-000044;PAT-0001;2024-03-28 19:00:00;Centro;-26.301118987452714;-48.84669503455646;11;True
LOC-000045;PAT-0065;2024-06-10 16:00:00;Anita Garibaldi;-26.312784215957628;-48.83765381740998;23;False
LOC-000046;PAT-0067;2024-07-23 14:00:00;Saguaçu;-26.291387954496646;-48.854282222104786;32;True
LOC-000047;PAT-0017;2024-07-22 01:00:00;Itaum;-26.32667963489635;-48.825669940183595;83;False
LOC-000048;PAT-0078;2024-05-01 20:00:00;Itaum;-26.337501201454206;-48.82746499223102;80;False
LOC-000049;PAT-0041;2024-01-25 08:00:00;Anita Garibaldi;-26.306076852952124;-48.83547601463474;34;True
LOC-000050;PAT-0067;2024-01-05 19:00:00;Saguaçu;-26.29078155953419;-48.84072883688235;37;True
LOC-000051;PAT-0051;2024-04-15 08:00:00;Saguaçu;-26.290963009940054;-48.85414919642163;40;True
LOC-000052;PAT-0066;2024-07-27 21:00:00;América;-26.296189243232504;-48.84385976811195;53;False
LOC-000053;PAT-0036;2024-12-19 14:00:00;Jardim Iririú;-26.260635738264128;-48.856266215764286;7;True
LOC-000054;PAT-0014;2024-12-13 11:00:00;Anita Garibaldi;-26.30890929023594;-48.832800019153055;56;False
LOC-000055;PAT-0074;2024-06-01 20:00:00;América;-26.286178055432583;-48.848675555914824;95;True
LOC-000056;PAT-0054;2024-02-05 17:00:00;Jardim Iririú;-26.269637840228278;-48.854772357625656;8;False
LOC-000057;PAT-0021;2024-12-30 23:00:00;Glória;-26.32261899635992;-48.83628928216992;53;True
LOC-000058;PAT-0032;2024-03-15 07:00:00;Anita Garibaldi;-26.31624825589147;-48.83492393082295;77;False
LOC-000059;PAT-0029;2024-08-05 17:00:00;Saguaçu;-26.285309631547;-48.844846541787824;38;False
LOC-000060;PAT-0022;2024-09-15 03:00:00;Anita Garibaldi;-26.311170740263453;-48.83361087287882;95;False
LOC-000061;PAT-0055;2024-01-23 02:00:00;Anita Garibaldi;-26.30989160250156;-48.829675534863625;34;False
LOC-000062;PAT-0004;2024-05-04 17:00:00;Centro;-26.308286103936023;-48.85304365265582;92;False
LOC-000063;PAT-0047;2024-12-06 04:00:00;Glória;-26.312821534705552;-48.82694878336801;5;True
LOC-000064;PAT-0071;2024-08-16 05:00:00;América;-26.296283864028688;-48.85045555631385;56;False
LOC-000065;PAT-0049;2024-02-06 01:00:00;Itaum;-26.322549549203735;-48.82193342617632;83;True
LOC-000066;PAT-0080;2024-06-09 03:00:00;Jardim Iririú;-26.27576230203988;-48.86255560028425;49;True
LOC-000067;PAT-0036;2024-05-04 07:00:00;Paranaguamirim;-26.340301988930932;-48.81306667787561;88;False
LOC-000068;PAT-0022;2024-05-23 12:00:00;Anita Garibaldi;-26.314666114590135;-48.82874407400569;21;False
LOC-000069;PAT-0059;2024-01-31 03:00:00;América;-26.291814025377118;-48.85106118518238;29;False
LOC-000070;PAT-0054;2024-10-06 09:00:00;Iririú;-26.273869366736307;-48.849804429374764;48;False
LOC-000071;PAT-0062;2024-03-22 04:00:00;Bucarein;-26.299030573471796;-48.843565497890495;61;True
LOC-000072;PAT-0038;2024-01-02 03:00:00;Saguaçu;-26.286362450395174;-48.85436168859531;73;True
LOC-000073;PAT-0067;2024-04-30 17:00:00;Anita Garibaldi;-26.308276425353387;-48.84201590821666;55;True
LOC-000074;PAT-0027;2024-12-02 17:00:00;Itaum;-26.327025979598616;-48.82717865005882;46;False
LOC-000075;PAT-0013;2024-03-27 11:00:00;Itaum;-26.324667659487424;-48.82191759772868;22;True
LOC-000076;PAT-0057;2024-04-30 05:00:00;Saguaçu;-26.289000656300168;-48.85060419598663;81;False
LOC-000077;PAT-0025;2024-01-17 17:00:00;Bucarein;-26.296247543843933;-48.83851300762204;44;True
LOC-000078;PAT-0001;2024-04-10 21:00:00;Jardim Iririú;-26.266636883433716;-48.85611485597464;16;False
LOC-000079;PAT-0050;2024-02-09 21:00:00;Centro;-26.306484195026037;-48.853386336498666;22;False
LOC-000080;PAT-0052;2024-07-17 16:00:00;Itaum;-26.330223079329556;-48.82446202779378;69;True
LOC-000081;PAT-0024;2024-03-03 23:00:00;Bucarein;-26.300979485707106;-48.84561181039746;-12;False
LOC-000082;PAT-0076;2024-11-22 13:00:00;Anita Garibaldi;-26.31773048963813;-48.834238208253716;36;False
LOC-000083;PAT-0028;2024-04-23 13:00:00;Iririú;-26.279579180629394;-48.860687756417484;66;True
LOC-000084;PAT-0012;2024-01-05 07:00:00;Centro;-26.31071178165758;-48.852056940489604;96;True
LOC-000085;PAT-0048;2024-10-02 18:00:00;Bucarein;-26.295070886796957;-48.83489937777267;11;False
LOC-000086;PAT-0012;2024-12-12 21:00:00;América;-26.288428361710253;-48.84613275348323;9;True
LOC-000087;PAT-0068;2024-12-14 02:00:00;Bucarein;-26.29079029805472;-48.84710952156654;53;True
LOC-000088;PAT-0012;2024-11-28 22:00:00;Saguaçu;-26.281325145381643;-48.849494915073514;38;False
LOC-000089;PAT-0060;2024-09-02 07:00:00;Anita Garibaldi;-26.319167266579903;-48.83731004801188;37;True
LOC-000090;PAT-0070;2024-07-13 19:00:00;Paranaguamirim;-26.333852077217138;-48.81034393481495;72;True
LOC-000091;PAT-0065;2024-01-07 14:00:00;Centro;-26.29859719739287;-48.84603659333635;76;True
LOC-000092;PAT-0020;2024-09-18 18:00:00;Glória;-26.32090687486764;-48.8359544042081;48;True
LOC-000093;PAT-0038;2024-12-27 09:00:00;Paranaguamirim;-26.338626191191555;-48.8111761269895;41;True
LOC-000094;PAT-0019;2024-11-27 15:00:00;Iririú;-26.26738274668044;-48.8566497923484;73;True
LOC-000095;PAT-0049;2024-08-07 15:00:00;Centro;-26.30388313017843;-48.84999321203789;66;True
LOC-000096;PAT-0047;2024-04-04 01:00:00;Anita Garibaldi;-26.305514850745983;-48.83699202204767;48;False
LOC-000097;PAT-0044;2024-01-22 00:00:00;Anita Garibaldi;-26.31867137987504;-48.83503589498229;36;False
LOC-000098;PAT-0073;2024-06-30 04:00:00;Centro;-26.30934317010066;-48.84871015173733;18;True
LOC-000099;PAT-0040;2024-02-11 08:00:00;Itaum;-26.330947920904936;-48.82412950763853;19;False
LOC-000100;PAT-0054;2024-12-23 22:00:00;América;-26.289643891066603;-48.85262396753914;79;True
LOC-000101;PAT-0080;2024-02-21 01:00:00;Saguaçu;-26.279940354370197;-48.855693233428;85;False
LOC-000102;PAT-0071;2024-08-30 00:00:00;Centro;-26.29658780615771;-48.841840034462464;71;True
LOC-000103;PAT-0076;2024-08-21 03:00:00;América;-26.292778376056415;-48.85626488170292;6;False
LOC-000104;PAT-0003;2024-08-10 07:00:00;Saguaçu;-26.292241349821758;-48.85529752618191;37;False
LOC-000105;PAT-0054;2024-05-17 17:00:00;Bucarein;-26.293181255947275;-48.83954082091352;26;True
LOC-000106;PAT-0020;2024-07-05 00:00:00;Bucarein;-26.296329908494673;-48.83761702193882;51;True
LOC-000107;PAT-0031;2024-11-30 21:00:00;Bucarein;-26.302823314258106;-48.83697873389451;49;True
LOC-000108;PAT-0018;2024-09-29 19:00:00;Iririú;-26.275082744694057;-48.85510385307743;44;True
LOC-000109;PAT-0059;2024-06-13 03:00:00;Saguaçu;-26.28112303607146;-48.85271410904496;23;True
LOC-000110;PAT-0019;2024-04-02 06:00:00;Bucarein;-26.2936734114069;-48.838204357164;72;True
LOC-000111;PAT-0029;2024-08-22 00:00:00;Jardim Iririú;-26.26800610540802;-48.85680459076553;5;True
LOC-000112;PAT-0061;2024-09-27 11:00:00;Saguaçu;-26.28811656751794;-48.85205966825435;46;True
LOC-000113;PAT-0016;2024-02-11 03:00:00;Jardim Iririú;-26.260420118687385;-48.853545475906195;36;False
LOC-000114;PAT-0058;2024-10-26 02:00:00;América;-26.288386198224696;-48.857330056670676;61;False
LOC-000115;PAT-0080;2024-11-14 08:00:00;Saguaçu;-26.28646819969046;-48.840276988166536;57;True
LOC-000116;PAT-0065;2024-11-25 09:00:00;Centro;-26.307912588412727;-48.84043603502436;43;False
LOC-000117;PAT-0075;2024-07-04 08:00:00;Centro;-26.300702352271944;-48.84319362167234;21;False
LOC-000118;PAT-0004;2024-07-05 13:00:00;Centro;-26.3085250648705;-48.839180001787525;51;True
LOC-000119;PAT-0020;2024-11-06 15:00:00;Centro;-26.309652640176424;-48.84264302130683;47;True
LOC-000120;PAT-0022;2024-03-13 19:00:00;Anita Garibaldi;-26.311522657776607;-48.83995268804752;8;True
LOC-000121;PAT-0030;2024-07-21 11:00:00;Saguaçu;-26.288360201717694;-48.84892550179019;66;True
LOC-000122;PAT-0061;2024-06-22 12:00:00;Iririú;-26.27293751768122;-48.86185595161069;76;True
LOC-000123;PAT-0074;2024-02-28 19:00:00;Itaum;-26.33611298120201;-48.82176548124339;59;False
LOC-000124;PAT-0008;2024-04-05 14:00:00;América;-26.288520942326922;-48.847134351684204;75;False
LOC-000125;PAT-0005;2024-08-07 15:00:00;Itaum;-26.333467255552033;-48.82181690638511;72;True
LOC-000126;PAT-0055;2024-02-10 07:00:00;Anita Garibaldi;-26.31999611304905;-48.83771529319251;86;False
LOC-000127;PAT-0041;2024-08-12 14:00:00;Anita Garibaldi;-26.317969023077215;-48.83347430843983;62;False
LOC-000128;PAT-0035;2024-12-16 03:00:00;Iririú;-26.268062153954638;-48.84904472753601;74;True
LOC-000129;PAT-0070;2024-12-18 21:00:00;Itaum;-26.32412232577415;-48.827238668919264;55;False
LOC-000130;PAT-0058;2024-09-13 16:00:00;Glória;-26.32426225548742;-48.831832473044805;8;False
LOC-000131;PAT-0008;2024-07-31 04:00:00;Jardim Iririú;-26.263546049527275;-48.86546814813096;91;False
LOC-000132;PAT-0071;2024-08-05 07:00:00;América;-26.289262854509218;-48.84787433198829;28;False
LOC-000133;PAT-0036;2024-10-26 11:00:00;Paranaguamirim;-26.3324655246168;-48.8213084070331;10;True
LOC-000134;PAT-0060;2024-07-24 03:00:00;Iririú;-26.277022309447453;-48.85236307586271;34;True
LOC-000135;PAT-0058;2024-03-09 23:00:00;Iririú;-26.272096630199723;-48.85842110606723;97;True
LOC-000136;PAT-0075;2024-07-24 12:00:00;Saguaçu;-26.291983428441217;-48.8528173309802;80;True
LOC-000137;PAT-0042;2024-08-13 17:00:00;Glória;-26.321660042450937;-48.8230183590748;21;True
LOC-000138;PAT-0034;2024-04-22 00:00:00;Centro;-26.29697891742099;-48.853903606772064;26;True
LOC-000139;PAT-0010;2024-07-09 11:00:00;Jardim Iririú;-26.2673763060088;-48.860995563649766;20;True
LOC-000140;PAT-0057;2024-09-10 06:00:00;Saguaçu;-26.288393927946643;-48.85565396812061;36;False
LOC-000141;PAT-0054;2024-08-22 03:00:00;Saguaçu;-26.291075664589943;-48.84826251123033;14;True
LOC-000142;PAT-0064;2024-04-10 17:00:00;Anita Garibaldi;-26.308743546557096;-48.83498324195529;66;True
LOC-000143;PAT-0041;2024-09-25 15:00:00;Bucarein;-26.295682303305124;-48.84485340045768;9;False
LOC-000144;PAT-0041;2024-05-26 01:00:00;Centro;-26.30641698058234;-48.8520854115596;16;False
LOC-000145;PAT-0026;2024-03-25 23:00:00;Glória;-26.312784938370147;-48.83197779939625;84;True
LOC-000146;PAT-0076;2024-03-12 06:00:00;Iririú;-26.282644754992194;-48.852243792961076;96;False
LOC-000147;PAT-0068;2024-12-17 20:00:00;Bucarein;-26.30114041837389;-48.83748166706169;46;False
LOC-000148;PAT-0010;2024-05-27 21:00:00;Anita Garibaldi;-26.305262888219207;-48.83450799036179;76;True
LOC-000149;PAT-0070;2024-07-13 02:00:00;Bucarein;-26.300865032986888;-48.84056264968896;56;True
LOC-000150;PAT-0070;2024-06-03 09:00:00;América;-26.294963954658318;-48.855790138062005;58;True
LOC-000151;PAT-0080;2024-07-19 12:00:00;Itaum;-26.329452473441098;-48.823402714668354;31;True
LOC-000152;PAT-0006;2024-03-31 15:00:00;Jardim Iririú;-26.262819172001272;-48.86540967023916;80;True
LOC-000153;PAT-0058;2024-08-05 06:00:00;Jardim Iririú;-26.274349651825947;-48.86401127439993;78;False
LOC-000154;PAT-0027;2024-04-21 00:00:00;Paranaguamirim;-26.332911668645668;-48.819401811516386;89;False
LOC-000155;PAT-0060;2024-05-31 21:00:00;América;-26.2862788339011;-48.85068881941774;21;True
LOC-000156;PAT-0066;2024-02-26 02:00:00;Glória;-26.325099995911174;-48.828996979907345;74;False
LOC-000157;PAT-0009;2024-08-22 13:00:00;Iririú;-26.271607872620827;-48.84788084126685;65;True
LOC-000158;PAT-0046;2024-02-19 21:00:00;Itaum;-26.3318406604378;-48.824870869646375;77;False
LOC-000159;PAT-0075;2024-06-01 05:00:00;Glória;-26.32156328515078;-48.82773318863742;72;True
LOC-000160;PAT-0009;2024-11-16 21:00:00;Jardim Iririú;-26.26346735852098;-48.8549238516962;66;False
LOC-000161;PAT-0042;2024-02-22 11:00:00;Glória;-26.312595443072308;-48.82903613657947;25;True
LOC-000162;PAT-0064;2024-04-05 09:00:00;Bucarein;-26.303973506034442;-48.845919941559984;71;False
LOC-000163;PAT-0078;2024-09-18 07:00:00;Jardim Iririú;-26.26926991620994;-48.86379919631968;68;False
LOC-000164;PAT-0008;2024-02-27 19:00:00;Centro;-26.304704934270653;-48.85357195115087;30;False
LOC-000165;PAT-0072;2024-07-22 17:00:00;América;-26.292979010928722;-48.85411289237523;94;False
LOC-000166;PAT-0075;2024-08-03 06:00:00;Saguaçu;-26.28718897402054;-48.84408634113594;14;True
LOC-000167;PAT-0039;2024-07-31 08:00:00;Glória;-26.327163701319016;-48.837239715884685;37;True
LOC-000168;PAT-0048;2024-09-02 00:00:00;Iririú;-26.272031382070995;-48.85949127547992;25;True
LOC-000169;PAT-0066;2024-05-08 12:00:00;Bucarein;-26.29902056932608;-48.83870028002349;44;True
LOC-000170;PAT-0078;2024-06-09 12:00:00;Saguaçu;-26.289883299157697;-48.843477574994836;77;True
LOC-000171;PAT-0050;2024-10-02 18:00:00;América;-26.285943463963168;-48.85171490543901;51;True
LOC-000172;PAT-0022;2024-07-17 18:00:00;América;-26.286159028029573;-48.84783081058434;57;True
LOC-000173;PAT-0052;2024-09-18 15:00:00;Jardim Iririú;-26.26821773395058;-48.86179276530152;27;False
LOC-000174;PAT-0071;2024-01-12 06:00:00;Jardim Iririú;-26.271224789421638;-48.86544138807961;78;True
LOC-000175;PAT-0027;2024-07-12 17:00:00;Itaum;-26.327790516387257;-48.821629608103635;19;True
LOC-000176;PAT-0065;2024-10-13 07:00:00;Itaum;-26.33338956582756;-48.81872051487675;65;False
LOC-000177;PAT-0034;2024-01-02 00:00:00;Itaum;-26.33422387311482;-48.81283114749036;90;False
LOC-000178;PAT-0071;2024-05-22 17:00:00;Iririú;-26.27131176553558;-48.86189998476658;78;True
LOC-000179;PAT-0066;2024-04-22 15:00:00;Centro;-26.311754796164465;-48.84608169449849;55;True
LOC-000180;PAT-0057;2024-12-15 19:00:00;Iririú;-26.281483704463444;-48.85773728354862;44;False
LOC-000181;PAT-0053;2024-11-24 07:00:00;Anita Garibaldi;-26.319891389215623;-48.83486701289157;43;True
LOC-000182;PAT-0027;2024-07-24 23:00:00;Jardim Iririú;-26.273552909016395;-48.867616392841974;19;False
LOC-000183;PAT-0068;2024-04-26 22:00:00;Itaum;-26.336896159860633;-48.822991594324776;59;False
LOC-000184;PAT-0003;2024-02-10 11:00:00;América;-26.283067162115522;-48.84588210963957;6;False
LOC-000185;PAT-0020;2024-10-22 05:00:00;Anita Garibaldi;-26.315379040480735;-48.834136932258325;35;True
LOC-000186;PAT-0003;2024-03-15 22:00:00;Centro;-26.310011711797294;-48.84699068011494;29;True
LOC-000187;PAT-0062;2024-10-31 03:00:00;Saguaçu;-26.289144059872065;-48.85143159885256;28;False
LOC-000188;PAT-0052;2024-12-04 20:00:00;Anita Garibaldi;-26.30502199085536;-48.83823131963534;74;True
LOC-000189;PAT-0011;2024-03-26 15:00:00;Paranaguamirim;-26.33967743643161;-48.81687037706255;76;False
LOC-000190;PAT-0020;2024-01-30 12:00:00;América;-26.293162910459074;-48.84563086864057;69;False
LOC-000191;PAT-0031;2024-06-17 19:00:00;Iririú;-26.269025736673452;-48.847524588691066;5;False
LOC-000192;PAT-0076;2024-04-24 08:00:00;Jardim Iririú;-26.269680155671217;-48.860981513898395;65;False
LOC-000193;PAT-0052;2024-02-02 01:00:00;Paranaguamirim;-26.342639862880677;-48.816706354580035;5;False
LOC-000194;PAT-0014;2024-05-15 01:00:00;Centro;-26.309083479639206;-48.84065518758688;7;True
LOC-000195;PAT-0024;2024-07-12 23:00:00;Itaum;-26.331955250817447;-48.82116951486982;46;False
LOC-000196;PAT-0015;2024-12-17 04:00:00;América;-26.29393305030373;-48.850167709243266;15;False
LOC-000197;PAT-0078;2024-10-23 03:00:00;Saguaçu;-26.28216313665123;-48.85230493336642;94;True
LOC-000198;PAT-0004;2024-02-11 17:00:00;Centro;-26.30776667672527;-48.84230395942754;10;True
LOC-000199;PAT-0043;2024-08-19 05:00:00;Anita Garibaldi;-26.31076480405724;-48.83448818690767;27;True
LOC-000200;PAT-0012;2024-03-06 16:00:00;Anita Garibaldi;-26.31894572535949;-48.83005544719615;72;False
LOC-000201;PAT-0071;2024-03-21 08:00:00;Bucarein;-26.302939373492855;-48.83750827631954;67;True
LOC-000202;PAT-0070;2024-09-02 03:00:00;América;-26.29248151565422;-48.85555992370768;44;True
LOC-000203;PAT-0013;2024-09-22 06:00:00;América;-26.28400881193746;-48.847549831191074;48;True
LOC-000204;PAT-0020;2024-01-11 02:00:00;Itaum;-26.331963968228546;-48.81519912947278;92;False
LOC-000205;PAT-0073;2024-10-01 03:00:00;Jardim Iririú;-26.265374814060802;-48.86246228414748;15;False
LOC-000206;PAT-0070;2024-08-16 22:00:00;Paranaguamirim;-26.343918604441257;-48.82023825419356;24;True
LOC-000207;PAT-0067;2024-10-25 12:00:00;Jardim Iririú;-26.27396746278443;-48.86795788551073;7;True
LOC-000208;PAT-0050;2024-11-29 01:00:00;Centro;-26.31146341439872;-48.84698554155051;23;False
LOC-000209;PAT-0013;2024-09-02 10:00:00;Itaum;-26.333113384023314;-48.82236107629538;92;False
LOC-000210;PAT-0066;2024-12-12 14:00:00;Jardim Iririú;-26.27347742357125;-48.85912144265879;25;False
LOC-000211;PAT-0018;2024-09-26 19:00:00;Itaum;-26.33521583283174;-48.82499134251858;98;True
LOC-000212;PAT-0004;2024-09-23 20:00:00;Bucarein;-26.293827851065807;-48.83624535123734;95;False
LOC-000213;PAT-0063;2024-05-09 18:00:00;Iririú;-26.282746590864882;-48.85887591654995;88;False
LOC-000214;PAT-0001;2024-09-01 09:00:00;Bucarein;-26.297075037988233;-48.84637712631859;5;False
LOC-000215;PAT-0052;2024-10-24 19:00:00;Anita Garibaldi;-26.313928617910506;-48.83530857509625;15;True
LOC-000216;PAT-0050;2024-08-17 19:00:00;Anita Garibaldi;-26.311895200001466;-48.835018383620096;97;False
LOC-000217;PAT-0077;2024-11-03 01:00:00;Bucarein;-26.296994716204566;-48.84655863633944;67;True
LOC-000218;PAT-0005;2024-06-10 05:00:00;Jardim Iririú;-26.270986116888682;-48.863650228372386;51;False
LOC-000219;PAT-0016;2024-03-10 03:00:00;América;-26.294278258237053;-48.85628471617351;43;False
LOC-000220;PAT-0007;2024-09-08 03:00:00;Paranaguamirim;-26.336265570410642;-48.811504637146825;51;True
LOC-000221;PAT-0059;2024-02-26 08:00:00;Iririú;-26.26905956819006;-48.850678575499934;39;True
LOC-000222;PAT-0076;2024-10-06 13:00:00;Saguaçu;-26.289918693880665;-48.84860274404065;13;False
LOC-000223;PAT-0017;2024-06-20 13:00:00;Anita Garibaldi;-26.31843809983144;-48.83157460763704;55;True
LOC-000224;PAT-0029;2024-07-01 16:00:00;América;-26.284635267097727;-48.847225033729;40;True
LOC-000225;PAT-0062;2024-02-18 17:00:00;Anita Garibaldi;-26.314401672581642;-48.84078759155716;72;True
LOC-000226;PAT-0019;2024-11-13 17:00:00;Itaum;-26.329178921749392;-48.812541151602645;68;False
LOC-000227;PAT-0076;2024-12-05 03:00:00;Paranaguamirim;-26.34224730968768;-48.80986348884645;84;False
LOC-000228;PAT-0072;2024-01-05 13:00:00;Glória;-26.325987162618464;-48.834728264620864;22;True
LOC-000229;PAT-0019;2024-02-09 15:00:00;Paranaguamirim;-26.338570693680836;-48.82002135942806;89;False
LOC-000230;PAT-0050;2024-04-18 20:00:00;Iririú;-26.274597746371686;-48.86098942167072;94;True
LOC-000231;PAT-0071;2024-12-16 22:00:00;Itaum;-26.33475210305294;-48.82578594299933;13;True
LOC-000232;PAT-0078;2024-06-09 13:00:00;Bucarein;-26.298770095285562;-48.83802941121554;12;False
LOC-000233;PAT-0030;2024-05-04 03:00:00;Jardim Iririú;-26.263248839935752;-48.86048553188877;39;True
LOC-000234;PAT-0029;2024-07-27 06:00:00;América;-26.289553182350275;-48.84647305323616;56;False
LOC-000235;PAT-0036;2024-02-18 05:00:00;América;-26.29744932276693;-48.847059921690395;58;False
LOC-000236;PAT-0066;2024-11-01 14:00:00;Glória;-26.319231656044334;-48.828326196583916;21;True
LOC-000237;PAT-0056;2024-07-06 11:00:00;Anita Garibaldi;-26.30875618721137;-48.83201813429474;64;True
LOC-000238;PAT-0039;2024-08-17 05:00:00;Saguaçu;-26.28031674550751;-48.855706308409935;45;True
LOC-000239;PAT-0078;2024-07-31 03:00:00;Glória;-26.317934118741853;-48.83301155765112;88;True
LOC-000240;PAT-0059;2024-08-02 19:00:00;Bucarein;-26.303557469367345;-48.83979484513185;99;False
LOC-000241;PAT-0006;2024-06-05 19:00:00;Centro;-26.301037227734557;-48.85405048074422;7;False
LOC-000242;PAT-0032;2024-07-29 06:00:00;Centro;-26.301562530462697;-48.85367236890108;17;True
LOC-000243;PAT-0041;2024-09-06 17:00:00;Centro;-26.31200916987295;-48.840569792280476;50;True
LOC-000244;PAT-0006;2024-09-16 02:00:00;Bucarein;-26.299412037318554;-48.83905560221292;26;True
LOC-000245;PAT-0054;2024-02-15 18:00:00;Jardim Iririú;-26.270672796048604;-48.86375408427008;56;False
LOC-000246;PAT-0063;2024-04-18 16:00:00;Iririú;-26.27228940697194;-48.8519925945581;92;False
LOC-000247;PAT-0042;2024-12-19 22:00:00;Bucarein;-26.302541827003022;-48.83732069329377;92;False
LOC-000248;PAT-0059;2024-10-29 20:00:00;Saguaçu;-26.283546049232413;-48.85109129147024;78;False
LOC-000249;PAT-0066;2024-10-24 18:00:00;Paranaguamirim;-26.33338870461097;-48.82242340196001;62;True
LOC-000250;PAT-0079;2024-01-28 12:00:00;Saguaçu;-26.28023516204466;-48.84107553400499;37;False
LOC-000251;PAT-0053;2024-09-28 05:00:00;Anita Garibaldi;-26.305256676220537;-48.83747712258727;40;True
LOC-000252;PAT-0067;2024-12-23 01:00:00;Bucarein;-26.290343904529074;-48.84829629178744;26;False
LOC-000253;PAT-0029;2024-02-28 06:00:00;América;-26.2988292779679;-48.85113029005771;11;False
LOC-000254;PAT-0025;2024-11-25 00:00:00;Bucarein;-26.296036139577957;-48.83770451526937;34;False
LOC-000255;PAT-0044;2024-09-12 02:00:00;Anita Garibaldi;-26.313394569635857;-48.83945364296612;97;False
LOC-000256;PAT-0046;2024-08-06 15:00:00;Glória;-26.314242328154638;-48.83368815919786;55;True
LOC-000257;PAT-0058;2024-06-27 06:00:00;Itaum;-26.333970964767854;-48.82411656021122;12;True
LOC-000258;PAT-0002;2024-12-15 22:00:00;Iririú;-26.267303528174157;-48.84713323115469;66;False
LOC-000259;PAT-0063;2024-03-28 03:00:00;Saguaçu;-26.2831806724873;-48.85284154026031;73;False
LOC-000260;PAT-0057;2024-07-18 07:00:00;Paranaguamirim;-26.33530340156434;-48.81379167652854;48;False
LOC-000261;PAT-0031;2024-12-19 06:00:00;Itaum;-26.336630407154836;-48.81319576573349;42;True
LOC-000262;PAT-0013;2024-08-03 03:00:00;Itaum;-26.335064673843856;-48.82564965489796;99;True
LOC-000263;PAT-0022;2024-05-03 02:00:00;Saguaçu;-26.280865541231453;-48.84046633283412;74;True
LOC-000264;PAT-0028;2024-08-28 19:00:00;Bucarein;-26.30564821564737;-48.83484036424967;29;False
LOC-000265;PAT-0013;2024-09-26 10:00:00;Anita Garibaldi;-26.3069299522257;-48.82884684820707;30;True
LOC-000266;PAT-0042;2024-05-17 18:00:00;Jardim Iririú;-26.27577681570093;-48.86456709565872;6;False
LOC-000267;PAT-0043;2024-01-19 01:00:00;Paranaguamirim;-26.33748609857502;-48.81285511910382;78;False
LOC-000268;PAT-0044;2024-06-07 22:00:00;Glória;-26.32215849727629;-48.82582573643262;52;True
LOC-000269;PAT-0006;2024-11-04 01:00:00;América;-26.289216082356493;-48.84322355314885;69;True
LOC-000270;PAT-0041;2024-05-04 15:00:00;Jardim Iririú;-26.264863497488175;-48.865113218846695;68;False
LOC-000271;PAT-0057;2024-12-10 05:00:00;Paranaguamirim;-26.34252039649302;-48.81074358560769;23;True
LOC-000272;PAT-0005;2024-11-03 11:00:00;Bucarein;-26.304272600830224;-48.84457918128116;35;False
LOC-000273;PAT-0046;2024-05-31 11:00:00;Jardim Iririú;-26.274885666116027;-48.86518997655091;93;False
LOC-000274;PAT-0017;2024-09-21 10:00:00;Itaum;-26.328577023638996;-48.82125796894058;76;False
LOC-000275;PAT-0012;2024-09-14 07:00:00;Iririú;-26.274669514340253;-48.85029862540562;32;False
LOC-000276;PAT-0068;2024-06-23 22:00:00;Saguaçu;-26.28112478385406;-48.84856240314073;55;True
LOC-000277;PAT-0062;2024-08-03 07:00:00;América;-26.290844231839937;-48.85039963039675;73;True
LOC-000278;PAT-0080;2024-12-14 19:00:00;Iririú;-26.276240867359505;-48.847077449436796;95;True
LOC-000279;PAT-0078;2024-10-27 17:00:00;Bucarein;-26.29963060514822;-48.84361425120708;87;False
LOC-000280;PAT-0029;2024-03-04 04:00:00;Paranaguamirim;-26.347576849558436;-48.81315358792465;6;False
LOC-000281;PAT-0067;2024-09-03 08:00:00;Anita Garibaldi;-26.314631084772856;-48.83715609277416;59;True
LOC-000282;PAT-0036;2024-04-21 19:00:00;Centro;-26.29678367747961;-48.84791542965874;11;True
LOC-000283;PAT-0036;2024-11-19 04:00:00;América;-26.28502311078037;-48.84786974794487;16;True
LOC-000284;PAT-0034;2024-03-15 10:00:00;América;-26.293729950927453;-48.84399380838248;38;True
LOC-000285;PAT-0006;2024-06-24 03:00:00;Glória;-26.318595273518937;-48.82932225679212;47;True
LOC-000286;PAT-0040;2024-08-12 08:00:00;Centro;-26.298843252071432;-48.84190560113682;62;True
LOC-000287;PAT-0048;2024-02-05 19:00:00;Itaum;-26.330939610611996;-48.82657269505893;81;False
LOC-000288;PAT-0066;2024-12-24 23:00:00;Iririú;-26.282712674179997;-48.859621471401084;24;False
LOC-000289;PAT-0069;2024-04-04 10:00:00;Anita Garibaldi;-26.318807832610904;-48.83496589374529;34;True
LOC-000290;PAT-0027;2024-10-12 02:00:00;Itaum;-26.32983371645842;-48.82767981242194;22;True
LOC-000291;PAT-0014;2024-11-18 23:00:00;Itaum;-26.322488969989184;-48.8239543203398;56;True
LOC-000292;PAT-0010;2024-05-10 15:00:00;Glória;-26.3169086473245;-48.8297215793628;67;True
LOC-000293;PAT-0040;2024-08-03 05:00:00;Anita Garibaldi;-26.318865340936984;-48.8427606208279;14;False
LOC-000294;PAT-0009;2024-02-24 22:00:00;Itaum;-26.334970225987327;-48.823767259420386;39;True
LOC-000295;PAT-0040;2024-04-03 22:00:00;Jardim Iririú;-26.263658829708532;-48.85977550688838;99;False
LOC-000296;PAT-0062;2024-04-06 12:00:00;Bucarein;-26.2925369638407;-48.8408296120323;89;True
LOC-000297;PAT-0007;2024-01-20 03:00:00;Iririú;-26.273116886620983;-48.84818797291111;73;True
LOC-000298;PAT-0014;2024-12-22 17:00:00;América;-26.28868922928592;-48.84867447002799;48;True
LOC-000299;PAT-0020;2024-07-21 07:00:00;Anita Garibaldi;-26.319546600793867;-48.83636422715952;69;True
LOC-000300;PAT-0030;2024-10-19 19:00:00;Jardim Iririú;-26.262743515846697;-48.853114381165874;95;False
LOC-000301;PAT-0042;2024-05-13 11:00:00;Anita Garibaldi;-26.30738759666927;-48.830441872265794;17;True
LOC-000302;PAT-0007;2024-05-12 03:00:00;Glória;-26.32385543769435;-48.8347998572622;84;True
LOC-000303;PAT-0026;2024-04-16 23:00:00;Iririú;-26.27166117248055;-48.860906522218414;86;True
LOC-000304;PAT-0052;2024-10-11 08:00:00;Iririú;-26.2795623262972;-48.852187013828114;63;False
LOC-000305;PAT-0069;2024-06-11 07:00:00;Bucarein;-26.305354717423175;-48.84104186935077;5;True
LOC-000306;PAT-0057;2024-02-18 10:00:00;Bucarein;-26.302781815318554;-48.837365222179315;17;False
LOC-000307;PAT-0015;2024-07-18 06:00:00;Jardim Iririú;-26.273141937971932;-48.85617911919874;51;False
LOC-000308;PAT-0042;2024-01-27 19:00:00;Iririú;-26.27759603205224;-48.852996615458274;10;False
LOC-000309;PAT-0051;2024-05-04 00:00:00;Itaum;-26.33130480804519;-48.812217885253936;97;False
LOC-000310;PAT-0069;2024-08-28 19:00:00;Iririú;-26.274863377736036;-48.85446256431823;18;True
LOC-000311;PAT-0078;2024-07-23 16:00:00;Itaum;-26.330371937991867;-48.82619030789597;77;True
LOC-000312;PAT-0010;2024-12-04 23:00:00;Saguaçu;-26.288669206304554;-48.842747622962946;60;True
LOC-000313;PAT-0005;2024-06-21 19:00:00;Jardim Iririú;-26.275533269302816;-48.86397034620247;68;False
LOC-000314;PAT-0075;2024-01-24 20:00:00;Itaum;-26.328318374044205;-48.8155631656297;82;True
LOC-000315;PAT-0057;2024-10-27 13:00:00;Glória;-26.321668082722443;-48.822686286464;66;True
LOC-000316;PAT-0058;2024-12-22 21:00:00;Paranaguamirim;-26.3432212454818;-48.81185127177657;90;True
LOC-000317;PAT-0080;2024-06-05 11:00:00;Jardim Iririú;-26.262128943314714;-48.8584635174248;21;False
LOC-000318;PAT-0058;2024-10-23 17:00:00;Paranaguamirim;-26.33605210707523;-48.815633821189195;8;True
LOC-000319;PAT-0069;2024-08-25 04:00:00;Glória;-26.31427575122604;-48.83216944214407;84;False
LOC-000320;PAT-0007;2024-11-18 08:00:00;Saguaçu;-26.2850802752846;-48.85035192398445;21;True
LOC-000321;PAT-0019;2024-01-17 17:00:00;Itaum;-26.33590509996597;-48.817818036708644;49;False
LOC-000322;PAT-0030;2024-11-08 19:00:00;Anita Garibaldi;-26.30886045702206;-48.830979630128994;14;False
LOC-000323;PAT-0039;2024-03-31 22:00:00;Anita Garibaldi;-26.316702819521005;-48.83214372688825;78;True
LOC-000324;PAT-0035;2024-02-25 14:00:00;Glória;-26.320940325294533;-48.8348254383809;21;False
LOC-000325;PAT-0046;2024-09-04 20:00:00;Saguaçu;-26.291959987376817;-48.848096205117706;10;True
LOC-000326;PAT-0055;2024-04-06 10:00:00;Glória;-26.31479506556123;-48.82533375884507;20;False
LOC-000327;PAT-0066;2024-11-29 02:00:00;Iririú;-26.28098494974324;-48.85538873474897;76;False
LOC-000328;PAT-0038;2024-08-02 12:00:00;América;-26.284550439887212;-48.85041402752423;24;True
LOC-000329;PAT-0034;2024-09-17 02:00:00;Centro;-26.298572310363816;-48.84186182322927;75;False
LOC-000330;PAT-0053;2024-02-04 06:00:00;Glória;-26.320566675768973;-48.827419755099754;97;False
LOC-000331;PAT-0061;2024-04-20 19:00:00;Itaum;-26.326090108731133;-48.821450481265884;97;True
LOC-000332;PAT-0074;2024-08-28 06:00:00;Anita Garibaldi;-26.31008887881891;-48.82867339662089;50;True
LOC-000333;PAT-0038;2024-08-07 14:00:00;Iririú;-26.270150789722596;-48.86039892690138;21;False
LOC-000334;PAT-0004;2024-01-15 15:00:00;Centro;-26.305491118387426;-48.838271736822556;35;False
LOC-000335;PAT-0030;2024-12-20 04:00:00;Itaum;-26.32542706425209;-48.82609835874438;34;False
LOC-000336;PAT-0055;2024-03-02 15:00:00;Saguaçu;-26.28560069092696;-48.85576080046233;95;True
LOC-000337;PAT-0055;2024-12-02 07:00:00;Anita Garibaldi;-26.304944547394516;-48.82875969758162;24;True
LOC-000338;PAT-0039;2024-12-27 09:00:00;Saguaçu;-26.2852180463868;-48.852080743866146;77;True
LOC-000339;PAT-0003;2024-01-06 22:00:00;Itaum;-26.33059809164906;-48.81632480596085;62;False
LOC-000340;PAT-0009;2024-04-02 09:00:00;Iririú;-26.270438850214983;-48.850023754001086;5;True
LOC-000341;PAT-0056;2024-03-08 20:00:00;Itaum;-26.324854756931824;-48.814256217743484;39;True
LOC-000342;PAT-0028;2024-03-28 20:00:00;Paranaguamirim;-26.33912817417086;-48.80713449222937;78;True
LOC-000343;PAT-0018;2024-03-28 23:00:00;Iririú;-26.280123234984078;-48.85829536463935;87;False
LOC-000344;PAT-0079;2024-05-18 03:00:00;América;-26.29151586830468;-48.847636106529166;30;False
LOC-000345;PAT-0041;2024-12-18 19:00:00;Anita Garibaldi;-26.304510839953448;-48.84115360226751;66;True
LOC-000346;PAT-0062;2024-09-25 23:00:00;Centro;-26.300352220911375;-48.847691051338295;79;True
LOC-000347;PAT-0028;2024-04-27 01:00:00;Itaum;-26.32502139833793;-48.814432452907;48;False
LOC-000348;PAT-0064;2024-07-29 21:00:00;Anita Garibaldi;-26.319474792018895;-48.837117471263056;69;True
LOC-000349;PAT-0065;2024-05-05 05:00:00;Jardim Iririú;-26.268514248597853;-48.85854247391143;25;True
LOC-000350;PAT-0027;2024-04-30 13:00:00;Itaum;-26.327654061861477;-48.81993962490041;80;True
LOC-000351;PAT-0016;2024-06-09 09:00:00;Jardim Iririú;-26.262719477061953;-48.85766477550221;18;True
LOC-000352;PAT-0046;2024-01-08 03:00:00;Anita Garibaldi;-26.319211621542678;-48.8274336897698;48;True
LOC-000353;PAT-0075;2024-10-05 03:00:00;Saguaçu;-26.27936097782973;-48.855108231575976;73;False
LOC-000354;PAT-0064;2024-11-28 09:00:00;Bucarein;-26.29722558501213;-48.84081661571997;85;True
LOC-000355;PAT-0047;2024-05-28 08:00:00;Iririú;-26.279842976470782;-48.849191539531994;52;False
LOC-000356;PAT-0058;2024-03-27 09:00:00;Centro;-26.307323916536806;-48.84649787661203;46;True
LOC-000357;PAT-0021;2024-10-10 08:00:00;Saguaçu;-26.288489127171975;-48.85474356502493;20;True
LOC-000358;PAT-0077;2024-03-20 21:00:00;Jardim Iririú;-26.267506255451384;-48.85903137036133;14;True
LOC-000359;PAT-0019;2024-12-08 00:00:00;Saguaçu;-26.29217302912142;-48.85068681774682;59;False
LOC-000360;PAT-0057;2024-03-21 22:00:00;Bucarein;-26.303463421464;-48.847520931434595;32;True
LOC-000361;PAT-0030;2024-05-23 07:00:00;Glória;-26.314996911305986;-48.824415447787466;82;True
LOC-000362;PAT-0014;2024-07-07 00:00:00;Glória;-26.32587833614805;-48.82965440779214;87;True
LOC-000363;PAT-0066;2024-12-23 19:00:00;Anita Garibaldi;-26.31626565968867;-48.82806757740194;61;True
LOC-000364;PAT-0051;2024-06-06 14:00:00;América;-26.291746070310335;-48.84610373592635;15;True
LOC-000365;PAT-0072;2024-07-29 11:00:00;Anita Garibaldi;-26.31172606579019;-48.83191245129962;41;False
LOC-000366;PAT-0027;2024-12-25 02:00:00;Saguaçu;-26.280782232326175;-48.855919591946154;81;True
LOC-000367;PAT-0005;2024-03-01 21:00:00;América;-26.291842681173343;-48.852154824693784;26;False
LOC-000368;PAT-0018;2024-09-20 13:00:00;Glória;-26.31536216606343;-48.834840219493564;7;True
LOC-000369;PAT-0073;2024-12-02 02:00:00;Itaum;-26.32810645908727;-48.81342723342322;64;False
LOC-000370;PAT-0012;2024-06-21 13:00:00;Iririú;-26.281190404169216;-48.860206656245175;47;False
LOC-000371;PAT-0043;2024-05-20 00:00:00;Centro;-26.309898696985716;-48.84962303917345;63;True
LOC-000372;PAT-0072;2024-11-09 18:00:00;Anita Garibaldi;-26.313007460392804;-48.834730611716246;43;True
LOC-000373;PAT-0048;2024-05-25 03:00:00;Anita Garibaldi;-26.313649769710576;-48.83878618209603;94;False
LOC-000374;PAT-0039;2024-06-07 15:00:00;Bucarein;-26.2941032916858;-48.84664216516353;19;True
LOC-000375;PAT-0021;2024-06-28 06:00:00;Glória;-26.318708205763244;-48.82841441079835;44;True
LOC-000376;PAT-0030;2024-11-13 17:00:00;Jardim Iririú;-26.269789870703963;-48.86657712763592;28;True
LOC-000377;PAT-0030;2024-11-13 22:00:00;Jardim Iririú;-26.273267835464793;-48.86706931586046;43;False
LOC-000378;PAT-0023;2024-02-03 06:00:00;Paranaguamirim;-26.34437060636279;-48.81704407527702;76;False
LOC-000379;PAT-0039;2024-08-27 01:00:00;Centro;-26.303191983704497;-48.842669368727876;64;True
LOC-000380;PAT-0012;2024-06-12 09:00:00;Glória;-26.321224979121602;-48.829123091867615;35;True
LOC-000381;PAT-0049;2024-11-21 04:00:00;Iririú;-26.27476115985823;-48.85623397650453;79;False
LOC-000382;PAT-0048;2024-06-02 10:00:00;Jardim Iririú;-26.273269161035167;-48.85894797497241;57;False
LOC-000383;PAT-0009;2024-02-17 21:00:00;Saguaçu;-26.282393499962488;-48.850152776245544;25;False
LOC-000384;PAT-0071;2024-11-20 19:00:00;Jardim Iririú;-26.262359380146304;-48.85302165863308;54;False
LOC-000385;PAT-0045;2024-01-29 16:00:00;Anita Garibaldi;-26.315872967891412;-48.842121521745426;21;False
LOC-000386;PAT-0033;2024-04-01 12:00:00;Iririú;-26.27513577238669;-48.85222573633552;49;True
LOC-000387;PAT-0069;2024-02-08 21:00:00;América;-26.283391562735666;-48.84473947736276;81;True
LOC-000388;PAT-0032;2024-02-06 00:00:00;Paranaguamirim;-26.34266813215119;-48.81013784466023;15;True
LOC-000389;PAT-0075;2024-11-25 06:00:00;Glória;-26.31847925848122;-48.83505534344285;71;True
LOC-000390;PAT-0056;2024-06-11 12:00:00;Centro;-26.310956868796797;-48.84946517841632;74;False
LOC-000391;PAT-0050;2024-06-12 19:00:00;Jardim Iririú;-26.26630375996033;-48.85652723298069;35;False
LOC-000392;PAT-0004;2024-05-16 05:00:00;Centro;-26.310965891627127;-48.85285167105311;93;False
LOC-000393;PAT-0060;2024-10-22 18:00:00;Bucarein;-26.290652233034816;-48.837010212802674;13;False
LOC-000394;PAT-0027;2024-03-30 01:00:00;Bucarein;-26.29454939756684;-48.838497488886325;27;True
LOC-000395;PAT-0039;2024-11-20 05:00:00;Saguaçu;-26.28038944338983;-48.844326293612234;43;True
LOC-000396;PAT-0038;2024-05-03 15:00:00;Paranaguamirim;-26.336734330227653;-48.82139613807572;88;False
LOC-000397;PAT-0050;2024-07-14 22:00:00;Anita Garibaldi;-26.31056433542278;-48.83151583128294;78;True
LOC-000398;PAT-0061;2024-07-14 13:00:00;América;-26.29180139550263;-48.848122909996476;65;False
LOC-000399;PAT-0033;2024-10-25 21:00:00;Glória;-26.314266025923825;-48.82470524014685;98;False
LOC-000400;PAT-0050;2024-08-04 19:00:00;Jardim Iririú;-26.260690629319313;-48.867334464699894;62;False
LOC-000401;PAT-0023;2024-03-29 05:00:00;Paranaguamirim;-26.340015421233534;-48.822630229304515;-1;False
LOC-000402;PAT-0016;2024-10-18 11:00:00;Anita Garibaldi;-26.305095439213517;-48.837031886401945;87;True
LOC-000403;PAT-0045;2024-04-29 07:00:00;Bucarein;-26.296666673440182;-48.847619387458415;60;True
LOC-000404;PAT-0074;2024-10-02 12:00:00;Bucarein;-26.297385853009654;-48.84106584835887;95;False
LOC-000405;PAT-0046;2024-02-17 18:00:00;Jardim Iririú;-26.268728276272714;-48.85332241757589;64;False
LOC-000406;PAT-0070;2024-05-08 02:00:00;Anita Garibaldi;-26.31665139581552;-48.83673632431466;66;False
LOC-000407;PAT-0037;2024-02-03 20:00:00;Centro;-26.312340485426912;-48.84068079396364;26;True
LOC-000408;PAT-0011;2024-10-04 06:00:00;Saguaçu;-26.289135900370304;-48.85599614600771;38;True
LOC-000409;PAT-0063;2024-11-07 21:00:00;Glória;-26.319844429254342;-48.83530376570465;43;False
LOC-000410;PAT-0035;2024-01-09 19:00:00;Iririú;-26.276920640763844;-48.86251322336553;29;True
LOC-000411;PAT-0079;2024-04-28 09:00:00;América;-26.291824236351957;-48.853749645111755;86;False
LOC-000412;PAT-0015;2024-03-05 08:00:00;Itaum;-26.322309628486973;-48.813468966468854;44;False
LOC-000413;PAT-0055;2024-11-30 20:00:00;Jardim Iririú;-26.270395642069293;-48.866448766022415;30;False
LOC-000414;PAT-0009;2024-03-17 09:00:00;Itaum;-26.330765072970237;-48.8182974435721;85;True
LOC-000415;PAT-0057;2024-01-02 12:00:00;Jardim Iririú;-26.273863751178357;-48.86077606497409;48;False
LOC-000416;PAT-0001;2024-08-05 21:00:00;Centro;-26.311632676281008;-48.83918450860215;43;True
LOC-000417;PAT-0044;2024-03-31 16:00:00;Itaum;-26.32559344776652;-48.82603969371941;84;True
LOC-000418;PAT-0002;2024-04-06 08:00:00;Bucarein;-26.296869069198845;-48.846607554391966;64;True
LOC-000419;PAT-0021;2024-07-28 06:00:00;Itaum;-26.325828723103296;-48.827527328502214;71;False
LOC-000420;PAT-0022;2024-04-13 09:00:00;Bucarein;-26.303602195217813;-48.843057036005895;68;True
LOC-000421;PAT-0010;2024-12-11 16:00:00;Anita Garibaldi;-26.310850739661078;-48.838554673606964;26;True
LOC-000422;PAT-0066;2024-10-02 19:00:00;Paranaguamirim;-26.343941720410537;-48.809081505057755;82;False
LOC-000423;PAT-0013;2024-04-27 07:00:00;Itaum;-26.3343510109296;-48.818320946988834;53;True
LOC-000424;PAT-0052;2024-05-11 06:00:00;Bucarein;-26.30581558377515;-48.84017454819239;51;False
LOC-000425;PAT-0073;2024-08-29 11:00:00;Centro;-26.310314548422895;-48.8456894288499;65;True
LOC-000426;PAT-0071;2024-02-22 23:00:00;América;-26.294051710216007;-48.85753039460433;19;False
LOC-000427;PAT-0010;2024-09-26 12:00:00;América;-26.297129939830544;-48.85187970106039;48;False
LOC-000428;PAT-0037;2024-08-11 19:00:00;Anita Garibaldi;-26.304226264953424;-48.82700791696467;56;True
LOC-000429;PAT-0013;2024-05-10 23:00:00;Anita Garibaldi;-26.315061877623616;-48.829636331346464;96;True
LOC-000430;PAT-0030;2024-01-20 16:00:00;Centro;-26.310314816852763;-48.83990465513333;44;True
LOC-000431;PAT-0039;2024-08-10 11:00:00;Centro;-26.309214682994753;-48.84102837825206;33;False
LOC-000432;PAT-0036;2024-05-27 05:00:00;Paranaguamirim;-26.338596748346536;-48.8213513329051;71;True
LOC-000433;PAT-0062;2024-05-25 07:00:00;Glória;-26.326975303618163;-48.83436082793496;91;False
LOC-000434;PAT-0050;2024-10-14 05:00:00;Paranaguamirim;-26.33420105391774;-48.822950053578296;87;False
LOC-000435;PAT-0008;2024-07-15 19:00:00;Glória;-26.312616005132206;-48.83314383800195;10;True
LOC-000436;PAT-0076;2024-03-09 17:00:00;Anita Garibaldi;-26.316052041269323;-48.84126228156246;25;True
LOC-000437;PAT-0033;2024-06-17 10:00:00;Itaum;-26.330798475702544;-48.820435306475176;83;True
LOC-000438;PAT-0072;2024-01-11 14:00:00;Glória;-26.32764584878353;-48.82716596018282;78;True
LOC-000439;PAT-0027;2024-05-17 06:00:00;Paranaguamirim;-26.337748636404363;-48.80900791527939;11;True
LOC-000440;PAT-0063;2024-06-23 00:00:00;Bucarein;-26.299377183071158;-48.83801252535854;33;False
LOC-000441;PAT-0058;2024-10-22 11:00:00;Bucarein;-26.301679064542373;-48.83498263046754;39;True
LOC-000442;PAT-0037;2024-03-24 17:00:00;Bucarein;-26.302690606230133;-48.8491376273537;73;False
LOC-000443;PAT-0004;2024-11-20 16:00:00;Itaum;-26.32753563075746;-48.827805122633336;87;False
LOC-000444;PAT-0017;2024-11-14 11:00:00;Jardim Iririú;-26.269340527503484;-48.85741859017862;7;False
LOC-000445;PAT-0076;2024-11-07 08:00:00;Saguaçu;-26.29012545137552;-48.851370361436445;87;True
LOC-000446;PAT-0017;2024-09-02 20:00:00;Itaum;-26.32697425469621;-48.82394398374231;42;False
LOC-000447;PAT-0069;2024-01-05 07:00:00;Centro;-26.303358843471415;-48.8489058065969;21;False
LOC-000448;PAT-0052;2024-10-18 13:00:00;Paranaguamirim;-26.334261247121127;-48.81868326307372;42;True
LOC-000449;PAT-0037;2024-11-05 13:00:00;Anita Garibaldi;-26.318120385617977;-48.83481701749918;65;False
LOC-000450;PAT-0031;2024-05-25 10:00:00;Paranaguamirim;-26.33542933436889;-48.81595762484441;79;False
LOC-000451;PAT-0026;2024-04-17 10:00:00;Saguaçu;-26.282223731410923;-48.847801143177975;58;False
LOC-000452;PAT-0004;2024-11-03 03:00:00;Itaum;-26.33615982501075;-48.81723658221599;11;True
LOC-000453;PAT-0020;2024-08-28 12:00:00;Jardim Iririú;-26.264882868322054;-48.861805911856464;85;False
LOC-000454;PAT-0055;2024-06-17 01:00:00;América;-26.291935243377925;-48.85497907700572;8;True
LOC-000455;PAT-0045;2024-05-12 14:00:00;Bucarein;-26.290880243431104;-48.84734079141106;97;False
LOC-000456;PAT-0004;2024-03-04 17:00:00;Itaum;-26.33573421839011;-48.82240841408748;11;True
LOC-000457;PAT-0074;2024-09-24 06:00:00;Centro;-26.30211466574695;-48.842331096396066;77;True
LOC-000458;PAT-0075;2024-01-03 01:00:00;Iririú;-26.27688831927259;-48.850892721438214;41;True
LOC-000459;PAT-0050;2024-10-30 18:00:00;Glória;-26.312690965270548;-48.82732951381305;6;True
LOC-000460;PAT-0024;2024-06-23 08:00:00;Saguaçu;-26.287720401675355;-48.85225554919509;81;False
LOC-000461;PAT-0015;2024-03-10 17:00:00;Glória;-26.312605025448132;-48.82859062006632;13;True
LOC-000462;PAT-0072;2024-09-17 14:00:00;Itaum;-26.323576226382386;-48.81886896541477;58;False
LOC-000463;PAT-0025;2024-04-18 08:00:00;Saguaçu;-26.28867386823503;-48.84825174083024;94;False
LOC-000464;PAT-0054;2024-05-25 23:00:00;Anita Garibaldi;-26.307143331570778;-48.83420033621786;50;False
LOC-000465;PAT-0049;2024-11-08 20:00:00;Centro;-26.296470332771143;-48.84633134987802;66;True
LOC-000466;PAT-0058;2024-07-24 21:00:00;Paranaguamirim;-26.343957391965258;-48.81395269814281;34;False
LOC-000467;PAT-0059;2024-07-12 16:00:00;Iririú;-26.276011565290826;-48.85155190472606;66;False
LOC-000468;PAT-0016;2024-08-10 13:00:00;Itaum;-26.32967710821493;-48.82624594888954;58;True
LOC-000469;PAT-0077;2024-08-18 18:00:00;Glória;-26.32328110182714;-48.826005987965615;21;False
LOC-000470;PAT-0049;2024-10-02 19:00:00;Saguaçu;-26.292755762565665;-48.85382582159796;41;True
LOC-000471;PAT-0054;2024-10-23 08:00:00;Centro;-26.30887793209284;-48.85313395202544;26;True
LOC-000472;PAT-0053;2024-08-21 00:00:00;América;-26.294489009850533;-48.843382725020454;56;True
LOC-000473;PAT-0056;2024-07-28 22:00:00;Bucarein;-26.298902404778907;-48.83468813169807;53;False
LOC-000474;PAT-0010;2024-02-24 14:00:00;Anita Garibaldi;-26.317262360345385;-48.842033015280954;93;False
LOC-000475;PAT-0001;2024-12-24 20:00:00;Glória;-26.314027930292934;-48.8309079449364;93;True
LOC-000476;PAT-0018;2024-01-12 13:00:00;Saguaçu;-26.2817214218763;-48.8530200809872;22;True
LOC-000477;PAT-0041;2024-10-26 01:00:00;Iririú;-26.281636792359045;-48.855234481645844;21;True
LOC-000478;PAT-0051;2024-02-13 08:00:00;América;-26.28859852078176;-48.845717164112;51;False
LOC-000479;PAT-0031;2024-11-14 14:00:00;Saguaçu;-26.28254149637751;-48.840790211604116;38;False
LOC-000480;PAT-0036;2024-02-12 02:00:00;Bucarein;-26.2907004612217;-48.839851957544774;81;True
LOC-000481;PAT-0023;2024-01-14 06:00:00;Iririú;-26.2829516660583;-48.85733750932461;24;False
LOC-000482;PAT-0005;2024-09-25 08:00:00;Centro;-26.30843308080311;-48.84454679094969;9;True
LOC-000483;PAT-0018;2024-08-17 03:00:00;Centro;-26.297555336329996;-48.84920797910227;33;False
LOC-000484;PAT-0017;2024-06-21 12:00:00;América;-26.284085857353627;-48.84444282174669;57;True
LOC-000485;PAT-0018;2024-09-02 11:00:00;América;-26.28747061729007;-48.8450735925903;81;False
LOC-000486;PAT-0029;2024-08-02 13:00:00;Iririú;-26.27074778686324;-48.854068291995524;34;True
LOC-000487;PAT-0035;2024-06-15 00:00:00;Glória;-26.326536272673128;-48.83280321735391;11;True
LOC-000488;PAT-0079;2024-11-30 10:00:00;Itaum;-26.329777986643546;-48.823305765190675;81;True
LOC-000489;PAT-0076;2024-02-09 17:00:00;América;-26.295294672139377;-48.85846531208472;15;False
LOC-000490;PAT-0070;2024-09-15 13:00:00;Jardim Iririú;-26.273100511302182;-48.85494686638359;96;False
LOC-000491;PAT-0006;2024-01-11 21:00:00;Iririú;-26.270035147214024;-48.85579386859137;39;False
LOC-000492;PAT-0010;2024-02-19 12:00:00;Paranaguamirim;-26.34583938981311;-48.817797873145594;85;False
LOC-000493;PAT-0027;2024-09-08 21:00:00;Centro;-26.30490157380806;-48.846662234320036;12;True
LOC-000494;PAT-0057;2024-05-29 08:00:00;Paranaguamirim;-26.332982748166625;-48.809900192152725;17;True
LOC-000495;PAT-0055;2024-10-15 23:00:00;Centro;-26.309426687110957;-48.85220617267668;91;False
LOC-000496;PAT-0071;2024-12-15 05:00:00;Bucarein;-26.290352105220187;-48.83627750418813;47;False
LOC-000497;PAT-0029;2024-04-14 09:00:00;Paranaguamirim;-26.332091392227824;-48.808639858638266;23;False
LOC-000498;PAT-0054;2024-12-21 06:00:00;Paranaguamirim;-26.33911012552508;-48.807852673359456;64;False
LOC-000499;PAT-0063;2024-07-07 19:00:00;Saguaçu;-26.290277716157167;-48.849640192121235;35;False
LOC-000500;PAT-0046;2024-11-23 13:00:00;Centro;-26.307342321792948;-48.8507257535354;18;False
LOC-000501;PAT-0080;2024-10-21 16:00:00;Glória;-26.321208114677177;-48.83202174690453;95;False
LOC-000502;PAT-0003;2024-06-16 00:00:00;Glória;-26.32305081241027;-48.832673406460295;19;True
LOC-000503;PAT-0013;2024-05-22 10:00:00;América;-26.294509830721974;-48.856181537399955;63;True
LOC-000504;PAT-0061;2024-01-09 20:00:00;Centro;-26.29684432465254;-48.84448373327838;28;True
LOC-000505;PAT-0058;2024-06-20 13:00:00;Glória;-26.32554616276135;-48.83037401343186;28;False
LOC-000506;PAT-0079;2024-07-28 22:00:00;Centro;-26.300666753460533;-48.84034878412282;55;True
LOC-000507;PAT-0010;2024-10-22 07:00:00;Glória;-26.327993435368974;-48.83748624671229;44;True
LOC-000508;PAT-0042;2024-09-05 10:00:00;Bucarein;-26.29646107728956;-48.839698113159116;13;False
LOC-000509;PAT-0020;2024-06-08 01:00:00;América;-26.284344911936735;-48.846792817943815;38;False
LOC-000510;PAT-0039;2024-03-10 22:00:00;Iririú;-26.278393054494508;-48.850848214892984;67;False
LOC-000511;PAT-0036;2024-05-15 05:00:00;Itaum;-26.335031584395875;-48.813822816526475;47;False
LOC-000512;PAT-0052;2024-10-14 13:00:00;Itaum;-26.327573123281944;-48.81633546011473;58;True
LOC-000513;PAT-0016;2024-02-06 15:00:00;Paranaguamirim;-26.336598377483227;-48.808155039013634;78;False
LOC-000514;PAT-0036;2024-12-25 17:00:00;Iririú;-26.27199151169677;-48.857677494402864;6;False
LOC-000515;PAT-0038;2024-10-27 05:00:00;América;-26.29389092991966;-48.850948649331976;6;False
LOC-000516;PAT-0004;2024-06-18 14:00:00;Bucarein;-26.30196476156545;-48.84977472538747;86;True
LOC-000517;PAT-0079;2024-03-04 09:00:00;Iririú;-26.267705299200607;-48.86288867860314;13;True
LOC-000518;PAT-0022;2024-01-18 04:00:00;Bucarein;-26.291227207867678;-48.846157974072774;71;False
LOC-000519;PAT-0028;2024-06-18 01:00:00;Paranaguamirim;-26.340682934241716;-48.821387084845774;39;True
LOC-000520;PAT-0032;2024-12-15 07:00:00;América;-26.28546089814153;-48.854836618113026;21;False
LOC-000521;PAT-0045;2024-10-02 10:00:00;Glória;-26.320762824357853;-48.83516730728754;83;False
LOC-000522;PAT-0009;2024-12-27 15:00:00;Paranaguamirim;-26.34120977571084;-48.82254367960258;33;True
LOC-000523;PAT-0059;2024-08-07 23:00:00;Bucarein;-26.30349179283841;-48.8354511336575;32;True
LOC-000524;PAT-0039;2024-03-29 12:00:00;Jardim Iririú;-26.269177503096127;-48.867868429897776;47;False
LOC-000525;PAT-0051;2024-06-03 16:00:00;Glória;-26.319401328982405;-48.8262226856906;83;True
LOC-000526;PAT-0047;2024-02-06 20:00:00;Jardim Iririú;-26.27563993076114;-48.86556563380929;72;True
LOC-000527;PAT-0056;2024-07-29 07:00:00;Iririú;-26.275894191917192;-48.848404326048005;99;True
LOC-000528;PAT-0040;2024-09-21 20:00:00;Iririú;-26.270498300505675;-48.84871526496656;39;True
LOC-000529;PAT-0018;2024-05-27 18:00:00;Paranaguamirim;-26.33711926309801;-48.81253758165809;62;True
LOC-000530;PAT-0049;2024-05-05 23:00:00;Centro;-26.30223748817818;-48.843444253603195;44;False
LOC-000531;PAT-0007;2024-07-27 17:00:00;Bucarein;-26.291447113145004;-48.84991457372848;25;False
LOC-000532;PAT-0015;2024-01-27 21:00:00;Centro;-26.3121114878428;-48.838442054942185;25;True
LOC-000533;PAT-0071;2024-07-16 06:00:00;Saguaçu;-26.284087238620923;-48.84195467834279;78;True
LOC-000534;PAT-0050;2024-06-14 16:00:00;Centro;-26.299802418425447;-48.83987830038832;73;True
LOC-000535;PAT-0032;2024-06-28 07:00:00;América;-26.29033863387678;-48.84845208740718;86;False
LOC-000536;PAT-0063;2024-01-10 23:00:00;Itaum;-26.33281767115871;-48.822483409141526;36;False
LOC-000537;PAT-0017;2024-02-13 00:00:00;Paranaguamirim;-26.345819990958528;-48.80870162161455;87;False
LOC-000538;PAT-0049;2024-02-10 04:00:00;Iririú;-26.26879899085094;-48.85833572914958;46;True
LOC-000539;PAT-0028;2024-08-12 17:00:00;Itaum;-26.330467801721795;-48.818996615306524;83;True
LOC-000540;PAT-0009;2024-10-22 12:00:00;Glória;-26.31395015684823;-48.836404304442496;58;True
LOC-000541;PAT-0073;2024-11-03 10:00:00;Jardim Iririú;-26.26662636604107;-48.85324870991788;92;True
LOC-000542;PAT-0075;2024-02-13 19:00:00;América;-26.28821292613416;-48.85674767267566;58;False
LOC-000543;PAT-0046;2024-11-28 06:00:00;Jardim Iririú;-26.263131821529946;-48.86440165110831;93;False
LOC-000544;PAT-0049;2024-01-01 09:00:00;Jardim Iririú;-26.2654535112864;-48.85906985346995;66;False
LOC-000545;PAT-0079;2024-11-25 16:00:00;Paranaguamirim;-26.34163112254914;-48.81077451199659;66;True
LOC-000546;PAT-0043;2024-07-07 04:00:00;Glória;-26.31978186585714;-48.82809037910502;15;True
LOC-000547;PAT-0046;2024-12-28 15:00:00;Centro;-26.299551271605186;-48.8504858573952;50;True
LOC-000548;PAT-0075;2024-08-23 11:00:00;América;-26.293021595258033;-48.85898491131956;36;False
LOC-000549;PAT-0021;2024-09-25 12:00:00;Saguaçu;-26.286790056691704;-48.84388559071508;81;True
LOC-000550;PAT-0024;2024-08-31 01:00:00;Centro;-26.31086895814307;-48.83843668278543;7;False
LOC-000551;PAT-0063;2024-04-20 12:00:00;Anita Garibaldi;-26.305366649036454;-48.8300413900751;26;True
LOC-000552;PAT-0057;2024-06-16 13:00:00;Jardim Iririú;-26.274543418960874;-48.860636694109495;26;False
LOC-000553;PAT-0049;2024-03-16 01:00:00;América;-26.288628653160824;-48.84453972381761;60;False
LOC-000554;PAT-0034;2024-04-09 23:00:00;Itaum;-26.331388888339152;-48.821442437230104;25;True
LOC-000555;PAT-0012;2024-08-04 06:00:00;Saguaçu;-26.286510089755915;-48.8476010546521;99;True
LOC-000556;PAT-0039;2024-05-09 09:00:00;Paranaguamirim;-26.33712717061484;-48.815365923721664;43;True
LOC-000557;PAT-0078;2024-12-14 09:00:00;Paranaguamirim;-26.34692650027792;-48.81583801803735;64;False
LOC-000558;PAT-0006;2024-04-18 20:00:00;Bucarein;-26.296500707472774;-48.837596947691296;98;False
LOC-000559;PAT-0004;2024-10-31 08:00:00;Jardim Iririú;-26.263647491424443;-48.85957169748369;35;True
LOC-000560;PAT-0028;2024-07-25 16:00:00;América;-26.285748595873816;-48.85393252604759;56;False
LOC-000561;PAT-0071;2024-11-02 12:00:00;Itaum;-26.335271513769698;-48.823869469317465;46;False
LOC-000562;PAT-0042;2024-05-05 07:00:00;América;-26.28464129519875;-48.85839604292852;6;True
LOC-000563;PAT-0001;2024-02-23 17:00:00;América;-26.288501662530443;-48.84966887740987;10;False
LOC-000564;PAT-0023;2024-02-06 21:00:00;Iririú;-26.268890323186866;-48.85932061735358;97;True
LOC-000565;PAT-0043;2024-03-18 06:00:00;Paranaguamirim;-26.340235508526238;-48.82062985724774;30;False
LOC-000566;PAT-0044;2024-04-23 11:00:00;Itaum;-26.329327466478443;-48.81753872057876;23;False
LOC-000567;PAT-0009;2024-08-13 21:00:00;Itaum;-26.32329538756754;-48.81710065187485;82;True
LOC-000568;PAT-0027;2024-08-03 02:00:00;Paranaguamirim;-26.333601447306325;-48.81096552172387;77;True
LOC-000569;PAT-0035;2024-09-01 22:00:00;Itaum;-26.330829426026096;-48.81994276965858;7;True
LOC-000570;PAT-0037;2024-01-25 14:00:00;América;-26.29460939789383;-48.844695126316736;78;True
LOC-000571;PAT-0033;2024-04-22 03:00:00;América;-26.292709273046974;-48.84401851594563;9;False
LOC-000572;PAT-0071;2024-08-16 09:00:00;Saguaçu;-26.286795770743524;-48.84308206496332;95;True
LOC-000573;PAT-0052;2024-05-23 11:00:00;Saguaçu;-26.288410130000276;-48.84583050428787;86;False
LOC-000574;PAT-0062;2024-08-24 14:00:00;Jardim Iririú;-26.271702726330673;-48.86314046474254;12;False
LOC-000575;PAT-0019;2024-08-07 05:00:00;Itaum;-26.324222993016324;-48.812272881254074;60;False
LOC-000576;PAT-0024;2024-12-11 13:00:00;Jardim Iririú;-26.274882209269045;-48.863613821324925;43;False
LOC-000577;PAT-0069;2024-03-10 12:00:00;Iririú;-26.272158221086404;-48.85975748924815;63;False
LOC-000578;PAT-0069;2024-05-05 12:00:00;Saguaçu;-26.290234879176698;-48.848925534179415;57;False
LOC-000579;PAT-0030;2024-08-15 17:00:00;Paranaguamirim;-26.342487905705696;-48.8220905508686;13;False
LOC-000580;PAT-0074;2024-06-09 22:00:00;Bucarein;-26.30501531145384;-48.83434408856525;87;False
LOC-000581;PAT-0001;2024-01-22 16:00:00;Bucarein;-26.30168042181031;-48.840585063097336;44;False
LOC-000582;PAT-0039;2024-11-10 17:00:00;Anita Garibaldi;-26.307705262862125;-48.83408876653338;43;True
LOC-000583;PAT-0061;2024-11-05 15:00:00;Itaum;-26.323839754807242;-48.817507259521605;23;True
LOC-000584;PAT-0031;2024-09-10 08:00:00;América;-26.29545556556956;-48.851047621635566;62;False
LOC-000585;PAT-0030;2024-09-10 11:00:00;Jardim Iririú;-26.268583234571857;-48.86748698372649;69;False
LOC-000586;PAT-0009;2024-11-09 08:00:00;Centro;-26.304874815233006;-48.844403019378554;67;True
LOC-000587;PAT-0033;2024-12-16 09:00:00;Iririú;-26.269022795107844;-48.851541217968695;36;False
LOC-000588;PAT-0047;2024-11-28 07:00:00;Centro;-26.300195215153988;-48.84753201503002;99;True
LOC-000589;PAT-0036;2024-05-26 16:00:00;Iririú;-26.27479076450611;-48.85088327084686;95;False
LOC-000590;PAT-0049;2024-12-30 10:00:00;Paranaguamirim;-26.337268044792452;-48.81936797921058;46;False
LOC-000591;PAT-0011;2024-03-11 18:00:00;Bucarein;-26.29244231913745;-48.84645957454294;45;False
LOC-000592;PAT-0048;2024-06-30 06:00:00;Iririú;-26.28284737673559;-48.860417328196995;38;True
LOC-000593;PAT-0062;2024-08-16 23:00:00;Bucarein;-26.299553759503198;-48.844048083843376;89;False
LOC-000594;PAT-0038;2024-08-23 08:00:00;Glória;-26.313484109323568;-48.82444780743377;11;False
LOC-000595;PAT-0075;2024-01-15 07:00:00;Iririú;-26.271154991506496;-48.849753407005615;96;False
LOC-000596;PAT-0026;2024-08-31 12:00:00;Paranaguamirim;-26.339314538010655;-48.81687481267258;41;True
LOC-000597;PAT-0020;2024-08-26 13:00:00;América;-26.29052568756744;-48.84957410022432;27;False
LOC-000598;PAT-0046;2024-10-12 15:00:00;Saguaçu;-26.287435678438328;-48.8444669389364;87;True
LOC-000599;PAT-0012;2024-05-24 00:00:00;Iririú;-26.274671671461736;-48.85914069160595;36;False
LOC-000600;PAT-0015;2024-05-15 04:00:00;Itaum;-26.327513868808584;-48.825309742625684;20;True
LOC-000601;PAT-0034;2024-01-12 15:00:00;Iririú;-26.27630619138514;-48.8474464641086;56;False
LOC-000602;PAT-0076;2024-08-03 14:00:00;Jardim Iririú;-26.264573549657726;-48.858119082988644;84;True
LOC-000603;PAT-0059;2024-06-30 02:00:00;Anita Garibaldi;-26.306220284363835;-48.827297348450664;68;False
LOC-000604;PAT-0068;2024-06-06 19:00:00;Paranaguamirim;-26.345525042429042;-48.81759590420588;81;True
LOC-000605;PAT-0067;2024-08-15 11:00:00;Iririú;-26.27577524763492;-48.85175149280041;23;False
LOC-000606;PAT-0060;2024-04-12 09:00:00;Bucarein;-26.299471678539437;-48.846438341815336;97;False
LOC-000607;PAT-0076;2024-02-15 02:00:00;Iririú;-26.272000563135204;-48.85882079725961;95;False
LOC-000608;PAT-0041;2024-06-11 15:00:00;Bucarein;-26.302002120555873;-48.84180956605969;100;False
LOC-000609;PAT-0028;2024-04-16 20:00:00;Bucarein;-26.295755985360763;-48.84488610999187;12;False
LOC-000610;PAT-0009;2024-04-16 01:00:00;Saguaçu;-26.278960172132297;-48.85331805497855;99;True
LOC-000611;PAT-0018;2024-11-14 18:00:00;Saguaçu;-26.286309894403303;-48.85179390876817;60;False
LOC-000612;PAT-0002;2024-01-30 01:00:00;Paranaguamirim;-26.33342374880033;-48.822428025688545;61;False
LOC-000613;PAT-0038;2024-11-25 22:00:00;Anita Garibaldi;-26.304109380177067;-48.83172922205636;51;False
LOC-000614;PAT-0002;2024-01-24 18:00:00;Glória;-26.326302527200834;-48.83012613348662;39;True
LOC-000615;PAT-0075;2024-05-22 23:00:00;Anita Garibaldi;-26.316271148992243;-48.84149211093753;78;False
LOC-000616;PAT-0042;2024-01-18 13:00:00;Itaum;-26.322793923976285;-48.825252896109944;33;False
LOC-000617;PAT-0037;2024-07-09 12:00:00;Itaum;-26.322666757016297;-48.826359447390196;84;False
LOC-000618;PAT-0032;2024-07-01 23:00:00;Anita Garibaldi;-26.318436683593813;-48.833198515067586;30;True
LOC-000619;PAT-0057;2024-09-16 04:00:00;América;-26.298760023993967;-48.8574926341822;44;False
LOC-000620;PAT-0064;2024-05-03 23:00:00;Jardim Iririú;-26.273422399627897;-48.85593148267144;34;True
LOC-000621;PAT-0056;2024-05-28 23:00:00;Jardim Iririú;-26.260063795465886;-48.86767182529087;92;False
LOC-000622;PAT-0055;2024-05-14 10:00:00;Iririú;-26.28012000613423;-48.859009987392064;78;True
LOC-000623;PAT-0013;2024-05-05 16:00:00;Paranaguamirim;-26.339959238292447;-48.80874933318573;56;True
LOC-000624;PAT-0066;2024-06-19 20:00:00;Centro;-26.298825316377112;-48.84270349891005;80;False
LOC-000625;PAT-0025;2024-12-02 13:00:00;América;-26.29867357422899;-48.85783250667319;7;True
LOC-000626;PAT-0007;2024-07-06 07:00:00;Iririú;-26.27332817628386;-48.849861982328235;40;False
LOC-000627;PAT-0068;2024-06-24 05:00:00;Paranaguamirim;-26.343567592818086;-48.815111438055354;45;False
LOC-000628;PAT-0048;2024-04-12 21:00:00;Glória;-26.314202641336966;-48.8244514715653;32;False
LOC-000629;PAT-0065;2024-03-07 13:00:00;Itaum;-26.333464621611775;-48.818388163608795;99;True
LOC-000630;PAT-0007;2024-08-08 01:00:00;Itaum;-26.327011908475487;-48.81709067148748;90;True
LOC-000631;PAT-0008;2024-11-19 21:00:00;Paranaguamirim;-26.33721248588084;-48.80710397503367;80;False
LOC-000632;PAT-0013;2024-12-09 00:00:00;Jardim Iririú;-26.272456103218246;-48.86428263126521;28;True
LOC-000633;PAT-0069;2024-01-19 08:00:00;Saguaçu;-26.292443212802105;-48.846016870803815;93;True
LOC-000634;PAT-0062;2024-08-26 00:00:00;Bucarein;-26.299452006819433;-48.84263485775908;49;False
LOC-000635;PAT-0032;2024-10-19 23:00:00;Centro;-26.30777290956855;-48.85356876875324;27;True
LOC-000636;PAT-0011;2024-02-10 02:00:00;Bucarein;-26.29305635600618;-48.849768469735956;70;False
LOC-000637;PAT-0040;2024-01-31 23:00:00;Centro;-26.299594172984715;-48.852292342754915;65;True
LOC-000638;PAT-0027;2024-05-05 09:00:00;Anita Garibaldi;-26.31268761676492;-48.83261453215138;76;True
LOC-000639;PAT-0075;2024-10-26 21:00:00;Paranaguamirim;-26.33829580439483;-48.81392539059338;93;True
LOC-000640;PAT-0011;2024-07-04 13:00:00;Iririú;-26.273331847744206;-48.854145127021376;33;True
LOC-000641;PAT-0042;2024-02-09 02:00:00;Bucarein;-26.292765469625156;-48.84949029179955;47;False
LOC-000642;PAT-0012;2024-11-03 22:00:00;Anita Garibaldi;-26.31319996137403;-48.83549115205824;63;False
LOC-000643;PAT-0009;2024-11-02 16:00:00;Jardim Iririú;-26.27159285312335;-48.85320603491452;30;True
LOC-000644;PAT-0033;2024-10-17 18:00:00;Anita Garibaldi;-26.31575944130975;-48.83663853009103;36;True
LOC-000645;PAT-0030;2024-07-23 10:00:00;Jardim Iririú;-26.267420923531485;-48.85800124048338;70;True
LOC-000646;PAT-0056;2024-02-11 02:00:00;Itaum;-26.33081362875628;-48.81552290119003;17;False
LOC-000647;PAT-0062;2024-10-07 03:00:00;Itaum;-26.330958067664238;-48.81545719553373;33;False
LOC-000648;PAT-0069;2024-12-15 10:00:00;Saguaçu;-26.291541802574564;-48.84769151868167;36;True
LOC-000649;PAT-0053;2024-09-14 06:00:00;Paranaguamirim;-26.336502340148957;-48.80927276887356;7;False
LOC-000650;PAT-0022;2024-08-17 08:00:00;Bucarein;-26.30258021299229;-48.84373795050618;66;True
LOC-000651;PAT-0014;2024-07-24 13:00:00;Glória;-26.32484874191666;-48.82378090856344;34;True
LOC-000652;PAT-0002;2024-02-09 09:00:00;Iririú;-26.27639586687556;-48.85915636533767;40;True
LOC-000653;PAT-0063;2024-06-05 15:00:00;América;-26.295355546534115;-48.85451653748815;48;True
LOC-000654;PAT-0071;2024-08-17 13:00:00;Iririú;-26.27365826772307;-48.86215007001281;36;True
LOC-000655;PAT-0010;2024-02-17 16:00:00;Centro;-26.30645658657065;-48.841470690615324;85;False
LOC-000656;PAT-0071;2024-11-25 20:00:00;Anita Garibaldi;-26.312817412438516;-48.836327116220275;91;False
LOC-000657;PAT-0059;2024-07-28 16:00:00;Iririú;-26.274405290854332;-48.859334134177416;31;True
LOC-000658;PAT-0013;2024-09-06 21:00:00;Anita Garibaldi;-26.316743431640294;-48.83929135555814;11;True
LOC-000659;PAT-0006;2024-01-01 08:00:00;Paranaguamirim;-26.345507974034152;-48.80857760094033;28;False
LOC-000660;PAT-0079;2024-08-24 23:00:00;Iririú;-26.26891324955402;-48.84965733439262;34;True
LOC-000661;PAT-0052;2024-10-25 13:00:00;Glória;-26.321060420754698;-48.82914350583428;59;False
LOC-000662;PAT-0068;2024-07-23 21:00:00;Itaum;-26.331406502245876;-48.81814222719335;44;False
LOC-000663;PAT-0041;2024-11-29 12:00:00;América;-26.298430205595636;-48.85141079087119;17;True
LOC-000664;PAT-0055;2024-10-07 04:00:00;Bucarein;-26.2980323791586;-48.843733335313935;27;False
LOC-000665;PAT-0039;2024-12-28 19:00:00;Centro;-26.303533284454225;-48.83955236990051;24;False
LOC-000666;PAT-0017;2024-01-09 23:00:00;Paranaguamirim;-26.339058546064724;-48.82099019674367;42;True
LOC-000667;PAT-0043;2024-07-09 22:00:00;Jardim Iririú;-26.264687501290833;-48.86130485136454;65;False
LOC-000668;PAT-0059;2024-03-09 11:00:00;Bucarein;-26.303160290640143;-48.84448700947219;37;True
LOC-000669;PAT-0007;2024-07-25 10:00:00;Centro;-26.30836442985231;-48.846229588475985;7;True
LOC-000670;PAT-0053;2024-11-03 18:00:00;Paranaguamirim;-26.335028312556314;-48.81567789000727;86;True
LOC-000671;PAT-0071;2024-07-10 00:00:00;Saguaçu;-26.277845270130506;-48.84769776749358;77;True
LOC-000672;PAT-0001;2024-09-26 20:00:00;Jardim Iririú;-26.273825076042122;-48.86576129636437;73;True
LOC-000673;PAT-0019;2024-11-12 02:00:00;Anita Garibaldi;-26.312037607127916;-48.83478973597579;52;False
LOC-000674;PAT-0055;2024-05-21 22:00:00;Centro;-26.30897317995617;-48.85032129897781;29;False
LOC-000675;PAT-0075;2024-03-25 22:00:00;Jardim Iririú;-26.27503882930632;-48.86505069841619;96;False
LOC-000676;PAT-0026;2024-04-29 22:00:00;Bucarein;-26.30079194658998;-48.84896265249942;63;True
LOC-000677;PAT-0032;2024-04-28 00:00:00;Paranaguamirim;-26.345700997997053;-48.8107975590599;25;False
LOC-000678;PAT-0010;2024-04-02 18:00:00;Anita Garibaldi;-26.308641070825054;-48.8361609292663;12;False
LOC-000679;PAT-0048;2024-12-26 05:00:00;Jardim Iririú;-26.267460393381256;-48.85797370106701;35;False
LOC-000680;PAT-0034;2024-09-11 13:00:00;Jardim Iririú;-26.273698648464155;-48.85635850650712;34;True
LOC-000681;PAT-0023;2024-05-26 00:00:00;Jardim Iririú;-26.275852134585513;-48.85713093335498;49;True
LOC-000682;PAT-0026;2024-06-10 08:00:00;Jardim Iririú;-26.263069487215613;-48.86047198849457;10;False
LOC-000683;PAT-0002;2024-09-03 21:00:00;América;-26.296180889501372;-48.85279362353677;46;False
LOC-000684;PAT-0052;2024-05-03 19:00:00;América;-26.289300533724468;-48.85298464144575;14;False
LOC-000685;PAT-0005;2024-09-30 13:00:00;Paranaguamirim;-26.342609249390772;-48.812759219249116;56;False
LOC-000686;PAT-0007;2024-03-30 04:00:00;Glória;-26.31863222498696;-48.83008329032093;11;False
LOC-000687;PAT-0024;2024-02-04 08:00:00;Anita Garibaldi;-26.314949541968286;-48.829413884032185;21;True
LOC-000688;PAT-0025;2024-01-29 11:00:00;Iririú;-26.281608967028923;-48.84900476825077;36;True
LOC-000689;PAT-0007;2024-02-04 06:00:00;Anita Garibaldi;-26.316432799863076;-48.84027103395189;21;True
LOC-000690;PAT-0024;2024-02-15 17:00:00;Jardim Iririú;-26.272991062936335;-48.865820261575266;46;True
LOC-000691;PAT-0065;2024-07-17 12:00:00;Paranaguamirim;-26.341151690360967;-48.81291358518342;17;False
LOC-000692;PAT-0056;2024-01-17 09:00:00;Itaum;-26.32746745946518;-48.823180388031005;8;True
LOC-000693;PAT-0043;2024-09-05 09:00:00;Bucarein;-26.301779102800857;-48.849702868499755;67;False
LOC-000694;PAT-0043;2024-08-18 07:00:00;Centro;-26.31220688103519;-48.83998171729019;95;False
LOC-000695;PAT-0003;2024-04-19 17:00:00;Saguaçu;-26.284697002171765;-48.8523695877241;16;True
LOC-000696;PAT-0042;2024-10-29 02:00:00;Centro;-26.302707848170257;-48.83933150957303;51;True
LOC-000697;PAT-0018;2024-05-09 14:00:00;Centro;-26.296994072095973;-48.842721048785954;50;False
LOC-000698;PAT-0022;2024-09-13 10:00:00;Jardim Iririú;-26.26656846715051;-48.85579754416142;46;False
LOC-000699;PAT-0037;2024-03-26 08:00:00;América;-26.29146123904995;-48.85577661606731;73;False
LOC-000700;PAT-0013;2024-08-21 09:00:00;Anita Garibaldi;-26.31082557398564;-48.839252889190135;68;False
LOC-000701;PAT-0013;2024-01-01 00:00:00;América;-26.28415358992221;-48.85065971593881;11;False
LOC-000702;PAT-0038;2024-01-01 00:00:00;Centro;-26.299145949670375;-48.8514464023576;80;False
LOC-000703;PAT-0020;2024-06-16 19:00:00;Anita Garibaldi;-26.31483234026618;-48.83811309291707;39;False
LOC-000704;PAT-0004;2024-05-14 09:00:00;Glória;-26.324203930181486;-48.832856600352834;86;True
LOC-000705;PAT-0052;2024-02-22 00:00:00;Anita Garibaldi;-26.315797862202142;-48.84044592106795;94;True
LOC-000706;PAT-0053;2024-12-10 05:00:00;Bucarein;-26.297929263364555;-48.846717074665676;11;True
LOC-000707;PAT-0062;2024-04-25 16:00:00;Glória;-26.316095208780343;-48.825383170527864;39;True
LOC-000708;PAT-0005;2024-09-03 20:00:00;Glória;-26.31994849268507;-48.83532486632724;24;True
LOC-000709;PAT-0014;2024-04-25 11:00:00;Jardim Iririú;-26.274915257666752;-48.8675446817305;24;True
LOC-000710;PAT-0041;2024-02-12 17:00:00;Bucarein;-26.294422708792958;-48.83993032091794;87;False
LOC-000711;PAT-0010;2024-12-15 22:00:00;Centro;-26.299504477941266;-48.838584270089726;92;True
LOC-000712;PAT-0033;2024-07-27 13:00:00;Iririú;-26.278368034158085;-48.857700578966025;91;False
LOC-000713;PAT-0041;2024-06-07 15:00:00;Jardim Iririú;-26.26537398817147;-48.86610150874886;43;False
LOC-000714;PAT-0076;2024-09-02 09:00:00;Jardim Iririú;-26.26917452958313;-48.85887380279412;48;True
LOC-000715;PAT-0073;2024-02-18 06:00:00;Jardim Iririú;-26.26177409030836;-48.85349833262247;55;False
LOC-000716;PAT-0019;2024-02-16 06:00:00;América;-26.28547639106943;-48.84645501152274;44;False
LOC-000717;PAT-0003;2024-07-06 02:00:00;Saguaçu;-26.284593088027044;-48.8460397461054;14;True
LOC-000718;PAT-0013;2024-09-15 21:00:00;Itaum;-26.326935911266983;-48.82295909605428;15;True
LOC-000719;PAT-0052;2024-04-06 00:00:00;América;-26.284866404783646;-48.85032991722758;80;True
LOC-000720;PAT-0055;2024-03-13 11:00:00;Saguaçu;-26.28506852783875;-48.85454008253913;84;True
LOC-000721;PAT-0032;2024-09-20 11:00:00;Saguaçu;-26.287987988152178;-48.84513687321151;25;True
LOC-000722;PAT-0027;2024-04-10 08:00:00;Jardim Iririú;-26.263941341793448;-48.85639846369764;52;True
LOC-000723;PAT-0067;2024-08-02 10:00:00;América;-26.295478939923445;-48.84355949403344;52;False
LOC-000724;PAT-0019;2024-09-30 02:00:00;Itaum;-26.3317835016319;-48.82383364226008;16;False
LOC-000725;PAT-0017;2024-06-27 06:00:00;Iririú;-26.26914836420629;-48.86270469729531;21;False
LOC-000726;PAT-0018;2024-11-14 16:00:00;Saguaçu;-26.28140924255569;-48.84727026456916;46;False
LOC-000727;PAT-0018;2024-10-02 11:00:00;Itaum;-26.33153902391604;-48.81669135192965;34;False
LOC-000728;PAT-0036;2024-11-22 05:00:00;Iririú;-26.279564087961464;-48.85035348038587;70;False
LOC-000729;PAT-0005;2024-12-21 03:00:00;Itaum;-26.332304505746684;-48.824900177071605;9;True
LOC-000730;PAT-0005;2024-09-07 17:00:00;Itaum;-26.33345433361236;-48.823811954095405;67;True
LOC-000731;PAT-0041;2024-11-04 10:00:00;Jardim Iririú;-26.273182571392898;-48.85979854519572;71;False
LOC-000732;PAT-0030;2024-06-24 19:00:00;Itaum;-26.32610667338295;-48.82271038704048;14;False
LOC-000733;PAT-0076;2024-11-13 01:00:00;Glória;-26.323966881810396;-48.8242318162146;80;False
LOC-000734;PAT-0017;2024-10-22 16:00:00;Centro;-26.305133320477317;-48.84661983754018;16;False
LOC-000735;PAT-0024;2024-06-04 22:00:00;Saguaçu;-26.286826248850623;-48.84320674169437;36;False
LOC-000736;PAT-0023;2024-12-12 02:00:00;Saguaçu;-26.27728676194183;-48.84671008383228;98;False
LOC-000737;PAT-0007;2024-03-28 17:00:00;Itaum;-26.331742524093627;-48.815630557734124;49;True
LOC-000738;PAT-0048;2024-07-11 10:00:00;Paranaguamirim;-26.346720280275253;-48.817677232215516;7;True
LOC-000739;PAT-0049;2024-07-03 16:00:00;Bucarein;-26.304562787958844;-48.83669733404911;49;False
LOC-000740;PAT-0018;2024-02-26 12:00:00;Bucarein;-26.29654794045835;-48.845606842951184;96;True
LOC-000741;PAT-0004;2024-08-23 11:00:00;Glória;-26.318410183172187;-48.829262419071945;100;False
LOC-000742;PAT-0013;2024-11-13 05:00:00;Glória;-26.32129985615228;-48.834575886189214;33;False
LOC-000743;PAT-0079;2024-04-20 17:00:00;Centro;-26.305490500923007;-48.84659157565398;98;True
LOC-000744;PAT-0006;2024-04-15 03:00:00;Centro;-26.311537078674547;-48.849109196647866;93;False
LOC-000745;PAT-0010;2024-10-27 07:00:00;Saguaçu;-26.284735255833773;-48.85173274510981;44;False
LOC-000746;PAT-0015;2024-06-08 17:00:00;Iririú;-26.274924168393913;-48.84752823971155;83;False
LOC-000747;PAT-0027;2024-10-19 02:00:00;Anita Garibaldi;-26.31760721090309;-48.840438814312215;37;False
LOC-000748;PAT-0033;2024-10-07 22:00:00;Anita Garibaldi;-26.318338569822227;-48.83040278660068;13;True
LOC-000749;PAT-0069;2024-01-22 23:00:00;Glória;-26.326022840150408;-48.82225336064827;83;True
LOC-000750;PAT-0040;2024-01-29 06:00:00;Anita Garibaldi;-26.31838354805614;-48.84268157626016;96;True
LOC-000751;PAT-0027;2024-09-29 02:00:00;Itaum;-26.32824466887141;-48.81681556137533;65;False
LOC-000752;PAT-0029;2024-05-12 12:00:00;Iririú;-26.279856277561553;-48.858953411111095;19;False
LOC-000753;PAT-0074;2024-04-06 08:00:00;Bucarein;-26.301977117565;-48.84935219481075;47;True
LOC-000754;PAT-0013;2024-03-06 22:00:00;Jardim Iririú;-26.273222845693578;-48.86155376673669;93;True
LOC-000755;PAT-0025;2024-11-06 05:00:00;Saguaçu;-26.277674635128825;-48.84103651503727;68;False
LOC-000756;PAT-0030;2024-06-08 05:00:00;Bucarein;-26.292326120589568;-48.84981175849013;45;False
LOC-000757;PAT-0023;2024-02-22 22:00:00;Anita Garibaldi;-26.316312082602376;-48.833593828929125;50;True
LOC-000758;PAT-0047;2024-11-07 11:00:00;Anita Garibaldi;-26.314758939297246;-48.834977656342474;68;True
LOC-000759;PAT-0024;2024-10-21 14:00:00;América;-26.29564171452312;-48.84502585337006;20;True
LOC-000760;PAT-0067;2024-05-03 01:00:00;Saguaçu;-26.285129984648627;-48.85465597256767;55;True
LOC-000761;PAT-0049;2024-10-27 23:00:00;América;-26.298686231480414;-48.84809558352181;60;False
LOC-000762;PAT-0015;2024-02-22 05:00:00;Glória;-26.31725811185765;-48.827118244825066;34;False
LOC-000763;PAT-0028;2024-02-02 16:00:00;Bucarein;-26.297629469602917;-48.839294719730205;27;True
LOC-000764;PAT-0021;2024-06-09 04:00:00;Saguaçu;-26.278621777147183;-48.84092264808104;70;False
LOC-000765;PAT-0032;2024-08-29 06:00:00;Centro;-26.309769717050745;-48.84103059953589;85;True
LOC-000766;PAT-0077;2024-05-31 02:00:00;Jardim Iririú;-26.263134252063022;-48.867328436380106;88;True
LOC-000767;PAT-0033;2024-02-14 09:00:00;Centro;-26.299728623768534;-48.84666267438873;21;True
LOC-000768;PAT-0043;2024-07-24 02:00:00;Iririú;-26.28096510097253;-48.856632751100776;40;True
LOC-000769;PAT-0053;2024-04-10 07:00:00;Glória;-26.321623052413695;-48.83303764446254;57;True
LOC-000770;PAT-0037;2024-02-12 10:00:00;Jardim Iririú;-26.27327755774169;-48.86077861239753;36;False
LOC-000771;PAT-0043;2024-11-24 11:00:00;Bucarein;-26.301924471992677;-48.84385289304118;7;False
LOC-000772;PAT-0017;2024-07-04 06:00:00;Itaum;-26.33378806120271;-48.82108265760194;60;False
LOC-000773;PAT-0028;2024-01-28 02:00:00;Centro;-26.30350021769559;-48.838531810150265;20;True
LOC-000774;PAT-0039;2024-06-13 07:00:00;América;-26.292417425091834;-48.857581872404005;100;False
LOC-000775;PAT-0024;2024-01-20 06:00:00;Iririú;-26.2678362751359;-48.84824430608258;57;True
LOC-000776;PAT-0065;2024-01-31 09:00:00;Jardim Iririú;-26.27397807772885;-48.860316212584465;22;False
LOC-000777;PAT-0052;2024-05-31 00:00:00;Saguaçu;-26.277420925842396;-48.846020124072005;14;True
LOC-000778;PAT-0039;2024-08-18 14:00:00;América;-26.295309781756572;-48.845717072534114;90;False
LOC-000779;PAT-0039;2024-09-29 02:00:00;América;-26.286634017017892;-48.85323259153361;90;False
LOC-000780;PAT-0079;2024-12-09 22:00:00;Iririú;-26.277576481181235;-48.85611324947059;73;True
LOC-000781;PAT-0057;2024-02-21 01:00:00;Centro;-26.310110697673323;-48.84764770431554;89;True
LOC-000782;PAT-0055;2024-11-11 23:00:00;América;-26.28527377303606;-48.85300430363943;51;False
LOC-000783;PAT-0001;2024-07-27 11:00:00;Centro;-26.30745822561222;-48.83939153085365;96;True
LOC-000784;PAT-0023;2024-11-10 17:00:00;América;-26.28845831353237;-48.84573712174091;60;True
LOC-000785;PAT-0034;2024-06-04 21:00:00;Itaum;-26.328936901038613;-48.82625600016219;35;True
LOC-000786;PAT-0075;2024-06-09 10:00:00;Anita Garibaldi;-26.312451899049748;-48.84127002636037;45;True
LOC-000787;PAT-0066;2024-08-21 13:00:00;Itaum;-26.33006688843762;-48.82115408776235;21;True
LOC-000788;PAT-0056;2024-12-28 13:00:00;Centro;-26.300684193374526;-48.85262148197228;6;True
LOC-000789;PAT-0055;2024-05-01 23:00:00;Centro;-26.310995633374027;-48.84429451047566;5;False
LOC-000790;PAT-0025;2024-06-05 10:00:00;Paranaguamirim;-26.33730910940867;-48.82070093428381;63;False
LOC-000791;PAT-0035;2024-06-04 03:00:00;Centro;-26.298067006377625;-48.845842027776534;60;True
LOC-000792;PAT-0023;2024-10-12 23:00:00;Anita Garibaldi;-26.319075388847683;-48.84288448084794;14;False
LOC-000793;PAT-0007;2024-04-04 19:00:00;Itaum;-26.33574954657226;-48.8229344584254;45;False
LOC-000794;PAT-0075;2024-10-29 03:00:00;Iririú;-26.271533889012765;-48.85216494842123;10;False
LOC-000795;PAT-0046;2024-03-13 13:00:00;Paranaguamirim;-26.341003493628087;-48.81525537695635;42;True
LOC-000796;PAT-0032;2024-11-10 19:00:00;Saguaçu;-26.28654322206698;-48.840347688224014;24;True
LOC-000797;PAT-0056;2024-05-16 10:00:00;Bucarein;-26.303808533847292;-48.83601433926294;12;False
LOC-000798;PAT-0059;2024-03-19 01:00:00;Glória;-26.319891679348515;-48.832254867535305;45;True
LOC-000799;PAT-0061;2024-08-01 09:00:00;Jardim Iririú;-26.27397527502086;-48.86727221533644;82;True
LOC-000800;PAT-0032;2024-12-16 02:00:00;Iririú;-26.27537407269903;-48.849469979198155;76;True
LOC-000801;PAT-0036;2024-11-12 23:00:00;Saguaçu;-26.280782155216613;-48.84142025103496;89;True
LOC-000802;PAT-0074;2024-02-22 00:00:00;Jardim Iririú;-26.271867770273808;-48.8548699617053;54;True
LOC-000803;PAT-0071;2024-08-02 03:00:00;Paranaguamirim;-26.340307421309124;-48.82095280094528;69;True
LOC-000804;PAT-0047;2024-12-21 23:00:00;Bucarein;-26.29012774448965;-48.8340333578494;50;True
LOC-000805;PAT-0023;2024-07-14 20:00:00;Bucarein;-26.295013593226333;-48.84586265245515;90;False
LOC-000806;PAT-0080;2024-07-13 22:00:00;Iririú;-26.269538291659117;-48.851412721395064;88;True
LOC-000807;PAT-0061;2024-11-11 02:00:00;Glória;-26.321362438295033;-48.823471441978626;58;True
LOC-000808;PAT-0030;2024-01-09 01:00:00;Paranaguamirim;-26.335714225229985;-48.81922900617071;81;True
LOC-000809;PAT-0046;2024-12-25 23:00:00;Paranaguamirim;-26.34735185323294;-48.808467863125166;62;False
LOC-000810;PAT-0052;2024-09-26 20:00:00;Bucarein;-26.30403342107932;-48.845048294732884;63;True
LOC-000811;PAT-0012;2024-03-08 05:00:00;Iririú;-26.27975087051328;-48.84737738844185;14;True
LOC-000812;PAT-0043;2024-12-06 08:00:00;Jardim Iririú;-26.269568769206156;-48.86349983967391;44;False
LOC-000813;PAT-0023;2024-03-09 23:00:00;América;-26.28546808194679;-48.84374502680387;29;True
LOC-000814;PAT-0050;2024-03-04 12:00:00;Saguaçu;-26.287459743187394;-48.85514328558572;92;True
LOC-000815;PAT-0052;2024-10-01 04:00:00;Anita Garibaldi;-26.309526060903753;-48.83165164781328;32;True
LOC-000816;PAT-0048;2024-08-01 16:00:00;América;-26.287650971283146;-48.85048622185861;93;False
LOC-000817;PAT-0043;2024-03-05 04:00:00;Glória;-26.318621082334587;-48.83035396676603;59;True
LOC-000818;PAT-0073;2024-12-17 02:00:00;Saguaçu;-26.287284128509278;-48.85242409097191;8;True
LOC-000819;PAT-0009;2024-11-20 15:00:00;Itaum;-26.32876714653258;-48.81671046736358;69;True
LOC-000820;PAT-0035;2024-07-01 20:00:00;Jardim Iririú;-26.270523750515366;-48.864947048136855;10;True
LOC-000821;PAT-0063;2024-07-24 05:00:00;Saguaçu;-26.291658020183167;-48.847154531264245;100;True
LOC-000822;PAT-0050;2024-11-28 12:00:00;América;-26.283115136349025;-48.854948074191356;80;False
LOC-000823;PAT-0021;2024-11-12 18:00:00;Glória;-26.32596508074188;-48.822710057923494;9;False
LOC-000824;PAT-0048;2024-07-14 04:00:00;Itaum;-26.33684242585862;-48.82754190089863;18;False
LOC-000825;PAT-0032;2024-01-16 16:00:00;Bucarein;-26.291943508012682;-48.846804347518216;10;True
LOC-000826;PAT-0066;2024-04-09 20:00:00;Paranaguamirim;-26.343170645425715;-48.819123030297796;15;False
LOC-000827;PAT-0008;2024-05-18 15:00:00;Itaum;-26.327595248414823;-48.82137491478772;41;True
LOC-000828;PAT-0080;2024-10-20 22:00:00;Itaum;-26.332735908325404;-48.82427631613008;58;False
LOC-000829;PAT-0054;2024-02-14 23:00:00;Glória;-26.32173673166729;-48.8301384145557;98;False
LOC-000830;PAT-0054;2024-01-02 00:00:00;Bucarein;-26.301806192447728;-48.83604055162786;17;False
LOC-000831;PAT-0039;2024-06-25 18:00:00;Anita Garibaldi;-26.314511295907312;-48.83160698525745;11;False
LOC-000832;PAT-0014;2024-04-27 04:00:00;Centro;-26.305828793590617;-48.84492060831144;98;False
LOC-000833;PAT-0035;2024-12-04 20:00:00;Bucarein;-26.29447334289452;-48.84857594915228;32;True
LOC-000834;PAT-0061;2024-11-20 20:00:00;América;-26.290815420892244;-48.84789612626577;81;True
LOC-000835;PAT-0048;2024-06-29 15:00:00;Jardim Iririú;-26.260902956525488;-48.86533737145103;24;True
LOC-000836;PAT-0029;2024-03-07 04:00:00;Anita Garibaldi;-26.31932991369858;-48.830418121824614;67;False
LOC-000837;PAT-0032;2024-10-09 20:00:00;Itaum;-26.329950906837887;-48.82399909186384;70;True
LOC-000838;PAT-0052;2024-08-21 01:00:00;Itaum;-26.32865240337869;-48.821327220346866;72;True
LOC-000839;PAT-0075;2024-12-26 06:00:00;Iririú;-26.26827684822281;-48.85739247676291;69;True
LOC-000840;PAT-0048;2024-03-21 04:00:00;Anita Garibaldi;-26.31921346362206;-48.8292589773652;76;True
LOC-000841;PAT-0021;2024-01-16 01:00:00;Paranaguamirim;-26.338824006641037;-48.820975288660584;17;True
LOC-000842;PAT-0037;2024-11-26 21:00:00;Anita Garibaldi;-26.306341921143552;-48.83394968188185;73;True
LOC-000843;PAT-0057;2024-08-25 08:00:00;Glória;-26.324129156350093;-48.83572701424891;81;False
LOC-000844;PAT-0035;2024-10-13 10:00:00;Itaum;-26.323979322423614;-48.816723266621885;31;True
LOC-000845;PAT-0051;2024-11-11 15:00:00;Paranaguamirim;-26.347695305451612;-48.80851874995528;9;False
LOC-000846;PAT-0056;2024-03-06 08:00:00;Iririú;-26.27128072593386;-48.85604627753812;40;False
LOC-000847;PAT-0041;2024-04-07 17:00:00;Glória;-26.313070188461303;-48.83019052383576;55;False
LOC-000848;PAT-0030;2024-08-25 03:00:00;Saguaçu;-26.282484837413758;-48.84116123461627;89;False
LOC-000849;PAT-0044;2024-03-15 19:00:00;Anita Garibaldi;-26.312975532096313;-48.83466413778161;19;False
LOC-000850;PAT-0027;2024-06-28 02:00:00;Jardim Iririú;-26.27528190373644;-48.860198424991204;54;False
LOC-000851;PAT-0072;2024-05-31 10:00:00;Anita Garibaldi;-26.30527817898684;-48.83374673435673;36;True
LOC-000852;PAT-0075;2024-04-05 22:00:00;Glória;-26.320475260436936;-48.82697232421819;76;False
LOC-000853;PAT-0053;2024-01-23 10:00:00;Centro;-26.311936052090626;-48.85248986599861;71;False
LOC-000854;PAT-0017;2024-12-12 16:00:00;Centro;-26.301362862858742;-48.84106223155614;19;False
LOC-000855;PAT-0074;2024-11-24 00:00:00;Centro;-26.30469060394278;-48.84723191956075;57;True
LOC-000856;PAT-0071;2024-12-27 04:00:00;Anita Garibaldi;-26.31801047492092;-48.84184242384164;70;False
LOC-000857;PAT-0044;2024-11-19 16:00:00;Centro;-26.30897165105104;-48.841621077292835;65;True
LOC-000858;PAT-0032;2024-07-23 00:00:00;Paranaguamirim;-26.346968149112705;-48.81696880045302;95;False
LOC-000859;PAT-0020;2024-07-13 01:00:00;Itaum;-26.32881130336466;-48.82639412007848;73;False
LOC-000860;PAT-0038;2024-05-27 17:00:00;Centro;-26.302447528331967;-48.844059535367315;98;False
LOC-000861;PAT-0026;2024-01-15 05:00:00;América;-26.290908123226313;-48.84491789834506;50;True
LOC-000862;PAT-0050;2024-04-03 08:00:00;Glória;-26.31492636587196;-48.823795943849376;16;False
LOC-000863;PAT-0064;2024-01-07 13:00:00;Itaum;-26.32422385885907;-48.81267738440306;72;False
LOC-000864;PAT-0076;2024-07-02 09:00:00;Centro;-26.30255000965307;-48.840316712643734;92;True
LOC-000865;PAT-0020;2024-09-01 08:00:00;Iririú;-26.28279589632468;-48.86296574529047;50;False
LOC-000866;PAT-0039;2024-08-18 12:00:00;América;-26.287876325508037;-48.85291614133738;58;False
LOC-000867;PAT-0014;2024-12-20 19:00:00;Saguaçu;-26.286312012529276;-48.84290331872151;81;True
LOC-000868;PAT-0044;2024-06-23 01:00:00;Centro;-26.303351080268378;-48.84833995190403;10;False
LOC-000869;PAT-0061;2024-10-23 00:00:00;Paranaguamirim;-26.3376147103677;-48.81337522389792;49;False
LOC-000870;PAT-0011;2024-05-11 02:00:00;Iririú;-26.277396214170764;-48.853298928842;85;False
LOC-000871;PAT-0021;2024-11-20 16:00:00;Glória;-26.313326423917253;-48.83215959513538;9;False
LOC-000872;PAT-0059;2024-10-26 16:00:00;Bucarein;-26.303856402132002;-48.835528417163495;89;False
LOC-000873;PAT-0054;2024-06-18 13:00:00;Anita Garibaldi;-26.309255811083503;-48.83494834647382;80;False
LOC-000874;PAT-0026;2024-07-19 22:00:00;Jardim Iririú;-26.275930246720694;-48.860563452705;53;True
LOC-000875;PAT-0071;2024-05-12 06:00:00;América;-26.28420558231352;-48.84303978006941;47;False
LOC-000876;PAT-0029;2024-01-19 03:00:00;Itaum;-26.33619993386819;-48.820103994174836;56;True
LOC-000877;PAT-0042;2024-07-18 10:00:00;Bucarein;-26.304481852317636;-48.84714562796914;76;False
LOC-000878;PAT-0035;2024-11-17 11:00:00;Centro;-26.307071877871167;-48.84599088923419;73;False
LOC-000879;PAT-0028;2024-08-08 04:00:00;Bucarein;-26.30002293942337;-48.83697573223168;25;False
LOC-000880;PAT-0037;2024-04-22 16:00:00;Bucarein;-26.30257119884283;-48.83757023476963;53;False
LOC-000881;PAT-0053;2024-10-13 15:00:00;Iririú;-26.273638053425163;-48.85038269175826;66;False
LOC-000882;PAT-0071;2024-09-28 16:00:00;Itaum;-26.330913374431326;-48.81667161945603;27;False
LOC-000883;PAT-0043;2024-09-18 14:00:00;Bucarein;-26.305453190575342;-48.84593251473493;72;True
LOC-000884;PAT-0065;2024-07-14 11:00:00;Itaum;-26.332885567003913;-48.81420665462656;9;False
LOC-000885;PAT-0055;2024-08-05 22:00:00;Saguaçu;-26.28003307338283;-48.84170490455398;6;True
LOC-000886;PAT-0032;2024-11-10 19:00:00;Bucarein;-26.294964775442207;-48.8468935568541;66;True
LOC-000887;PAT-0074;2024-05-01 02:00:00;Centro;-26.300802066342722;-48.85211270981518;24;False
LOC-000888;PAT-0004;2024-04-15 12:00:00;América;-26.287830129214665;-48.84339032050257;96;True
LOC-000889;PAT-0053;2024-12-03 01:00:00;Centro;-26.30742443165787;-48.840306816581595;67;False
LOC-000890;PAT-0013;2024-08-01 20:00:00;Centro;-26.310805377246773;-48.83990822164464;25;True
LOC-000891;PAT-0051;2024-03-06 04:00:00;Centro;-26.30804052505547;-48.84001797784601;5;False
LOC-000892;PAT-0069;2024-10-29 00:00:00;Saguaçu;-26.279691435197037;-48.84733301081546;97;True
LOC-000893;PAT-0019;2024-02-15 03:00:00;Centro;-26.296712467235473;-48.84385757221335;86;True
LOC-000894;PAT-0038;2024-04-09 17:00:00;Paranaguamirim;-26.340098447764134;-48.81427419436586;75;True
LOC-000895;PAT-0073;2024-07-14 00:00:00;Saguaçu;-26.29284479432123;-48.85518069841295;19;False
LOC-000896;PAT-0061;2024-05-23 15:00:00;Saguaçu;-26.29075928300585;-48.84407195063435;91;True
LOC-000897;PAT-0076;2024-10-28 08:00:00;Bucarein;-26.30084671079494;-48.84191468746663;90;False
LOC-000898;PAT-0031;2024-12-06 14:00:00;América;-26.289742634422513;-48.84863665480336;42;False
LOC-000899;PAT-0079;2024-02-10 18:00:00;Paranaguamirim;-26.346798501667116;-48.81495776312039;62;True
LOC-000900;PAT-0078;2024-11-11 00:00:00;Jardim Iririú;-26.260906283220642;-48.86013101884284;24;False
LOC-000901;PAT-0070;2024-04-19 16:00:00;Paranaguamirim;-26.34215866122745;-48.82025137424835;85;True
LOC-000902;PAT-0010;2024-01-09 06:00:00;América;-26.284398652513204;-48.85454058055774;29;True
LOC-000903;PAT-0054;2024-06-17 03:00:00;Centro;-26.299911651155888;-48.8516583569289;63;False
LOC-000904;PAT-0013;2024-05-11 16:00:00;Glória;-26.31591300363975;-48.83486933926999;31;True
LOC-000905;PAT-0046;2024-10-27 10:00:00;Paranaguamirim;-26.338292486723486;-48.80743236191327;50;False
LOC-000906;PAT-0029;2024-05-05 17:00:00;Centro;-26.302371458927173;-48.85175018486765;58;True
LOC-000907;PAT-0065;2024-03-27 22:00:00;Anita Garibaldi;-26.30979194823654;-48.838691673211116;41;False
LOC-000908;PAT-0011;2024-10-18 09:00:00;Paranaguamirim;-26.33794045780759;-48.81355056547618;7;True
LOC-000909;PAT-0013;2024-06-06 02:00:00;Bucarein;-26.297140348297624;-48.84023714278021;64;False
LOC-000910;PAT-0051;2024-10-28 22:00:00;Iririú;-26.267217375704274;-48.860536413924095;71;False
LOC-000911;PAT-0066;2024-03-03 08:00:00;Glória;-26.31628335092119;-48.82530052118744;33;False
LOC-000912;PAT-0026;2024-08-23 18:00:00;América;-26.28656885778572;-48.84643675411339;98;True
LOC-000913;PAT-0060;2024-01-25 11:00:00;Iririú;-26.26904059495866;-48.859202916732734;97;True
LOC-000914;PAT-0012;2024-04-29 09:00:00;Paranaguamirim;-26.344549763796387;-48.81838133915719;96;True
LOC-000915;PAT-0004;2024-08-13 04:00:00;Saguaçu;-26.29165913345448;-48.84099219415265;8;False
LOC-000916;PAT-0032;2024-10-14 07:00:00;Anita Garibaldi;-26.312273689014425;-48.82978925686433;73;False
LOC-000917;PAT-0003;2024-10-28 11:00:00;Saguaçu;-26.284774708870092;-48.844835247470996;33;False
LOC-000918;PAT-0064;2024-02-17 23:00:00;Centro;-26.2991330915208;-48.85288426845583;11;False
LOC-000919;PAT-0027;2024-07-28 15:00:00;Saguaçu;-26.285899462731482;-48.84930777470556;56;False
LOC-000920;PAT-0061;2024-04-20 20:00:00;Bucarein;-26.29686635159129;-48.84105117004677;82;True
LOC-000921;PAT-0017;2024-01-29 18:00:00;Centro;-26.303966864983785;-48.85120141939226;61;True
LOC-000922;PAT-0049;2024-06-18 23:00:00;Glória;-26.327388755459882;-48.83082837468627;71;False
LOC-000923;PAT-0008;2024-04-23 04:00:00;Bucarein;-26.29615656165445;-48.84038358596018;81;True
LOC-000924;PAT-0061;2024-12-02 23:00:00;Jardim Iririú;-26.262751307427614;-48.862761973118154;79;True
LOC-000925;PAT-0022;2024-07-20 15:00:00;Itaum;-26.335479991230784;-48.81550488289679;85;True
LOC-000926;PAT-0001;2024-01-05 17:00:00;Itaum;-26.328490692257173;-48.81455280669378;77;False
LOC-000927;PAT-0013;2024-05-10 16:00:00;América;-26.289502231288857;-48.85382224848905;52;True
LOC-000928;PAT-0036;2024-09-21 12:00:00;Bucarein;-26.303373040575096;-48.83658148552812;18;False
LOC-000929;PAT-0069;2024-11-16 16:00:00;Itaum;-26.336024582820308;-48.826342774942354;87;True
LOC-000930;PAT-0079;2024-07-30 10:00:00;Itaum;-26.322319168912376;-48.814596334422035;37;False
LOC-000931;PAT-0055;2024-07-13 22:00:00;Anita Garibaldi;-26.313700493285552;-48.84055599309332;49;False
LOC-000932;PAT-0062;2024-12-04 04:00:00;Paranaguamirim;-26.344361252340423;-48.821673165559844;41;True
LOC-000933;PAT-0071;2024-10-30 05:00:00;Centro;-26.30965880728873;-48.84393159352895;82;False
LOC-000934;PAT-0003;2024-07-07 21:00:00;Paranaguamirim;-26.33731837258267;-48.815449002147915;75;True
LOC-000935;PAT-0072;2024-12-05 17:00:00;América;-26.289248875242762;-48.84447375039339;31;True
LOC-000936;PAT-0018;2024-12-05 05:00:00;Anita Garibaldi;-26.309703166032204;-48.83718897286255;57;True
LOC-000937;PAT-0050;2024-03-22 16:00:00;Anita Garibaldi;-26.318591903559817;-48.838405563784995;64;False
LOC-000938;PAT-0036;2024-03-25 22:00:00;Itaum;-26.323703446664023;-48.81998824150169;15;True
LOC-000939;PAT-0074;2024-10-01 00:00:00;Paranaguamirim;-26.341771737651055;-48.8157048610277;38;False
LOC-000940;PAT-0027;2024-02-26 16:00:00;América;-26.293986089497114;-48.853489151260526;54;True
LOC-000941;PAT-0016;2024-04-21 04:00:00;Iririú;-26.275602216844035;-48.851900139220824;66;True
LOC-000942;PAT-0017;2024-05-05 11:00:00;Saguaçu;-26.286758942948037;-48.84384701065738;38;False
LOC-000943;PAT-0016;2024-04-17 01:00:00;Glória;-26.314182767949774;-48.824352256495516;77;True
LOC-000944;PAT-0037;2024-08-11 16:00:00;Jardim Iririú;-26.261131824396834;-48.85243429432463;9;False
LOC-000945;PAT-0051;2024-09-20 10:00:00;Glória;-26.323144748536805;-48.83373350092588;60;False
LOC-000946;PAT-0026;2024-08-06 17:00:00;Jardim Iririú;-26.262177027080643;-48.85654250428016;53;True
LOC-000947;PAT-0076;2024-06-01 21:00:00;Centro;-26.299895629927473;-48.84789186823207;72;False
LOC-000948;PAT-0039;2024-08-04 15:00:00;Iririú;-26.268107077242483;-48.852166688448776;70;True
LOC-000949;PAT-0057;2024-07-28 20:00:00;Bucarein;-26.302067995005025;-48.842384292954414;97;True
LOC-000950;PAT-0051;2024-09-10 16:00:00;América;-26.289768653598063;-48.84309963035571;58;False
LOC-000951;PAT-0024;2024-01-10 19:00:00;América;-26.294607286644155;-48.847337565827345;62;False
LOC-000952;PAT-0042;2024-07-23 08:00:00;Centro;-26.299214488152252;-48.838960139193055;52;True
LOC-000953;PAT-0036;2024-06-14 17:00:00;Iririú;-26.28291481295086;-48.8496404872083;13;True
LOC-000954;PAT-0019;2024-04-22 15:00:00;Paranaguamirim;-26.338962893393816;-48.808553583821386;76;False
LOC-000955;PAT-0075;2024-05-17 23:00:00;Bucarein;-26.300572745099647;-48.836969292844564;48;False
LOC-000956;PAT-0022;2024-05-23 18:00:00;Bucarein;-26.300837060686753;-48.84265345391398;67;True
LOC-000957;PAT-0050;2024-06-15 18:00:00;Centro;-26.30208149881816;-48.85017138474645;17;False
LOC-000958;PAT-0038;2024-08-31 10:00:00;Saguaçu;-26.279376248810976;-48.85007487719279;15;True
LOC-000959;PAT-0045;2024-03-16 02:00:00;Itaum;-26.328252873737704;-48.82767622027776;59;True
LOC-000960;PAT-0052;2024-04-28 11:00:00;Jardim Iririú;-26.262349232341652;-48.85961610932056;43;False
LOC-000961;PAT-0027;2024-11-21 06:00:00;Bucarein;-26.301766446209903;-48.84191907519567;50;False
LOC-000962;PAT-0025;2024-02-11 15:00:00;Saguaçu;-26.28468797032376;-48.84759599256271;60;False
LOC-000963;PAT-0077;2024-06-14 11:00:00;Jardim Iririú;-26.268791415374928;-48.85241550040045;10;False
LOC-000964;PAT-0014;2024-12-16 22:00:00;Saguaçu;-26.29281368160795;-48.84141673594472;49;False
LOC-000965;PAT-0059;2024-06-17 19:00:00;Paranaguamirim;-26.339091005709747;-48.82041259554671;90;True
LOC-000966;PAT-0018;2024-11-17 05:00:00;Glória;-26.31741561081366;-48.8320978796551;82;False
LOC-000967;PAT-0075;2024-09-14 22:00:00;Anita Garibaldi;-26.310529369529295;-48.83621670112859;51;False
LOC-000968;PAT-0076;2024-11-14 15:00:00;América;-26.287219521619466;-48.85323147331437;56;True
LOC-000969;PAT-0039;2024-05-20 17:00:00;Paranaguamirim;-26.33885856754475;-48.810224064582336;31;True
LOC-000970;PAT-0002;2024-12-28 14:00:00;Saguaçu;-26.291931995922386;-48.84761539728212;43;False
LOC-000971;PAT-0028;2024-05-21 02:00:00;América;-26.297136871614644;-48.849846402928456;36;True
LOC-000972;PAT-0051;2024-12-17 02:00:00;Glória;-26.318456406759296;-48.824351783056194;16;True
LOC-000973;PAT-0074;2024-12-27 20:00:00;Anita Garibaldi;-26.315600332928422;-48.83010514954535;69;True
LOC-000974;PAT-0034;2024-05-29 16:00:00;Itaum;-26.33672567793544;-48.82588461563488;11;True
LOC-000975;PAT-0065;2024-07-16 21:00:00;Saguaçu;-26.286126356104823;-48.84457736665466;85;True
LOC-000976;PAT-0011;2024-03-21 13:00:00;Bucarein;-26.29713083843066;-48.843033021937565;88;False
LOC-000977;PAT-0015;2024-08-15 10:00:00;Jardim Iririú;-26.270740064186406;-48.863285617551;61;True
LOC-000978;PAT-0024;2024-03-02 23:00:00;Itaum;-26.326473060764386;-48.82719969886556;31;True
LOC-000979;PAT-0053;2024-11-29 03:00:00;Iririú;-26.272699670270377;-48.85520400703447;80;False
LOC-000980;PAT-0050;2024-11-11 19:00:00;Centro;-26.307074906222535;-48.84851301310841;23;False
LOC-000981;PAT-0038;2024-09-09 13:00:00;América;-26.286922039537462;-48.85497579136518;7;True
LOC-000982;PAT-0073;2024-05-11 10:00:00;Itaum;-26.32762087931947;-48.81688525232645;97;True
LOC-000983;PAT-0059;2024-04-24 08:00:00;Jardim Iririú;-26.265800873940513;-48.85568823380295;9;True
LOC-000984;PAT-0012;2024-11-09 13:00:00;Itaum;-26.329145156787405;-48.82408336769553;22;False
LOC-000985;PAT-0080;2024-07-01 10:00:00;Jardim Iririú;-26.275817765310585;-48.86720884101313;49;True
LOC-000986;PAT-0053;2024-02-06 11:00:00;América;-26.28785588506437;-48.845419956790955;72;True
LOC-000987;PAT-0058;2024-11-24 13:00:00;Paranaguamirim;-26.341983331342252;-48.822840644140726;49;False
LOC-000988;PAT-0004;2024-06-08 03:00:00;Jardim Iririú;-26.260918244637462;-48.853006200097255;59;False
LOC-000989;PAT-0053;2024-11-09 12:00:00;Jardim Iririú;-26.262912243662765;-48.857958082016275;47;False
LOC-000990;PAT-0071;2024-08-13 16:00:00;Itaum;-26.328596888487496;-48.82285045383678;32;True
LOC-000991;PAT-0029;2024-11-02 13:00:00;Anita Garibaldi;-26.31596508829089;-48.83905635344677;35;True
LOC-000992;PAT-0028;2024-05-01 23:00:00;Paranaguamirim;-26.344740521707557;-48.82285590937177;65;True
LOC-000993;PAT-0043;2024-01-05 01:00:00;Paranaguamirim;-26.34255384259716;-48.81923245732782;95;True
LOC-000994;PAT-0029;2024-10-16 06:00:00;Bucarein;-26.29837491290272;-48.84779634717572;66;True
LOC-000995;PAT-0077;2024-06-28 23:00:00;Itaum;-26.333262951839377;-48.81820534046843;66;True
LOC-000996;PAT-0015;2024-09-15 05:00:00;Bucarein;-26.29776112807372;-48.8473352705825;35;True
LOC-000997;PAT-0005;2024-02-01 03:00:00;Itaum;-26.335354073191787;-48.81954192259941;7;False
LOC-000998;PAT-0014;2024-07-21 06:00:00;Paranaguamirim;-26.332356594994792;-48.81355813724249;91;False
LOC-000999;PAT-0050;2024-01-20 02:00:00;Paranaguamirim;-26.34627320712056;-48.81823133282645;30;False
LOC-001000;PAT-0014;2024-06-16 18:00:00;Iririú;-26.26808889376553;-48.862438960815695;17;False
LOC-001001;PAT-0022;2024-08-31 20:00:00;Centro;-26.297782751817557;-48.85360393791018;53;False
LOC-001002;PAT-0045;2024-11-23 04:00:00;América;-26.29059423229089;-48.858578442684895;68;False
LOC-001003;PAT-0074;2024-03-29 08:00:00;Itaum;-26.32640143565062;-48.81617400532581;93;True
LOC-001004;PAT-0004;2024-03-15 04:00:00;Anita Garibaldi;-26.31302322723244;-48.837911844722974;76;False
LOC-001005;PAT-0015;2024-09-25 08:00:00;Jardim Iririú;-26.265919446759323;-48.855259197024516;66;False
LOC-001006;PAT-0052;2024-10-04 23:00:00;Itaum;-26.33255078500126;-48.82109227481851;18;False
LOC-001007;PAT-0032;2024-04-20 09:00:00;Anita Garibaldi;-26.315181455683433;-48.83575203038672;80;False
LOC-001008;PAT-0073;2024-12-05 19:00:00;Saguaçu;-26.28374832342129;-48.847793878359845;25;False
LOC-001009;PAT-0078;2024-03-26 15:00:00;Anita Garibaldi;-26.312029925213057;-48.831591496697996;58;True
LOC-001010;PAT-0035;2024-07-14 13:00:00;Anita Garibaldi;-26.310727418093602;-48.838623954146726;18;False
LOC-001011;PAT-0075;2024-10-10 01:00:00;Itaum;-26.333413430699405;-48.82605460240747;52;True
LOC-001012;PAT-0005;2024-10-17 20:00:00;Itaum;-26.332128674690928;-48.819103082636936;41;False
LOC-001013;PAT-0011;2024-09-23 08:00:00;Itaum;-26.336657632629937;-48.822768358028114;75;False
LOC-001014;PAT-0025;2024-08-11 20:00:00;Jardim Iririú;-26.275163578043646;-48.860920138981314;66;True
LOC-001015;PAT-0029;2024-12-21 01:00:00;Paranaguamirim;-26.34394468592523;-48.8126488526666;91;True
LOC-001016;PAT-0030;2024-02-12 20:00:00;Paranaguamirim;-26.346812050250712;-48.81509398814174;24;False
LOC-001017;PAT-0035;2024-09-16 01:00:00;Centro;-26.310739604661844;-48.84427553892639;6;True
LOC-001018;PAT-0035;2024-05-20 00:00:00;Saguaçu;-26.279993145513696;-48.84729279996618;18;False
LOC-001019;PAT-0028;2024-04-14 06:00:00;Bucarein;-26.30537802084773;-48.83816325804902;23;False
LOC-001020;PAT-0061;2024-06-02 17:00:00;Jardim Iririú;-26.265456915297044;-48.85670501411661;38;True
LOC-001021;PAT-0054;2024-01-03 02:00:00;Itaum;-26.33363907601895;-48.81945296173106;90;False
LOC-001022;PAT-0062;2024-06-19 07:00:00;América;-26.28505526910867;-48.84813755166624;12;True
LOC-001023;PAT-0027;2024-08-12 23:00:00;Itaum;-26.330240123446757;-48.81402304636364;22;False
LOC-001024;PAT-0036;2024-05-03 11:00:00;Iririú;-26.278110776650752;-48.85608365939539;52;False
LOC-001025;PAT-0069;2024-09-26 12:00:00;Anita Garibaldi;-26.31171777702897;-48.83639579083602;42;True
LOC-001026;PAT-0013;2024-07-23 23:00:00;Anita Garibaldi;-26.313888671695278;-48.83077207006636;48;False
LOC-001027;PAT-0037;2024-09-05 03:00:00;Paranaguamirim;-26.33897118296528;-48.81367913860733;46;True
LOC-001028;PAT-0006;2024-06-26 10:00:00;Saguaçu;-26.29116747410678;-48.85486389151644;8;True
LOC-001029;PAT-0073;2024-05-13 08:00:00;Paranaguamirim;-26.332048151955;-48.80872620774894;89;True
LOC-001030;PAT-0070;2024-08-01 00:00:00;Saguaçu;-26.286191105956853;-48.855507470364195;12;False
LOC-001031;PAT-0034;2024-06-25 07:00:00;Centro;-26.306828309764683;-48.84222565830065;48;True
LOC-001032;PAT-0012;2024-10-26 04:00:00;Jardim Iririú;-26.26463664242694;-48.85585929371673;42;False
LOC-001033;PAT-0008;2024-07-20 01:00:00;Glória;-26.322177609496077;-48.822750222635484;80;False
LOC-001034;PAT-0010;2024-11-10 13:00:00;Saguaçu;-26.27966761111954;-48.85513384946556;9;False
LOC-001035;PAT-0056;2024-09-05 08:00:00;Saguaçu;-26.285731668410232;-48.846450290227445;69;False
LOC-001036;PAT-0064;2024-07-25 20:00:00;Bucarein;-26.294487065387752;-48.84315455086997;100;False
LOC-001037;PAT-0077;2024-12-24 04:00:00;Iririú;-26.28128074853693;-48.857709872722246;97;True
LOC-001038;PAT-0028;2024-09-10 04:00:00;Saguaçu;-26.279462093031118;-48.854554903035215;9;False
LOC-001039;PAT-0005;2024-01-25 20:00:00;Paranaguamirim;-26.33622851221155;-48.81399753408526;90;True
LOC-001040;PAT-0010;2024-06-19 23:00:00;América;-26.29561253154461;-48.851335348389206;77;False
LOC-001041;PAT-0033;2024-04-15 12:00:00;Anita Garibaldi;-26.31767542384407;-48.84132712866958;80;False
LOC-001042;PAT-0070;2024-12-22 09:00:00;Iririú;-26.277939322420387;-48.85320016788644;75;False
LOC-001043;PAT-0012;2024-11-15 18:00:00;Iririú;-26.26738287062349;-48.85119275007595;31;True
LOC-001044;PAT-0014;2024-02-02 03:00:00;Saguaçu;-26.288890694806927;-48.84372354718314;77;False
LOC-001045;PAT-0052;2024-11-02 22:00:00;Jardim Iririú;-26.268701964656856;-48.8535140289878;68;False
LOC-001046;PAT-0002;2024-03-19 22:00:00;Jardim Iririú;-26.275519676388523;-48.86144846812978;56;True
LOC-001047;PAT-0037;2024-09-28 11:00:00;Jardim Iririú;-26.26964435952694;-48.85275083570205;85;False
LOC-001048;PAT-0075;2024-07-28 14:00:00;Anita Garibaldi;-26.31085887975307;-48.82915312951868;63;False
LOC-001049;PAT-0076;2024-11-16 21:00:00;Itaum;-26.322750006199872;-48.82325597486362;35;False
LOC-001050;PAT-0011;2024-03-19 16:00:00;Iririú;-26.274732223280957;-48.860451471402406;71;True
LOC-001051;PAT-0004;2024-07-05 23:00:00;Saguaçu;-26.279894282781157;-48.84903376966195;70;False
LOC-001052;PAT-0007;2024-01-22 05:00:00;Jardim Iririú;-26.2672459577189;-48.861569620672704;66;False
LOC-001053;PAT-0040;2024-02-13 11:00:00;Itaum;-26.33734743978503;-48.8187884911147;22;True
LOC-001054;PAT-0021;2024-06-13 23:00:00;Glória;-26.322959867596964;-48.82866582028275;44;True
LOC-001055;PAT-0005;2024-11-28 21:00:00;Centro;-26.303191207874704;-48.84220020824992;53;True
LOC-001056;PAT-0020;2024-04-21 17:00:00;Paranaguamirim;-26.3327904965451;-48.814841760828706;17;False
LOC-001057;PAT-0068;2024-05-05 00:00:00;Bucarein;-26.29225391424398;-48.848322837744945;55;False
LOC-001058;PAT-0072;2024-12-10 15:00:00;Paranaguamirim;-26.344346310173137;-48.809267338631145;32;True
LOC-001059;PAT-0054;2024-08-20 10:00:00;Iririú;-26.27947824271969;-48.858043766669034;6;False
LOC-001060;PAT-0054;2024-06-12 17:00:00;Paranaguamirim;-26.344781232526177;-48.80745924063509;30;True
LOC-001061;PAT-0016;2024-03-12 02:00:00;Centro;-26.297640017659162;-48.85231423826113;41;False
LOC-001062;PAT-0052;2024-03-22 12:00:00;Iririú;-26.26935734155037;-48.84766798124428;36;False
LOC-001063;PAT-0070;2024-04-03 13:00:00;Centro;-26.300001865083953;-48.85274381108988;72;False
LOC-001064;PAT-0005;2024-05-13 06:00:00;América;-26.292716238172414;-48.85530342179285;33;False
LOC-001065;PAT-0010;2024-11-06 11:00:00;Glória;-26.31992990873122;-48.837254720926616;90;False
LOC-001066;PAT-0080;2024-07-22 15:00:00;América;-26.29157069208328;-48.847718189653776;12;True
LOC-001067;PAT-0078;2024-11-24 16:00:00;Jardim Iririú;-26.27194563027905;-48.85439522021485;8;False
LOC-001068;PAT-0006;2024-05-16 09:00:00;América;-26.29091955126162;-48.85205486269094;8;True
LOC-001069;PAT-0032;2024-07-21 00:00:00;Itaum;-26.337512055234352;-48.81314364679932;79;True
LOC-001070;PAT-0038;2024-08-16 17:00:00;Iririú;-26.28089103402404;-48.85355521485191;15;False
LOC-001071;PAT-0019;2024-11-08 00:00:00;Jardim Iririú;-26.261814566461297;-48.85791988583286;42;False
LOC-001072;PAT-0016;2024-09-03 10:00:00;Paranaguamirim;-26.3359731237275;-48.809473292772786;33;True
LOC-001073;PAT-0026;2024-02-12 21:00:00;Saguaçu;-26.286234105455055;-48.85125119671917;45;False
LOC-001074;PAT-0034;2024-10-15 22:00:00;Bucarein;-26.297725594203456;-48.84433174845876;25;True
LOC-001075;PAT-0065;2024-10-18 03:00:00;Saguaçu;-26.28708001782464;-48.84150476929288;83;False
LOC-001076;PAT-0043;2024-11-06 16:00:00;América;-26.28714752212543;-48.84458458406338;44;True
LOC-001077;PAT-0039;2024-02-03 14:00:00;Anita Garibaldi;-26.307453005132288;-48.82737627558079;84;True
LOC-001078;PAT-0071;2024-09-04 11:00:00;Saguaçu;-26.28078743695675;-48.84157058693693;33;True
LOC-001079;PAT-0034;2024-07-08 02:00:00;Iririú;-26.271438212402646;-48.86096204742346;7;True
LOC-001080;PAT-0020;2024-03-19 18:00:00;Itaum;-26.334727930580915;-48.814820411421806;67;True
LOC-001081;PAT-0008;2024-12-12 22:00:00;Iririú;-26.27759248033215;-48.85644258435024;93;False
LOC-001082;PAT-0027;2024-05-21 09:00:00;América;-26.29148247304026;-48.84314717830486;96;True
LOC-001083;PAT-0041;2024-02-19 09:00:00;Paranaguamirim;-26.342707312137158;-48.81544350457074;40;False
LOC-001084;PAT-0026;2024-11-05 05:00:00;Paranaguamirim;-26.335920956797466;-48.81413862267996;18;False
LOC-001085;PAT-0010;2024-06-22 06:00:00;Jardim Iririú;-26.270730343612;-48.85952360135589;61;False
LOC-001086;PAT-0055;2024-12-10 03:00:00;América;-26.296788286611434;-48.853852207522266;77;False
LOC-001087;PAT-0008;2024-08-07 08:00:00;América;-26.29261535276723;-48.85779964657771;77;True
LOC-001088;PAT-0062;2024-11-13 17:00:00;Glória;-26.312321369075484;-48.82366958031357;87;True
LOC-001089;PAT-0073;2024-04-01 16:00:00;Paranaguamirim;-26.344385897393064;-48.810157186999575;57;True
LOC-001090;PAT-0013;2024-12-10 07:00:00;Itaum;-26.328205461456907;-48.825767571511044;45;True
LOC-001091;PAT-0063;2024-09-21 20:00:00;Centro;-26.305472431202567;-48.8417717076584;39;False
LOC-001092;PAT-0076;2024-06-21 21:00:00;Centro;-26.311263606917613;-48.84418645334319;57;False
LOC-001093;PAT-0013;2024-10-19 15:00:00;Iririú;-26.27519397430403;-48.85645369939331;54;True
LOC-001094;PAT-0027;2024-05-19 14:00:00;Centro;-26.30116537074163;-48.85013566161447;24;True
LOC-001095;PAT-0070;2024-08-15 13:00:00;Centro;-26.304188480386756;-48.840444339463964;70;True
LOC-001096;PAT-0049;2024-06-28 12:00:00;Saguaçu;-26.279046302980056;-48.844796987851296;84;False
LOC-001097;PAT-0008;2024-06-12 18:00:00;Anita Garibaldi;-26.31537700773348;-48.834236161448494;68;True
LOC-001098;PAT-0011;2024-01-19 15:00:00;Glória;-26.326620013259138;-48.828246903457625;93;False
LOC-001099;PAT-0042;2024-01-10 11:00:00;Glória;-26.31301495021347;-48.836542941086684;29;True
LOC-001100;PAT-0062;2024-06-15 09:00:00;Saguaçu;-26.28694885840755;-48.84841728382542;50;True
LOC-001101;PAT-0013;2024-11-09 08:00:00;Anita Garibaldi;-26.31077751117674;-48.83990079531543;17;True
LOC-001102;PAT-0012;2024-11-28 22:00:00;Paranaguamirim;-26.335327949981917;-48.81966586113586;71;True
LOC-001103;PAT-0064;2024-04-17 20:00:00;Jardim Iririú;-26.27081098137799;-48.85741913660341;82;False
LOC-001104;PAT-0015;2024-06-05 07:00:00;Paranaguamirim;-26.33654136738916;-48.80841990157065;53;False
LOC-001105;PAT-0027;2024-08-09 17:00:00;Jardim Iririú;-26.273833298402916;-48.861539894232344;25;True
LOC-001106;PAT-0018;2024-08-29 21:00:00;Iririú;-26.27833930004471;-48.859676011631805;23;False
LOC-001107;PAT-0013;2024-09-09 03:00:00;Jardim Iririú;-26.273684629821815;-48.85762004900421;48;False
LOC-001108;PAT-0075;2024-06-21 13:00:00;Centro;-26.299420311065578;-48.8402610072584;24;True
LOC-001109;PAT-0040;2024-10-15 05:00:00;Bucarein;-26.30243761223637;-48.83802689918204;62;True
LOC-001110;PAT-0003;2024-03-13 23:00:00;Centro;-26.300921543113517;-48.84029988431142;46;False
LOC-001111;PAT-0018;2024-01-02 18:00:00;Anita Garibaldi;-26.304907225644072;-48.83441512526383;85;False
LOC-001112;PAT-0039;2024-05-16 19:00:00;Saguaçu;-26.284555644654898;-48.843969980090094;56;False
LOC-001113;PAT-0060;2024-01-28 15:00:00;Bucarein;-26.297359532923828;-48.847758967050254;12;True
LOC-001114;PAT-0001;2024-07-26 22:00:00;Centro;-26.305023462910437;-48.84862760615419;5;False
LOC-001115;PAT-0021;2024-05-03 09:00:00;América;-26.293785757705702;-48.852767213368296;26;True
LOC-001116;PAT-0067;2024-02-27 11:00:00;América;-26.291389519505202;-48.850819268060064;21;True
LOC-001117;PAT-0072;2024-04-17 11:00:00;Anita Garibaldi;-26.310355079483735;-48.82813477823589;36;True
LOC-001118;PAT-0012;2024-10-30 14:00:00;Iririú;-26.267224134845268;-48.849011255036444;9;False
LOC-001119;PAT-0038;2024-08-26 03:00:00;Centro;-26.297395767050908;-48.85204759212338;21;False
LOC-001120;PAT-0012;2024-01-27 21:00:00;América;-26.28520555266731;-48.85623536556988;33;False
LOC-001121;PAT-0016;2024-01-25 03:00:00;Paranaguamirim;-26.33377391142872;-48.817277751206575;41;False
LOC-001122;PAT-0017;2024-03-04 10:00:00;Itaum;-26.330514413067327;-48.82334809814575;9;False
LOC-001123;PAT-0069;2024-11-25 08:00:00;Centro;-26.301880890765162;-48.8443636647495;52;False
LOC-001124;PAT-0059;2024-08-24 14:00:00;Jardim Iririú;-26.26167893243302;-48.85355558323577;53;False
LOC-001125;PAT-0039;2024-04-27 09:00:00;Glória;-26.321712787760138;-48.822603335333234;100;True
LOC-001126;PAT-0041;2024-11-10 08:00:00;Anita Garibaldi;-26.304611800346475;-48.83254235275944;64;False
LOC-001127;PAT-0018;2024-05-03 21:00:00;Saguaçu;-26.286347423006895;-48.84258945277758;62;True
LOC-001128;PAT-0063;2024-02-06 21:00:00;Centro;-26.302782677353708;-48.84579676479631;18;True
LOC-001129;PAT-0010;2024-05-14 22:00:00;Itaum;-26.32664312458764;-48.82466676885024;28;False
LOC-001130;PAT-0078;2024-10-01 15:00:00;Saguaçu;-26.277790527790785;-48.847604985406505;51;True
LOC-001131;PAT-0028;2024-03-09 05:00:00;Iririú;-26.279086139615163;-48.85411867837699;15;False
LOC-001132;PAT-0056;2024-06-29 11:00:00;Anita Garibaldi;-26.308061904348182;-48.83112067897258;89;False
LOC-001133;PAT-0061;2024-08-27 16:00:00;Anita Garibaldi;-26.311666950621696;-48.83948187216468;52;False
LOC-001134;PAT-0066;2024-06-21 12:00:00;Anita Garibaldi;-26.31570308575007;-48.83710703388661;71;True
LOC-001135;PAT-0048;2024-05-10 03:00:00;Bucarein;-26.293574290563257;-48.844175560492566;77;True
LOC-001136;PAT-0063;2024-04-24 10:00:00;Bucarein;-26.297164443517218;-48.83464896646814;99;False
LOC-001137;PAT-0049;2024-05-18 20:00:00;Itaum;-26.327424418869604;-48.82089688063477;10;False
LOC-001138;PAT-0038;2024-11-20 15:00:00;Saguaçu;-26.287833582902753;-48.84391849652323;38;True
LOC-001139;PAT-0055;2024-06-07 03:00:00;Bucarein;-26.298299616770755;-48.83798701789801;18;False
LOC-001140;PAT-0025;2024-07-20 17:00:00;América;-26.289122331984192;-48.854751293043144;71;True
LOC-001141;PAT-0078;2024-06-17 20:00:00;Paranaguamirim;-26.34152142697168;-48.81385008497005;85;False
LOC-001142;PAT-0010;2024-07-10 14:00:00;Centro;-26.30922603936244;-48.83989115370691;26;False
LOC-001143;PAT-0031;2024-04-19 19:00:00;Itaum;-26.322613752122955;-48.82039683648869;69;True
LOC-001144;PAT-0071;2024-12-06 10:00:00;Anita Garibaldi;-26.31181651935932;-48.82787811988252;6;False
LOC-001145;PAT-0011;2024-03-18 07:00:00;Centro;-26.300657274075398;-48.850768668330815;48;False
LOC-001146;PAT-0005;2024-03-15 17:00:00;Centro;-26.305823244903102;-48.85301345430762;13;True
LOC-001147;PAT-0064;2024-07-06 11:00:00;Jardim Iririú;-26.27031789177559;-48.85373673802968;57;True
LOC-001148;PAT-0039;2024-06-27 17:00:00;Bucarein;-26.299485371224524;-48.836437100832605;56;False
LOC-001149;PAT-0079;2024-01-10 21:00:00;Centro;-26.30585285369943;-48.83831856198506;60;False
LOC-001150;PAT-0015;2024-10-25 11:00:00;Anita Garibaldi;-26.31129311814493;-48.8321297041902;10;False
LOC-001151;PAT-0049;2024-09-05 23:00:00;Glória;-26.319304482080298;-48.82301299317332;95;False
LOC-001152;PAT-0016;2024-11-02 09:00:00;Anita Garibaldi;-26.312045538945874;-48.829768815598655;74;False
LOC-001153;PAT-0074;2024-09-06 11:00:00;Itaum;-26.33584342744132;-48.81448917867008;19;False
LOC-001154;PAT-0037;2024-09-13 03:00:00;Itaum;-26.33006279234399;-48.81889373487273;28;False
LOC-001155;PAT-0022;2024-11-30 13:00:00;Anita Garibaldi;-26.31729433759327;-48.836882166433334;32;False
LOC-001156;PAT-0032;2024-07-25 01:00:00;Glória;-26.32598182741927;-48.82304707083931;79;False
LOC-001157;PAT-0020;2024-03-20 16:00:00;Saguaçu;-26.278077668522542;-48.84908612519015;21;False
LOC-001158;PAT-0016;2024-05-14 20:00:00;Jardim Iririú;-26.266320799789636;-48.859378890124006;67;False
LOC-001159;PAT-0045;2024-11-23 03:00:00;Iririú;-26.272448159070006;-48.855862171085995;72;False
LOC-001160;PAT-0037;2024-04-09 13:00:00;Bucarein;-26.299571301274664;-48.840962906976635;75;False
LOC-001161;PAT-0007;2024-03-26 07:00:00;Jardim Iririú;-26.261456305729364;-48.860471918736124;42;True
LOC-001162;PAT-0010;2024-04-19 23:00:00;Glória;-26.317793112166726;-48.837232519062724;40;True
LOC-001163;PAT-0031;2024-12-01 20:00:00;Centro;-26.300093282087623;-48.84008722902388;67;False
LOC-001164;PAT-0011;2024-06-03 14:00:00;Iririú;-26.277103000495554;-48.85588969889734;86;True
LOC-001165;PAT-0043;2024-01-01 09:00:00;Jardim Iririú;-26.260639809906895;-48.858576901623884;83;True
LOC-001166;PAT-0028;2024-01-10 14:00:00;América;-26.285872619357466;-48.85677299515587;9;True
LOC-001167;PAT-0043;2024-02-22 08:00:00;Glória;-26.314336824591766;-48.83794579443228;79;True
LOC-001168;PAT-0007;2024-07-24 18:00:00;Glória;-26.325244891721187;-48.8340753585017;76;False
LOC-001169;PAT-0053;2024-08-15 20:00:00;Itaum;-26.333664588674058;-48.81672662348587;53;True
LOC-001170;PAT-0077;2024-02-19 08:00:00;Saguaçu;-26.288429974405062;-48.854412887518194;29;False
LOC-001171;PAT-0056;2024-09-09 21:00:00;Iririú;-26.278665452428047;-48.84845780095382;58;False
LOC-001172;PAT-0024;2024-10-29 15:00:00;Itaum;-26.32431346940633;-48.8245596388903;15;True
LOC-001173;PAT-0050;2024-12-21 07:00:00;Jardim Iririú;-26.275489843276663;-48.86472650217133;46;False
LOC-001174;PAT-0009;2024-05-28 03:00:00;Glória;-26.32678240017631;-48.835095872614055;22;False
LOC-001175;PAT-0053;2024-10-11 11:00:00;Centro;-26.308017362069922;-48.85397629259246;65;True
LOC-001176;PAT-0071;2024-06-12 18:00:00;Itaum;-26.33480203240561;-48.81565111250435;55;True
LOC-001177;PAT-0033;2024-06-23 01:00:00;Paranaguamirim;-26.344290246177874;-48.80899944750007;83;False
LOC-001178;PAT-0045;2024-09-22 22:00:00;Jardim Iririú;-26.263232908971947;-48.85817339675814;46;False
LOC-001179;PAT-0044;2024-04-20 15:00:00;Bucarein;-26.296989974497727;-48.84698880029312;75;True
LOC-001180;PAT-0022;2024-05-25 11:00:00;Iririú;-26.282907669419313;-48.858435552048945;41;True
LOC-001181;PAT-0042;2024-07-25 01:00:00;Glória;-26.321130835748733;-48.830385172842156;43;True
LOC-001182;PAT-0023;2024-03-03 14:00:00;Glória;-26.321473841170395;-48.822730464774025;43;True
LOC-001183;PAT-0064;2024-01-14 06:00:00;Iririú;-26.281176875688885;-48.859042378050916;24;False
LOC-001184;PAT-0040;2024-11-07 12:00:00;Bucarein;-26.295181731382375;-48.83829366553728;6;False
LOC-001185;PAT-0010;2024-02-21 00:00:00;Glória;-26.316766444985927;-48.83096882842731;23;False
LOC-001186;PAT-0001;2024-02-09 14:00:00;Iririú;-26.271465708495164;-48.85823444242624;25;False
LOC-001187;PAT-0018;2024-06-27 19:00:00;América;-26.28734446487106;-48.851705345007645;38;True
LOC-001188;PAT-0047;2024-12-13 00:00:00;Glória;-26.327999154769085;-48.83686069251934;93;False
LOC-001189;PAT-0037;2024-12-03 01:00:00;Itaum;-26.32273726713845;-48.815221002065115;76;False
LOC-001190;PAT-0063;2024-02-23 14:00:00;Itaum;-26.324972659727123;-48.82410716915227;24;False
LOC-001191;PAT-0009;2024-01-19 12:00:00;Paranaguamirim;-26.33353629285457;-48.81139340602891;37;True
LOC-001192;PAT-0060;2024-08-23 18:00:00;Paranaguamirim;-26.34774970727508;-48.82190642605683;73;True
LOC-001193;PAT-0075;2024-11-26 08:00:00;Itaum;-26.323058259267427;-48.81271842310135;74;False
LOC-001194;PAT-0070;2024-10-21 01:00:00;Iririú;-26.27004338354099;-48.85991176023351;55;False
LOC-001195;PAT-0077;2024-09-07 17:00:00;Paranaguamirim;-26.33460449371266;-48.80887612678068;29;False
LOC-001196;PAT-0079;2024-08-09 22:00:00;Bucarein;-26.304507401844447;-48.83704842864615;97;True
LOC-001197;PAT-0036;2024-11-01 05:00:00;Glória;-26.316179551537303;-48.8225142412147;14;True
LOC-001198;PAT-0067;2024-09-27 10:00:00;Paranaguamirim;-26.332641332965725;-48.815353749424865;36;True
LOC-001199;PAT-0068;2024-06-09 21:00:00;Bucarein;-26.295143242537307;-48.83836164329846;64;True
LOC-001200;PAT-0046;2024-02-20 12:00:00;Glória;-26.318871017526007;-48.832068629487395;35;False
LOC-001201;PAT-0055;2024-12-26 04:00:00;Paranaguamirim;-26.332869925156015;-48.82005010819168;64;True
LOC-001202;PAT-0050;2024-02-26 23:00:00;Bucarein;-26.298913006052246;-48.842910785073066;14;False
LOC-001203;PAT-0078;2024-07-05 18:00:00;Iririú;-26.27341130293903;-48.86034801575378;43;False
LOC-001204;PAT-0037;2024-05-01 21:00:00;Paranaguamirim;-26.34037858730409;-48.80728728603542;51;False
LOC-001205;PAT-0065;2024-10-08 18:00:00;Itaum;-26.323074460458233;-48.82646005614175;10;True
LOC-001206;PAT-0073;2024-08-05 14:00:00;Anita Garibaldi;-26.318782644371755;-48.83357261242476;33;False
LOC-001207;PAT-0077;2024-07-24 21:00:00;Itaum;-26.329982084786792;-48.817976578315935;14;True
LOC-001208;PAT-0029;2024-05-07 11:00:00;Jardim Iririú;-26.265008760937835;-48.859390727314015;19;True
LOC-001209;PAT-0008;2024-04-11 13:00:00;Bucarein;-26.293329495385244;-48.83940502582861;73;False
LOC-001210;PAT-0004;2024-09-06 07:00:00;Itaum;-26.328671701640893;-48.82614110759981;9;True
LOC-001211;PAT-0048;2024-07-07 21:00:00;Itaum;-26.323457316094053;-48.819119703612714;94;True
LOC-001212;PAT-0014;2024-07-01 22:00:00;Glória;-26.31292813684986;-48.83340459886196;24;True
LOC-001213;PAT-0076;2024-09-26 19:00:00;Paranaguamirim;-26.346970892428903;-48.80795718298718;53;False
LOC-001214;PAT-0044;2024-07-27 01:00:00;Iririú;-26.276562071367337;-48.85080685354496;91;False
LOC-001215;PAT-0056;2024-09-07 01:00:00;Bucarein;-26.30562465565246;-48.83443976828544;53;True
LOC-001216;PAT-0058;2024-08-20 04:00:00;Anita Garibaldi;-26.31472933348201;-48.84239910288416;85;True
LOC-001217;PAT-0045;2024-03-09 17:00:00;Centro;-26.303810108512472;-48.84963786919711;80;True
LOC-001218;PAT-0052;2024-10-02 06:00:00;Jardim Iririú;-26.261427281111843;-48.86487323861379;20;True
LOC-001219;PAT-0027;2024-05-18 02:00:00;Jardim Iririú;-26.262455130840554;-48.86782152660301;38;False
LOC-001220;PAT-0047;2024-04-19 07:00:00;Iririú;-26.280960004373245;-48.85912278831606;20;True
LOC-001221;PAT-0047;2024-06-25 03:00:00;Paranaguamirim;-26.346511514004145;-48.81213958426367;82;False
LOC-001222;PAT-0065;2024-04-09 19:00:00;Jardim Iririú;-26.266571722579894;-48.864302577245844;36;True
LOC-001223;PAT-0038;2024-01-04 02:00:00;Centro;-26.30388611244066;-48.84605594487228;90;False
LOC-001224;PAT-0019;2024-05-19 06:00:00;Paranaguamirim;-26.34373795773712;-48.80879491016056;78;True
LOC-001225;PAT-0024;2024-01-25 19:00:00;Saguaçu;-26.278608750647138;-48.844899873274414;57;False
LOC-001226;PAT-0058;2024-08-27 09:00:00;Glória;-26.313162137448614;-48.8316859348815;5;False
LOC-001227;PAT-0012;2024-03-25 15:00:00;Bucarein;-26.299558216986554;-48.84404049697741;54;False
LOC-001228;PAT-0059;2024-11-21 09:00:00;Anita Garibaldi;-26.305755159086186;-48.83570822697587;15;False
LOC-001229;PAT-0020;2024-11-10 07:00:00;Itaum;-26.33185681769179;-48.82516733694304;8;False
LOC-001230;PAT-0050;2024-08-09 12:00:00;Saguaçu;-26.281210930690726;-48.84585598772134;38;True
LOC-001231;PAT-0052;2024-12-10 07:00:00;Paranaguamirim;-26.340384924519235;-48.817173554894325;63;True
LOC-001232;PAT-0018;2024-06-09 15:00:00;Bucarein;-26.304038669495885;-48.83636215441181;16;True
LOC-001233;PAT-0047;2024-12-30 23:00:00;Glória;-26.31315305278021;-48.82589515743907;69;True
LOC-001234;PAT-0052;2024-10-17 13:00:00;Glória;-26.32073445450596;-48.82823178937453;77;True
LOC-001235;PAT-0047;2024-08-14 02:00:00;Bucarein;-26.29424820735484;-48.84417276443761;100;True
LOC-001236;PAT-0004;2024-12-21 08:00:00;Itaum;-26.332125218969097;-48.82464109069323;20;True
LOC-001237;PAT-0034;2024-09-23 00:00:00;Saguaçu;-26.29269790594278;-48.84358157017431;18;False
LOC-001238;PAT-0049;2024-04-10 22:00:00;Iririú;-26.28139151426093;-48.85521745441614;79;True
LOC-001239;PAT-0002;2024-12-07 00:00:00;Paranaguamirim;-26.34006048832816;-48.81940399938916;83;False
LOC-001240;PAT-0061;2024-12-06 01:00:00;Centro;-26.30136057028598;-48.85107720615936;21;True
LOC-001241;PAT-0003;2024-08-21 21:00:00;Iririú;-26.27764423477473;-48.860353585527974;98;False
LOC-001242;PAT-0006;2024-04-26 11:00:00;Centro;-26.301272184653158;-48.84176542086071;45;False
LOC-001243;PAT-0011;2024-11-17 13:00:00;Glória;-26.31682183056909;-48.83433620503519;53;True
LOC-001244;PAT-0038;2024-07-05 17:00:00;Iririú;-26.271737025482754;-48.854573723783595;89;False
LOC-001245;PAT-0036;2024-03-19 12:00:00;Centro;-26.304519650335674;-48.84697525822443;91;False
LOC-001246;PAT-0015;2024-01-13 16:00:00;Iririú;-26.268361821598056;-48.85372622561234;81;False
LOC-001247;PAT-0029;2024-03-30 10:00:00;Centro;-26.304572855712312;-48.840165521594066;23;False
LOC-001248;PAT-0001;2024-04-02 21:00:00;Saguaçu;-26.285795756904054;-48.84211604175869;43;False
LOC-001249;PAT-0049;2024-07-31 07:00:00;Anita Garibaldi;-26.31680990689583;-48.835782782850806;97;False
LOC-001250;PAT-0066;2024-08-29 18:00:00;Paranaguamirim;-26.3430775186023;-48.82275413998824;67;True
LOC-001251;PAT-0054;2024-05-15 22:00:00;Glória;-26.327322648119708;-48.83117689910857;57;False
LOC-001252;PAT-0024;2024-02-04 04:00:00;Itaum;-26.327863435302138;-48.818300903401216;76;False
LOC-001253;PAT-0034;2024-09-16 16:00:00;Jardim Iririú;-26.272023428097167;-48.85907576385443;75;False
LOC-001254;PAT-0006;2024-07-18 13:00:00;Anita Garibaldi;-26.315133515928235;-48.832578622307196;90;False
LOC-001255;PAT-0066;2024-10-25 03:00:00;Centro;-26.300066967653372;-48.85173478828043;32;True
LOC-001256;PAT-0057;2024-02-15 04:00:00;Centro;-26.30716446106942;-48.84385543841951;42;True
LOC-001257;PAT-0014;2024-12-10 04:00:00;Jardim Iririú;-26.27212486572779;-48.8650775741001;13;True
LOC-001258;PAT-0001;2024-04-10 05:00:00;Bucarein;-26.30329507601386;-48.83799161630885;10;True
LOC-001259;PAT-0001;2024-02-08 08:00:00;Glória;-26.31560226556509;-48.8325745981878;33;False
LOC-001260;PAT-0053;2024-11-16 21:00:00;Anita Garibaldi;-26.31792469987216;-48.831641673065896;38;True
LOC-001261;PAT-0053;2024-03-26 10:00:00;Saguaçu;-26.285739939835995;-48.8552341504175;15;True
LOC-001262;PAT-0070;2024-03-22 12:00:00;Bucarein;-26.297889118142763;-48.84347423959054;40;True
LOC-001263;PAT-0077;2024-02-12 03:00:00;Saguaçu;-26.28200176139703;-48.84471944764378;16;False
LOC-001264;PAT-0008;2024-10-26 15:00:00;Centro;-26.30226746428267;-48.8505700717387;30;False
LOC-001265;PAT-0035;2024-11-24 17:00:00;Jardim Iririú;-26.26302846923288;-48.855275407283244;13;True
LOC-001266;PAT-0013;2024-10-17 04:00:00;Jardim Iririú;-26.27528397705718;-48.857907524270324;71;False
LOC-001267;PAT-0063;2024-06-19 19:00:00;Bucarein;-26.301256948403527;-48.8405990116456;18;False
LOC-001268;PAT-0018;2024-06-05 12:00:00;Jardim Iririú;-26.271517854099596;-48.86234321833273;19;False
LOC-001269;PAT-0069;2024-06-12 14:00:00;Anita Garibaldi;-26.317663729510528;-48.8352807764739;76;False
LOC-001270;PAT-0019;2024-05-15 20:00:00;Saguaçu;-26.288373147938298;-48.846442411184356;86;True
LOC-001271;PAT-0001;2024-11-18 08:00:00;Iririú;-26.278043754973712;-48.85544060617736;18;True
LOC-001272;PAT-0061;2024-07-12 11:00:00;Glória;-26.31964984860916;-48.82682698681695;44;False
LOC-001273;PAT-0053;2024-12-24 06:00:00;Iririú;-26.27238072833718;-48.85606084907029;6;False
LOC-001274;PAT-0022;2024-04-02 11:00:00;Centro;-26.30630239178221;-48.85096362909213;48;True
LOC-001275;PAT-0025;2024-12-17 10:00:00;Bucarein;-26.294488476298984;-48.84657705947518;15;False
LOC-001276;PAT-0065;2024-05-23 09:00:00;Paranaguamirim;-26.342621354582725;-48.82290713969851;94;True
LOC-001277;PAT-0015;2024-02-09 03:00:00;Centro;-26.307755461162966;-48.84938467655106;95;True
LOC-001278;PAT-0016;2024-09-23 03:00:00;América;-26.290340991106287;-48.84701731775234;34;True
LOC-001279;PAT-0045;2024-12-18 17:00:00;Itaum;-26.337620538235107;-48.815293396658596;25;True
LOC-001280;PAT-0021;2024-12-06 22:00:00;Anita Garibaldi;-26.318723374021857;-48.83976051932647;45;True
LOC-001281;PAT-0018;2024-06-24 02:00:00;Iririú;-26.276312487302615;-48.84765529605006;86;True
LOC-001282;PAT-0030;2024-04-19 12:00:00;Paranaguamirim;-26.33291339661773;-48.814961555304315;19;False
LOC-001283;PAT-0019;2024-08-18 06:00:00;Iririú;-26.271455811522504;-48.8483283400157;61;True
LOC-001284;PAT-0071;2024-09-18 00:00:00;América;-26.29758997488799;-48.84769175549021;80;True
LOC-001285;PAT-0019;2024-12-17 10:00:00;Iririú;-26.269458911795503;-48.85144106523164;90;True
LOC-001286;PAT-0024;2024-03-14 01:00:00;Centro;-26.30068318767027;-48.8528393020591;5;True
LOC-001287;PAT-0023;2024-04-15 17:00:00;Anita Garibaldi;-26.310224855588757;-48.83948014196965;44;True
LOC-001288;PAT-0072;2024-11-27 20:00:00;Centro;-26.299275312630254;-48.85405896266729;44;True
LOC-001289;PAT-0020;2024-10-03 03:00:00;Glória;-26.321534242436112;-48.82654195775237;62;False
LOC-001290;PAT-0037;2024-12-19 18:00:00;Iririú;-26.279455983186338;-48.85748898738514;9;False
LOC-001291;PAT-0002;2024-04-20 14:00:00;Centro;-26.30420762577426;-48.84161355974278;69;False
LOC-001292;PAT-0069;2024-08-07 16:00:00;Anita Garibaldi;-26.311218531910505;-48.83757702048101;51;False
LOC-001293;PAT-0036;2024-06-03 03:00:00;Paranaguamirim;-26.339386778047842;-48.809890659963216;58;True
LOC-001294;PAT-0061;2024-10-01 08:00:00;América;-26.28995881933632;-48.856908827940025;5;False
LOC-001295;PAT-0042;2024-09-11 02:00:00;Glória;-26.312820721308174;-48.83522602949188;78;False
LOC-001296;PAT-0020;2024-05-13 12:00:00;Bucarein;-26.291564070030457;-48.84454597536666;100;False
LOC-001297;PAT-0068;2024-12-09 04:00:00;Iririú;-26.268988527415054;-48.85646420177788;40;True
LOC-001298;PAT-0025;2024-03-25 00:00:00;Bucarein;-26.29317733102546;-48.84442075502651;11;False
LOC-001299;PAT-0046;2024-02-08 08:00:00;América;-26.283905150283754;-48.84678164747963;54;False
LOC-001300;PAT-0078;2024-12-04 16:00:00;Anita Garibaldi;-26.31842408573313;-48.84144877771797;63;True
LOC-001301;PAT-0076;2024-05-04 06:00:00;Jardim Iririú;-26.27175802781687;-48.86238052768579;17;False
LOC-001302;PAT-0077;2024-05-04 10:00:00;Saguaçu;-26.285079104869528;-48.84260416000775;42;True
LOC-001303;PAT-0039;2024-05-16 01:00:00;Glória;-26.314455448110024;-48.836931246763804;89;False
LOC-001304;PAT-0005;2024-02-19 03:00:00;Bucarein;-26.297917348615634;-48.83492250387726;69;False
LOC-001305;PAT-0001;2024-04-04 14:00:00;Bucarein;-26.294031444170532;-48.83421893052365;63;True
LOC-001306;PAT-0035;2024-03-27 17:00:00;Jardim Iririú;-26.27377664151602;-48.8665829092188;72;True
LOC-001307;PAT-0012;2024-04-16 12:00:00;Saguaçu;-26.288961378992376;-48.85133963964391;32;True
LOC-001308;PAT-0005;2024-01-06 06:00:00;Iririú;-26.271291582479396;-48.85704158934343;13;True
LOC-001309;PAT-0071;2024-01-01 16:00:00;Bucarein;-26.303364255857794;-48.83757773810156;7;False
LOC-001310;PAT-0035;2024-09-03 12:00:00;América;-26.293378305045522;-48.84946517100613;30;False
LOC-001311;PAT-0058;2024-05-29 14:00:00;América;-26.294762139874983;-48.848690148792116;18;True
LOC-001312;PAT-0078;2024-09-04 01:00:00;América;-26.293402212892442;-48.8468798428349;38;False
LOC-001313;PAT-0015;2024-10-20 00:00:00;Anita Garibaldi;-26.308666815214753;-48.84111233600901;50;False
LOC-001314;PAT-0030;2024-08-03 21:00:00;Bucarein;-26.300114445101713;-48.83666864868943;54;True
LOC-001315;PAT-0048;2024-12-06 15:00:00;Iririú;-26.274115786838273;-48.85171008313311;39;True
LOC-001316;PAT-0014;2024-08-10 03:00:00;Saguaçu;-26.29140108996713;-48.84676253239686;45;False
LOC-001317;PAT-0015;2024-10-05 07:00:00;Centro;-26.299519716908247;-48.839964234643475;65;True
LOC-001318;PAT-0032;2024-08-26 12:00:00;Glória;-26.32208178198963;-48.826795098337854;21;True
LOC-001319;PAT-0045;2024-03-14 23:00:00;Anita Garibaldi;-26.30962345345547;-48.839772800597906;24;True
LOC-001320;PAT-0004;2024-11-05 11:00:00;Itaum;-26.32639376637341;-48.82112407390279;63;False
LOC-001321;PAT-0041;2024-01-02 15:00:00;Iririú;-26.279645425246212;-48.855095314129024;46;False
LOC-001322;PAT-0025;2024-08-03 20:00:00;Anita Garibaldi;-26.305845200240746;-48.842116517971995;89;False
LOC-001323;PAT-0041;2024-09-04 22:00:00;Jardim Iririú;-26.26614041197429;-48.85272579978624;65;False
LOC-001324;PAT-0057;2024-02-03 20:00:00;Glória;-26.321140397731977;-48.83594276382725;81;True
LOC-001325;PAT-0019;2024-08-01 05:00:00;Anita Garibaldi;-26.31708263706275;-48.831840619724375;39;False
LOC-001326;PAT-0022;2024-02-18 15:00:00;Paranaguamirim;-26.332923184993582;-48.81490030342254;11;False
LOC-001327;PAT-0068;2024-03-16 01:00:00;Itaum;-26.325918908733893;-48.82758988400185;63;True
LOC-001328;PAT-0076;2024-05-24 17:00:00;Itaum;-26.334671606996267;-48.81320404038617;97;True
LOC-001329;PAT-0017;2024-09-25 16:00:00;Anita Garibaldi;-26.314596627604413;-48.8293706110589;39;True
LOC-001330;PAT-0001;2024-07-21 17:00:00;Iririú;-26.27004521187059;-48.85461187315354;8;False
LOC-001331;PAT-0056;2024-01-26 21:00:00;América;-26.287869157388556;-48.85533692262177;33;False
LOC-001332;PAT-0038;2024-06-02 03:00:00;Centro;-26.30014745131655;-48.85225403374912;32;True
LOC-001333;PAT-0016;2024-09-13 12:00:00;Paranaguamirim;-26.340940782364594;-48.817185720329086;62;True
LOC-001334;PAT-0047;2024-10-21 07:00:00;Iririú;-26.271536379797723;-48.85891314750326;38;False
LOC-001335;PAT-0063;2024-01-23 07:00:00;Jardim Iririú;-26.269816100434177;-48.8598929407839;38;False
LOC-001336;PAT-0072;2024-12-09 05:00:00;Bucarein;-26.302619793328986;-48.83453745126202;84;True
LOC-001337;PAT-0006;2024-07-17 09:00:00;Paranaguamirim;-26.33787716744254;-48.81380074410832;85;False
LOC-001338;PAT-0077;2024-12-01 10:00:00;Bucarein;-26.290383777190417;-48.83576110310576;79;False
LOC-001339;PAT-0060;2024-07-24 08:00:00;Paranaguamirim;-26.343030384457673;-48.812585938600066;83;False
LOC-001340;PAT-0068;2024-11-10 13:00:00;Iririú;-26.2756244865246;-48.8553960555746;72;True
LOC-001341;PAT-0031;2024-08-27 09:00:00;Iririú;-26.27221597806288;-48.849326278996266;62;True
LOC-001342;PAT-0004;2024-02-25 18:00:00;Glória;-26.319335899486042;-48.83045811023723;5;True
LOC-001343;PAT-0017;2024-11-09 02:00:00;Iririú;-26.269505155268654;-48.849101949271834;82;False
LOC-001344;PAT-0070;2024-07-24 01:00:00;América;-26.28681211669649;-48.85433477168679;34;True
LOC-001345;PAT-0003;2024-06-14 22:00:00;Glória;-26.327067244738203;-48.83593899081979;36;True
LOC-001346;PAT-0010;2024-12-16 07:00:00;Itaum;-26.322025260257217;-48.814314968570194;82;True
LOC-001347;PAT-0004;2024-11-07 21:00:00;Centro;-26.30036156074049;-48.84480135737932;18;False
LOC-001348;PAT-0039;2024-01-11 12:00:00;Saguaçu;-26.279177546939295;-48.84177452162802;95;False
LOC-001349;PAT-0014;2024-05-08 18:00:00;América;-26.288580836606474;-48.84399476468812;34;True
LOC-001350;PAT-0080;2024-01-17 18:00:00;Saguaçu;-26.279299437951252;-48.855141945754056;55;False
LOC-001351;PAT-0037;2024-12-29 15:00:00;Bucarein;-26.30420187240114;-48.84198449117026;100;True
LOC-001352;PAT-0043;2024-11-26 00:00:00;Iririú;-26.27743619463105;-48.857000567214804;83;False
LOC-001353;PAT-0032;2024-04-27 09:00:00;América;-26.284977264902327;-48.84898626564688;41;True
LOC-001354;PAT-0039;2024-03-07 10:00:00;América;-26.29577351661973;-48.84630254084476;16;True
LOC-001355;PAT-0010;2024-12-04 03:00:00;Jardim Iririú;-26.274748126422722;-48.86351055654441;28;False
LOC-001356;PAT-0079;2024-12-27 19:00:00;Glória;-26.315390096960876;-48.82909122585003;85;False
LOC-001357;PAT-0043;2024-08-18 21:00:00;Iririú;-26.269632221509706;-48.851660342721516;56;False
LOC-001358;PAT-0017;2024-01-28 03:00:00;Iririú;-26.28039756450896;-48.86084910267463;43;False
LOC-001359;PAT-0066;2024-10-09 02:00:00;Iririú;-26.269330464275477;-48.849974929504775;14;False
LOC-001360;PAT-0013;2024-07-10 17:00:00;Bucarein;-26.295011715270444;-48.84030224640235;5;True
LOC-001361;PAT-0034;2024-10-20 03:00:00;Jardim Iririú;-26.267678677068535;-48.85280740100618;54;False
LOC-001362;PAT-0037;2024-04-06 12:00:00;Centro;-26.2991159969155;-48.84876753729391;7;False
LOC-001363;PAT-0061;2024-10-05 04:00:00;Itaum;-26.331292012010895;-48.826269664922606;33;True
LOC-001364;PAT-0072;2024-10-23 12:00:00;Anita Garibaldi;-26.316896096700425;-48.83489598078341;26;False
LOC-001365;PAT-0053;2024-08-25 00:00:00;Jardim Iririú;-26.27144235717423;-48.86662702765265;59;True
LOC-001366;PAT-0059;2024-08-24 08:00:00;Anita Garibaldi;-26.311917375707306;-48.82748757562682;62;True
LOC-001367;PAT-0037;2024-03-30 03:00:00;Paranaguamirim;-26.33949870731723;-48.822381040667885;49;False
LOC-001368;PAT-0017;2024-06-19 07:00:00;América;-26.28611070677694;-48.84694393758228;34;False
LOC-001369;PAT-0071;2024-02-04 19:00:00;Itaum;-26.32533835642156;-48.81959836162972;13;True
LOC-001370;PAT-0005;2024-05-07 20:00:00;Jardim Iririú;-26.266698135084727;-48.862102069560024;94;False
LOC-001371;PAT-0023;2024-07-22 23:00:00;Bucarein;-26.29350743226615;-48.84894652536786;87;False
LOC-001372;PAT-0011;2024-03-11 10:00:00;Bucarein;-26.3029316246673;-48.84004532921322;76;False
LOC-001373;PAT-0066;2024-03-28 12:00:00;Jardim Iririú;-26.275198967566507;-48.85863647472974;10;False
LOC-001374;PAT-0072;2024-01-02 04:00:00;Glória;-26.314021858837844;-48.83350586763092;49;False
LOC-001375;PAT-0079;2024-03-30 03:00:00;Itaum;-26.336791128099794;-48.81343645277744;67;True
LOC-001376;PAT-0029;2024-08-04 18:00:00;América;-26.295052985124098;-48.85413423988251;55;False
LOC-001377;PAT-0003;2024-01-13 17:00:00;Anita Garibaldi;-26.30887489680601;-48.83580439343053;35;False
LOC-001378;PAT-0050;2024-12-28 16:00:00;América;-26.292448832997962;-48.8502998007053;16;False
LOC-001379;PAT-0029;2024-08-21 11:00:00;Iririú;-26.26897897648135;-48.86139628994918;92;True
LOC-001380;PAT-0045;2024-05-21 16:00:00;Jardim Iririú;-26.271232323285403;-48.85308541249258;9;False
LOC-001381;PAT-0064;2024-01-06 04:00:00;Iririú;-26.28281005845329;-48.85700742156078;15;False
LOC-001382;PAT-0072;2024-11-04 07:00:00;Itaum;-26.333189509751026;-48.82670753257801;8;False
LOC-001383;PAT-0004;2024-04-11 11:00:00;Anita Garibaldi;-26.310750799213043;-48.8368033412212;73;False
LOC-001384;PAT-0030;2024-10-06 07:00:00;Itaum;-26.331984985993547;-48.81839675924652;82;False
LOC-001385;PAT-0060;2024-09-14 09:00:00;Glória;-26.31944203590786;-48.829781557250854;56;True
LOC-001386;PAT-0072;2024-04-08 21:00:00;América;-26.28497443009864;-48.8478873284154;87;True
LOC-001387;PAT-0075;2024-11-14 20:00:00;Anita Garibaldi;-26.305400239132315;-48.84211225692692;47;True
LOC-001388;PAT-0015;2024-02-12 00:00:00;Itaum;-26.333744414965533;-48.82344735023565;42;True
LOC-001389;PAT-0019;2024-07-28 11:00:00;Centro;-26.305005752427682;-48.84109231077056;57;True
LOC-001390;PAT-0013;2024-08-17 07:00:00;Paranaguamirim;-26.339213695756136;-48.82172170099533;17;True
LOC-001391;PAT-0029;2024-06-16 02:00:00;Glória;-26.31281420068979;-48.82431222472486;26;False
LOC-001392;PAT-0080;2024-09-02 09:00:00;Paranaguamirim;-26.33202212289337;-48.821529662526764;46;False
LOC-001393;PAT-0057;2024-06-22 08:00:00;América;-26.295233484018535;-48.845648732561735;33;False
LOC-001394;PAT-0033;2024-07-12 18:00:00;Paranaguamirim;-26.336368322058465;-48.81722738558274;55;False
LOC-001395;PAT-0031;2024-04-21 22:00:00;Jardim Iririú;-26.26995150300427;-48.85820465498789;9;False
LOC-001396;PAT-0052;2024-12-27 11:00:00;Itaum;-26.33787026884982;-48.825553806149635;54;True
LOC-001397;PAT-0077;2024-03-03 00:00:00;Anita Garibaldi;-26.319851959641028;-48.8419413004524;41;True
LOC-001398;PAT-0074;2024-03-24 23:00:00;Centro;-26.305030943879004;-48.850744988735684;7;False
LOC-001399;PAT-0002;2024-02-11 09:00:00;Saguaçu;-26.28518664139193;-48.85395433891346;12;True
LOC-001400;PAT-0041;2024-01-25 02:00:00;Saguaçu;-26.292638884854824;-48.85100150563712;40;True
LOC-001401;PAT-0043;2024-03-18 17:00:00;Centro;-26.301409161331613;-48.845969868055825;61;False
LOC-001402;PAT-0071;2024-05-05 06:00:00;Itaum;-26.333295945782478;-48.818579848582964;42;False
LOC-001403;PAT-0042;2024-02-14 18:00:00;Saguaçu;-26.284041710375426;-48.84336211028192;71;False
LOC-001404;PAT-0045;2024-06-18 11:00:00;Bucarein;-26.301185294829352;-48.839500161708024;56;True
LOC-001405;PAT-0064;2024-09-19 20:00:00;América;-26.29632585096209;-48.84925986679793;64;False
LOC-001406;PAT-0048;2024-10-25 22:00:00;Saguaçu;-26.286485220182417;-48.849411487560225;81;False
LOC-001407;PAT-0076;2024-09-03 18:00:00;Itaum;-26.33428362616335;-48.82041906504064;43;True
LOC-001408;PAT-0074;2024-10-23 00:00:00;Bucarein;-26.297443184369293;-48.843367666729755;76;False
LOC-001409;PAT-0040;2024-04-22 10:00:00;Centro;-26.309218743515416;-48.84072534351902;53;False
LOC-001410;PAT-0003;2024-11-04 14:00:00;Bucarein;-26.297865504373686;-48.84631999275923;86;True
LOC-001411;PAT-0070;2024-02-21 15:00:00;Saguaçu;-26.2904819437621;-48.855908465095325;86;False
LOC-001412;PAT-0036;2024-09-09 02:00:00;Saguaçu;-26.282264404648227;-48.84557888164438;79;True
LOC-001413;PAT-0024;2024-09-05 22:00:00;Iririú;-26.270936997048935;-48.85976060506177;71;True
LOC-001414;PAT-0074;2024-01-14 06:00:00;América;-26.297233692252;-48.844758157819044;80;True
LOC-001415;PAT-0001;2024-01-17 11:00:00;Itaum;-26.3305151614074;-48.81425525872469;39;True
LOC-001416;PAT-0054;2024-07-29 16:00:00;Jardim Iririú;-26.274866052789523;-48.86677236204915;70;True
LOC-001417;PAT-0078;2024-08-19 01:00:00;Centro;-26.30282908087133;-48.85249778551338;37;True
LOC-001418;PAT-0056;2024-10-20 09:00:00;Glória;-26.323769531233125;-48.83007725452405;71;True
LOC-001419;PAT-0073;2024-02-07 04:00:00;Iririú;-26.27455800869058;-48.85325243739569;13;True
LOC-001420;PAT-0007;2024-05-09 22:00:00;Centro;-26.30412062384985;-48.84980146660029;64;True
LOC-001421;PAT-0039;2024-07-14 00:00:00;Iririú;-26.2682103304609;-48.85153123653281;6;True
LOC-001422;PAT-0046;2024-06-17 02:00:00;Saguaçu;-26.2842146684389;-48.846481343665296;88;False
LOC-001423;PAT-0020;2024-07-19 08:00:00;Saguaçu;-26.283672024324506;-48.85080281424402;36;True
LOC-001424;PAT-0067;2024-10-03 07:00:00;Paranaguamirim;-26.34157354998777;-48.82259405619132;56;False
LOC-001425;PAT-0078;2024-11-20 20:00:00;Anita Garibaldi;-26.304814726349075;-48.83099759549923;18;True
LOC-001426;PAT-0070;2024-10-11 18:00:00;Anita Garibaldi;-26.307565025448966;-48.839563941346796;8;True
LOC-001427;PAT-0055;2024-06-13 06:00:00;Itaum;-26.333433515355154;-48.8146484201046;11;True
LOC-001428;PAT-0002;2024-05-02 14:00:00;Jardim Iririú;-26.26249264662758;-48.86127535583913;63;False
LOC-001429;PAT-0049;2024-07-16 17:00:00;Bucarein;-26.299081658237036;-48.84076676091789;64;False
LOC-001430;PAT-0009;2024-05-12 03:00:00;América;-26.285741325703462;-48.845032820313456;5;True
LOC-001431;PAT-0007;2024-10-12 14:00:00;Anita Garibaldi;-26.306833790907305;-48.82918203198528;14;False
LOC-001432;PAT-0050;2024-07-25 14:00:00;Bucarein;-26.302978077011794;-48.8440556867961;61;True
LOC-001433;PAT-0043;2024-08-25 21:00:00;Glória;-26.316781741897863;-48.83465777771656;67;True
LOC-001434;PAT-0054;2024-08-11 01:00:00;Bucarein;-26.301349712491096;-48.837597662756345;33;True
LOC-001435;PAT-0059;2024-01-05 12:00:00;Paranaguamirim;-26.343240117280118;-48.81607071674237;88;True
LOC-001436;PAT-0031;2024-05-23 07:00:00;Paranaguamirim;-26.34325843076991;-48.819927328103056;66;False
LOC-001437;PAT-0030;2024-06-07 10:00:00;Paranaguamirim;-26.33639090803904;-48.808529194522926;45;True
LOC-001438;PAT-0058;2024-12-01 22:00:00;Centro;-26.30872278333132;-48.851030332892144;78;True
LOC-001439;PAT-0035;2024-10-27 22:00:00;Glória;-26.32798550663606;-48.83758708530894;44;False
LOC-001440;PAT-0048;2024-08-20 21:00:00;Paranaguamirim;-26.336556210344277;-48.82267552041972;81;False
LOC-001441;PAT-0057;2024-11-21 21:00:00;Iririú;-26.280261044098637;-48.853042954296725;30;True
LOC-001442;PAT-0006;2024-04-29 02:00:00;América;-26.297328281675075;-48.84841319902852;30;False
LOC-001443;PAT-0011;2024-11-23 15:00:00;Glória;-26.324199742070494;-48.83302333271909;9;False
LOC-001444;PAT-0052;2024-05-01 01:00:00;Anita Garibaldi;-26.31392159164284;-48.83787982417205;61;False
LOC-001445;PAT-0041;2024-04-26 07:00:00;Centro;-26.30478549876043;-48.84876809735904;72;True
LOC-001446;PAT-0019;2024-03-31 08:00:00;Anita Garibaldi;-26.3192868793486;-48.83211746325186;18;True
LOC-001447;PAT-0057;2024-10-24 13:00:00;Iririú;-26.26747082667796;-48.86206985934357;19;False
LOC-001448;PAT-0054;2024-08-19 10:00:00;Saguaçu;-26.281542991145287;-48.841134138356935;14;False
LOC-001449;PAT-0012;2024-09-12 08:00:00;Bucarein;-26.300828894954808;-48.84643966329316;61;True
LOC-001450;PAT-0029;2024-06-23 03:00:00;Itaum;-26.332900843883433;-48.812005228716124;18;False
LOC-001451;PAT-0054;2024-01-01 09:00:00;Glória;-26.320823319210106;-48.835255636899404;78;True
LOC-001452;PAT-0072;2024-10-04 08:00:00;Iririú;-26.27298008283579;-48.850655256683;95;False
LOC-001453;PAT-0009;2024-09-30 01:00:00;Centro;-26.310058030934577;-48.85062539928113;59;False
LOC-001454;PAT-0039;2024-10-27 09:00:00;Anita Garibaldi;-26.31697712297976;-48.84170645117371;11;False
LOC-001455;PAT-0076;2024-12-24 14:00:00;Paranaguamirim;-26.334249046674664;-48.80900106681039;9;False
LOC-001456;PAT-0071;2024-04-21 03:00:00;Anita Garibaldi;-26.315899921217778;-48.82925997985295;40;False
LOC-001457;PAT-0008;2024-10-04 02:00:00;Bucarein;-26.299916880032395;-48.84354287372081;83;False
LOC-001458;PAT-0018;2024-06-25 12:00:00;América;-26.2850596503848;-48.84776166171935;8;False
LOC-001459;PAT-0046;2024-01-11 10:00:00;Bucarein;-26.295389634729602;-48.84108694507706;26;False
LOC-001460;PAT-0029;2024-05-28 05:00:00;Glória;-26.322532609930533;-48.824352702181216;16;False
LOC-001461;PAT-0003;2024-09-04 01:00:00;Anita Garibaldi;-26.309060807268406;-48.8379591044909;39;False
LOC-001462;PAT-0066;2024-08-20 19:00:00;Jardim Iririú;-26.275685068553898;-48.85962124160002;41;False
LOC-001463;PAT-0036;2024-10-25 11:00:00;Iririú;-26.271229717439816;-48.85523404206072;42;False
LOC-001464;PAT-0025;2024-10-23 22:00:00;Iririú;-26.27520774335174;-48.857337506779885;16;False
LOC-001465;PAT-0062;2024-06-02 15:00:00;Jardim Iririú;-26.26298908564345;-48.8537367189671;50;True
LOC-001466;PAT-0052;2024-07-30 03:00:00;Itaum;-26.322725797567895;-48.8253459532054;47;False
LOC-001467;PAT-0079;2024-02-23 03:00:00;Jardim Iririú;-26.26118738320809;-48.86560786176767;80;False
LOC-001468;PAT-0079;2024-01-27 15:00:00;Anita Garibaldi;-26.305451759304717;-48.83376944743484;59;True
LOC-001469;PAT-0021;2024-10-21 15:00:00;Saguaçu;-26.284805280705058;-48.84548009232024;62;False
LOC-001470;PAT-0079;2024-07-19 09:00:00;Saguaçu;-26.287237726173778;-48.852886091930806;40;True
LOC-001471;PAT-0051;2024-08-18 11:00:00;América;-26.29155943480431;-48.852748520923925;34;True
LOC-001472;PAT-0038;2024-05-28 21:00:00;América;-26.287961663946987;-48.84385497851234;34;False
LOC-001473;PAT-0035;2024-06-28 13:00:00;Iririú;-26.26885603557006;-48.859054121236944;34;True
LOC-001474;PAT-0039;2024-06-23 14:00:00;Glória;-26.324688219151998;-48.82730622876612;90;False
LOC-001475;PAT-0059;2024-03-17 16:00:00;Saguaçu;-26.278308909464613;-48.84415760970084;89;False
LOC-001476;PAT-0064;2024-10-16 14:00:00;Centro;-26.299357116288483;-48.84702994080856;71;False
LOC-001477;PAT-0024;2024-03-18 05:00:00;Glória;-26.312338303757148;-48.82299958421184;43;True
LOC-001478;PAT-0042;2024-07-17 21:00:00;Glória;-26.313915971627495;-48.8262134922365;89;True
LOC-001479;PAT-0002;2024-10-22 06:00:00;Bucarein;-26.30152100272493;-48.842673206722225;77;False
LOC-001480;PAT-0069;2024-05-31 16:00:00;América;-26.297304705418494;-48.84989063677158;98;True
LOC-001481;PAT-0037;2024-06-21 08:00:00;Paranaguamirim;-26.346204142848134;-48.811918184905196;57;False
LOC-001482;PAT-0024;2024-12-14 00:00:00;Bucarein;-26.301340426902748;-48.84052495711313;94;True
LOC-001483;PAT-0031;2024-04-14 18:00:00;Glória;-26.318173060416246;-48.82394083865878;48;False
LOC-001484;PAT-0019;2024-01-06 19:00:00;Bucarein;-26.293130874782445;-48.84428978140351;52;True
LOC-001485;PAT-0033;2024-09-16 08:00:00;Itaum;-26.323611995088292;-48.82320182815911;25;True
LOC-001486;PAT-0023;2024-12-16 12:00:00;Saguaçu;-26.283019945850093;-48.85257857776808;34;False
LOC-001487;PAT-0028;2024-09-27 11:00:00;Iririú;-26.28290989899603;-48.86239547251096;77;True
LOC-001488;PAT-0039;2024-08-01 00:00:00;Bucarein;-26.303018931575703;-48.84931177656992;18;True
LOC-001489;PAT-0066;2024-08-10 12:00:00;América;-26.297404380738346;-48.84507911691025;66;False
LOC-001490;PAT-0001;2024-10-29 23:00:00;Centro;-26.306586808390897;-48.843345709657505;92;False
LOC-001491;PAT-0005;2024-11-01 05:00:00;Anita Garibaldi;-26.31197838410186;-48.83243148135302;8;True
LOC-001492;PAT-0036;2024-11-28 22:00:00;Saguaçu;-26.292305645142743;-48.84616571489704;32;True
LOC-001493;PAT-0011;2024-07-27 02:00:00;Jardim Iririú;-26.27042435238727;-48.85441249368489;98;True
LOC-001494;PAT-0059;2024-04-21 16:00:00;Jardim Iririú;-26.273133125205995;-48.86031572918935;34;True
LOC-001495;PAT-0017;2024-03-08 13:00:00;América;-26.288646877339858;-48.84507342674306;51;False
LOC-001496;PAT-0040;2024-10-07 15:00:00;América;-26.291571642090812;-48.85324887958108;36;False
LOC-001497;PAT-0015;2024-01-18 19:00:00;Iririú;-26.275074917649057;-48.84817267993057;5;False
LOC-001498;PAT-0043;2024-08-14 14:00:00;Centro;-26.305556931391465;-48.843021488318705;12;False
LOC-001499;PAT-0044;2024-08-21 14:00:00;Itaum;-26.322703684632213;-48.82388516582361;44;False
LOC-001500;PAT-0032;2024-11-01 11:00:00;Anita Garibaldi;-26.316564237998055;-48.833974641252986;84;False
