viagem_id;patinete_id;usuario_id;bairro_origem;bairro_destino;lat_origem;lon_origem;lat_destino;lon_destino;dt_inicio;dt_fim;duracao_min;distancia_km;valor_cobrado;bateria_inicio
VGM-000001;PAT-0011;USR-00163;Saguaçu;Paranaguamirim;-26.286254598811528;-48.85038294316264;-26.339280041217165;-48.81351743045922;2024-08-18 07:55:00;2024-08-18 07:45:00;25;2.0;4.58;64
VGM-000002;PAT-0043;USR-00300;Anita Garibaldi;Paranaguamirim;-26.3074928569359;-48.837530212009284;-26.336945676707;-48.81827613637895;2024-01-05 21:08:00;2024-01-05 21:23:00;15;2.3;4.72;56
VGM-000003;PAT-0058;USR-00272;Itaum;Bucarein;-26.327680060581883;-48.81593745419479;-26.295398390702097;-48.83827605436645;2024-07-15 22:41:00;2024-07-15 23:15:00;34;6.55;9.21;72
VGM-000004;PAT-0043;USR-00142;América;Jardim Iririú;-26.29001341515803;-48.8535045380015;-26.271461000953064;-48.85886883760931;2024-07-28 21:26:00;2024-07-28 21:57:00;31;4.21;7.05;75
VGM-000005;PAT-0015;USR-00062;Jardim Iririú;Jardim Iririú;-26.271439813595578;-48.86228050273871;-26.271507505302587;-48.86342796116443;2024-09-07 11:05:00;2024-09-07 11:44:00;39;1.11;3.73;51
VGM-000006;PAT-0004;USR-00001;Itaum;Glória;-26.333440054796636;-48.81740601737582;-26.32231825632255;-48.825376619425185;2024-01-16 13:18:00;2024-01-16 13:23:00;5;7.53;10.85;58
VGM-000007;PAT-0018;USR-00129;Glória;Glória;-26.324419163878318;-48.830502601575496;-26.32138925273659;-48.829816345366645;2024-05-20 13:34:00;2024-05-20 13:55:00;21;0.72;3.09;62
VGM-000008;PAT-0046;USR-00295;Jardim Iririú;América;-26.26433823854225;-48.857232894430446;-26.291915444185914;-48.855271015481286;2024-03-27 20:36:00;2024-03-27 21:10:00;34;6.78;8.68;53
VGM-000009;PAT-0071;USR-00294;Iririú;Saguaçu;-26.273988849882567;-48.85934633842435;-26.283203027831668;-48.84673167095585;2024-10-08 22:07:00;2024-10-08 22:46:00;39;0.9;3.32;57
VGM-000010;PAT-0030;USR-00095;Centro;Jardim Iririú;-26.30231927422204;-48.84632428806327;-26.272433195678342;-48.862468010929874;2024-02-28 14:49:00;2024-02-28 15:26:00;37;4.22;6.97;48
VGM-000011;PAT-0054;USR-00115;América;Iririú;-26.29579415505704;-48.85566386399817;-26.279653272957738;-48.85196306548122;2024-07-06 07:48:00;2024-07-06 08:19:00;31;3.92;7.18;59
VGM-000012;PAT-0022;USR-00268;América;Glória;-26.28630090147838;-48.85537346796544;-26.32108089437056;-48.826821779264336;2024-10-06 12:27:00;2024-10-06 12:36:00;9;4.2;6.43;52
VGM-000013;PAT-0025;USR-00212;América;Itaum;-26.287675573591997;-48.84693562546656;-26.32802836307862;-48.815210526441454;2024-11-30 13:19:00;2024-11-30 13:24:00;5;1.12;3.77;29
VGM-000014;PAT-0078;USR-00133;América;Itaum;-26.293876608893218;-48.854607546288825;-26.333065646570432;-48.819981304689755;2024-08-18 14:22:00;2024-08-18 14:30:00;8;5.13;7.85;59
VGM-000015;PAT-0003;USR-00155;Jardim Iririú;América;-26.27118175032793;-48.859675793177246;-26.289584955187436;-48.85145043120272;2024-08-12 09:49:00;2024-08-12 10:07:00;18;5.21;8.58;98
VGM-000016;PAT-0009;USR-00300;Paranaguamirim;Jardim Iririú;-26.343165954901465;-48.81588904397399;-26.270401718620597;-48.85746524394553;2024-04-17 17:55:00;2024-04-17 18:37:00;42;2.76;5.65;115
VGM-000017;PAT-0032;USR-00029;Bucarein;Itaum;-26.299957577570403;-48.84352656673741;-26.326139138911863;-48.82367529343658;2024-11-19 19:10:00;2024-11-19 19:52:00;42;0.38;2.88;70
VGM-000018;PAT-0019;USR-00115;Centro;Itaum;-26.30415243568368;-48.84220166654313;-26.32604310055733;-48.81953084486207;2024-03-12 12:52:00;2024-03-12 13:08:00;16;3.82;6.3;92
VGM-000019;PAT-0035;USR-00006;Saguaçu;Anita Garibaldi;-26.28568054981358;-48.852781766032244;-26.31402712795719;-48.83453752399869;2024-01-31 17:34:00;2024-01-31 17:54:00;20;7.72;11.01;97
VGM-000020;PAT-0028;USR-00249;Saguaçu;Centro;-26.28708770859802;-48.84636210313824;-26.307100062460368;-48.8503052687719;2024-11-01 11:20:00;2024-11-01 11:41:00;21;6.2;9.54;95
VGM-000021;PAT-0009;USR-00015;Saguaçu;Glória;-26.283881471052776;-48.84336605565786;-26.32088696027934;-48.83082015914493;2024-05-28 14:54:00;2024-05-28 15:29:00;35;3.93;6.57;51
VGM-000022;PAT-0029;USR-00154;Jardim Iririú;Jardim Iririú;-26.27160506139348;-48.85939831816538;-26.2705946841482;-48.856467152014325;2024-12-13 09:08:00;2024-12-13 09:37:00;29;5.57;8.2;97
VGM-000023;PAT-0027;USR-00152;Glória;América;-26.322078553514647;-48.82563177537967;-26.289276161567084;-48.84743846378005;2024-01-31 14:55:00;2024-01-31 15:39:00;44;5.13;8.0;51
VGM-000024;PAT-0042;USR-00239;América;Saguaçu;-26.292336381567065;-48.85547742120714;-26.281739353154517;-48.8520076233508;2024-03-05 10:15:00;2024-03-05 10:27:00;12;5.51;8.23;53
VGM-000025;PAT-0010;USR-00136;Saguaçu;Itaum;-26.28543930015783;-48.84881206680926;-26.328269078690887;-48.824092791172525;2024-12-30 16:53:00;2024-12-30 17:11:00;18;6.5;9.74;55
VGM-000026;PAT-0029;USR-00149;Anita Garibaldi;Centro;-26.309148240386072;-48.83739842209038;-26.301156495527508;-48.84857304522998;2024-12-12 18:31:00;2024-12-12 18:43:00;12;8.44;9.72;94
VGM-000027;PAT-0029;USR-00092;Itaum;Saguaçu;-26.333003262178416;-48.817691790350196;-26.286030078377927;-48.84425233937446;2024-10-22 14:40:00;2024-10-22 15:09:00;29;2.36;4.71;77
VGM-000028;PAT-0018;USR-00034;Jardim Iririú;Glória;-26.267857655615863;-48.85518702909503;-26.323436830292913;-48.83371097414926;2024-07-11 20:04:00;2024-07-11 20:47:00;43;3.64;6.42;56
VGM-000029;PAT-0010;USR-00028;Itaum;Centro;-26.329075854311377;-48.822434699375556;-26.302020490526026;-48.84400003197373;2024-02-17 18:32:00;2024-02-17 18:52:00;20;2.52;5.5;48
VGM-000030;PAT-0019;USR-00004;Glória;Saguaçu;-26.3245354958728;-48.82845825398526;-26.286395254948584;-48.85198834380387;2024-12-21 17:29:00;2024-12-21 18:03:00;34;5.48;8.05;93
VGM-000031;PAT-0072;USR-00233;Saguaçu;Jardim Iririú;-26.283924551480986;-48.8510190236724;-26.26628729174771;-48.858768621462524;2024-06-16 06:55:00;2024-06-16 07:03:00;8;2.99;5.63;54
VGM-000032;PAT-0017;USR-00137;Anita Garibaldi;Centro;-26.315294758763127;-48.834346697454286;-26.306693560580182;-48.847639327008814;2024-08-22 17:54:00;2024-08-22 18:01:00;7;4.26;6.02;72
VGM-000033;PAT-0032;USR-00129;América;Iririú;-26.295349484070147;-48.851360675133115;-26.27918770365193;-48.85211086037034;2024-09-30 18:13:00;2024-09-30 18:43:00;30;2.63;5.27;53
VGM-000034;PAT-0061;USR-00103;Iririú;Anita Garibaldi;-26.270511144627466;-48.85027994670368;-26.307074182045124;-48.83766309551175;2024-04-18 21:17:00;2024-04-18 21:40:00;23;5.59;9.06;22
VGM-000035;PAT-0019;USR-00032;América;Jardim Iririú;-26.286343679669255;-48.84991472727303;-26.271437984920695;-48.8586079817061;2024-05-25 16:35:00;2024-05-25 17:14:00;39;2.47;5.34;87
VGM-000036;PAT-0036;USR-00257;Paranaguamirim;Jardim Iririú;-26.336916026518836;-48.81650493627913;-26.263115790060365;-48.86264317465424;2024-03-07 21:50:00;2024-03-07 22:14:00;24;4.66;7.34;91
VGM-000037;PAT-0043;USR-00034;Anita Garibaldi;Glória;-26.313953862308267;-48.83885904215112;-26.315227200674336;-48.827863397168876;2024-12-15 07:02:00;2024-12-15 07:11:00;9;3.1;5.26;41
VGM-000038;PAT-0072;USR-00256;Itaum;Centro;-26.334023278859934;-48.82348753171265;-26.30146181896092;-48.8424632196544;2024-11-16 20:01:00;2024-11-16 20:11:00;10;5.86;9.36;38
VGM-000039;PAT-0046;USR-00078;Centro;Anita Garibaldi;-26.30255766973488;-48.84894683070049;-26.31040577037918;-48.83873198200873;2024-03-21 20:29:00;2024-03-21 20:32:00;3;4.43;6.62;48
VGM-000040;PAT-0010;USR-00099;Itaum;Iririú;-26.3305984750626;-48.8224903333866;-26.27422192949749;-48.85133404311404;2024-08-07 12:44:00;2024-08-07 12:55:00;11;5.43;7.36;26
VGM-000041;PAT-0022;USR-00001;Paranaguamirim;Paranaguamirim;-26.343779617651553;-48.81149383942159;-26.33633898454622;-48.81406424745585;2024-11-28 15:10:00;2024-11-28 15:30:00;20;1.21;3.56;95
VGM-000042;PAT-0080;USR-00289;Paranaguamirim;Paranaguamirim;-26.340048230898887;-48.81438777211717;-26.342105604783804;-48.818728895091326;2024-02-17 17:16:00;2024-02-17 17:24:00;8;6.5;10.23;62
VGM-000043;PAT-0037;USR-00158;Paranaguamirim;Bucarein;-26.344656114788847;-48.81476609088625;-26.298323187875148;-48.842724581446404;2024-07-09 11:03:00;2024-07-09 11:31:00;28;1.79;4.07;84
VGM-000044;PAT-0038;USR-00195;Jardim Iririú;Iririú;-26.263906795979214;-48.863852311281306;-26.273806100306334;-48.85839139706515;2024-11-16 15:46:00;2024-11-16 16:03:00;17;0.35;2.83;73
VGM-000045;PAT-0029;USR-00112;América;Paranaguamirim;-26.293412200184;-48.8473986030665;-26.340888095241304;-48.81299652111133;2024-08-07 08:45:00;2024-08-07 08:54:00;9;7.63;10.67;36
VGM-000046;PAT-0003;USR-00036;Paranaguamirim;Itaum;-26.33837477715646;-48.81277185696791;-26.330725135459094;-48.81741131865582;2024-01-01 12:30:00;2024-01-01 12:37:00;7;4.48;-2.5;97
VGM-000047;PAT-0002;USR-00140;Saguaçu;Paranaguamirim;-26.286882889239106;-48.852323316380996;-26.34169715332498;-48.81894203479727;2024-03-08 13:33:00;2024-03-08 14:04:00;31;4.37;7.04;81
VGM-000048;PAT-0061;USR-00221;Paranaguamirim;América;-26.33979931978822;-48.8129216490277;-26.290357681833154;-48.850938601473054;2024-01-05 06:44:00;2024-01-05 07:08:00;24;1.77;4.39;47
VGM-000049;PAT-0025;USR-00295;América;Anita Garibaldi;-26.290532897206567;-48.85056461782657;-26.30849425471985;-48.831853749439745;2024-03-02 19:44:00;2024-03-02 19:55:00;11;6.54;8.22;93
VGM-000050;PAT-0014;USR-00214;Bucarein;Anita Garibaldi;-26.301151455444742;-48.84618274654253;-26.31498471621994;-48.83063836958449;2024-09-01 08:14:00;2024-09-01 08:41:00;27;5.82;8.58;88
VGM-000051;PAT-0069;USR-00092;América;Iririú;-26.286304153722355;-48.851416993584714;-26.270655669612463;-48.854864821332576;2024-02-15 09:06:00;2024-02-15 09:29:00;23;1.08;3.7;86
VGM-000052;PAT-0063;USR-00278;Anita Garibaldi;Saguaçu;-26.30924867176639;-48.8351530371287;-26.283109123462516;-48.84349720776388;2024-07-07 15:08:00;2024-07-07 15:35:00;27;7.37;10.76;94
VGM-000053;PAT-0080;USR-00223;Saguaçu;Iririú;-26.28060501058436;-48.851342254598364;-26.271767267873198;-48.854643110295434;2024-03-09 10:04:00;2024-03-09 10:40:00;36;3.11;5.84;54
VGM-000054;PAT-0010;USR-00166;Anita Garibaldi;Jardim Iririú;-26.308051726495723;-48.83054301853;-26.2674380930737;-48.861058095054;2024-10-15 06:39:00;2024-10-15 07:23:00;44;5.93;7.69;32
VGM-000055;PAT-0027;USR-00014;Centro;Anita Garibaldi;-26.30342100021189;-48.8427002462852;-26.30920483298576;-48.83151796871447;2024-03-25 20:22:00;2024-03-25 20:38:00;16;7.04;10.06;51
VGM-000056;PAT-0076;USR-00189;Paranaguamirim;Glória;-26.335781257649767;-48.81330977662671;-26.324837996026606;-48.83007017289542;2024-11-17 10:58:00;2024-11-17 11:27:00;29;1.89;4.55;40
VGM-000057;PAT-0078;USR-00221;Jardim Iririú;Glória;-26.27211507497948;-48.86037704438999;-26.316816195752207;-48.83028097489435;2024-11-11 20:55:00;2024-11-11 21:11:00;16;1.19;3.72;33
VGM-000058;PAT-0009;USR-00004;Iririú;Itaum;-26.278040171375807;-48.85588234458415;-26.334598611409145;-48.820096875105904;2024-02-14 09:08:00;2024-02-14 09:18:00;10;2.2;4.44;21
VGM-000059;PAT-0003;USR-00129;América;América;-26.295547727110893;-48.84949026532849;-26.287100866236372;-48.847532149981305;2024-10-28 18:22:00;2024-10-28 18:52:00;30;2.82;5.28;93
VGM-000060;PAT-0076;USR-00278;Centro;Jardim Iririú;-26.30614669669237;-48.845745681305935;-26.263080372527615;-48.85668058458312;2024-06-10 10:15:00;2024-06-10 10:35:00;20;2.8;5.32;77
VGM-000061;PAT-0031;USR-00201;Anita Garibaldi;Itaum;-26.313113227103106;-48.839377268941185;-26.332059325378232;-48.8209648000756;2024-11-26 08:15:00;2024-11-26 08:53:00;38;6.58;8.07;36
VGM-000062;PAT-0017;USR-00275;Saguaçu;Jardim Iririú;-26.28728650968226;-48.8478749735123;-26.270896814437144;-48.861667001401294;2024-11-03 15:49:00;2024-11-03 15:53:00;4;4.17;7.04;27
VGM-000063;PAT-0042;USR-00067;Bucarein;Saguaçu;-26.294712624908477;-48.83893596382767;-26.28234636636142;-48.84808071975961;2024-12-03 15:13:00;2024-12-03 15:49:00;36;5.91;7.92;42
VGM-000064;PAT-0034;USR-00152;Anita Garibaldi;Anita Garibaldi;-26.313432466733065;-48.835407601224034;-26.314469736590798;-48.83427227490263;2024-11-06 22:12:00;2024-11-06 22:40:00;28;7.91;9.61;34
VGM-000065;PAT-0061;USR-00148;América;Saguaçu;-26.29319065490313;-48.855480434224454;-26.281344376168278;-48.85061662789372;2024-05-31 07:50:00;2024-05-31 08:08:00;18;2.02;4.6;81
VGM-000066;PAT-0046;USR-00198;Paranaguamirim;Paranaguamirim;-26.339573039168418;-48.81213721800616;-26.343971574078424;-48.812060449152845;2024-09-10 18:07:00;2024-09-10 18:25:00;18;5.81;8.62;25
VGM-000067;PAT-0011;USR-00071;Glória;Paranaguamirim;-26.323590757750253;-48.83298636217864;-26.343740448036208;-48.81513517234267;2024-09-12 08:33:00;2024-09-12 08:36:00;3;2.95;5.26;81
VGM-000068;PAT-0069;USR-00102;Centro;Glória;-26.30137803019246;-48.848613791651125;-26.315208484448995;-48.8316595445158;2024-07-03 16:08:00;2024-07-03 16:35:00;27;1.87;4.66;61
VGM-000069;PAT-0054;USR-00199;América;Anita Garibaldi;-26.295254493563203;-48.85435293646567;-26.3102616110173;-48.83893179007036;2024-10-18 19:23:00;2024-10-18 20:00:00;37;3.55;6.49;58
VGM-000070;PAT-0046;USR-00048;América;Iririú;-26.286131130633994;-48.85269784935129;-26.271531127755708;-48.85761154839596;2024-12-15 11:48:00;2024-12-15 12:21:00;33;1.71;4.12;86
VGM-000071;PAT-0043;USR-00131;Paranaguamirim;Saguaçu;-26.337277552307032;-48.81243248494311;-26.286756706226484;-48.84350718828244;2024-02-07 06:37:00;2024-02-07 06:44:00;7;1.6;4.03;64
VGM-000072;PAT-0050;USR-00192;Glória;Saguaçu;-26.32301284318466;-48.82980614140496;-26.283235162504795;-48.849949003131805;2024-01-08 14:13:00;2024-01-08 14:18:00;5;5.73;8.73;44
VGM-000073;PAT-0004;USR-00261;Iririú;Iririú;-26.279944778828764;-48.85795118725849;-26.27405758172691;-48.85831140710633;2024-01-31 18:32:00;2024-01-31 18:53:00;21;2.97;5.98;56
VGM-000074;PAT-0058;USR-00204;Paranaguamirim;Saguaçu;-26.336845385715453;-48.81122169921848;-26.28396849879877;-48.84839327208345;2024-11-17 22:49:00;2024-11-17 23:18:00;29;4.54;6.97;100
VGM-000075;PAT-0072;USR-00202;Anita Garibaldi;Saguaçu;-26.309931426561526;-48.83120418145049;-26.283174675404624;-48.849929122566394;2024-08-04 18:05:00;2024-08-04 18:48:00;43;4.18;6.41;72
VGM-000076;PAT-0013;USR-00225;Itaum;Itaum;-26.32770992831959;-48.816294215749544;-26.32924640826871;-48.824648407497286;2024-10-01 10:17:00;2024-10-01 10:25:00;8;5.18;7.17;67
VGM-000077;PAT-0075;USR-00142;Centro;América;-26.301687296533142;-48.84881203788619;-26.291709376306972;-48.8527685478272;2024-06-07 08:32:00;2024-06-07 08:48:00;16;3.72;5.58;63
VGM-000078;PAT-0043;USR-00054;Bucarein;Centro;-26.302259553482656;-48.84248760655819;-26.306640773056195;-48.845758913760605;2024-03-20 16:25:00;2024-03-20 17:05:00;40;6.26;7.82;80
VGM-000079;PAT-0001;USR-00136;Glória;Centro;-26.32141534271456;-48.82515010343859;-26.30171418669087;-48.8456828762798;2024-11-20 08:19:00;2024-11-20 08:49:00;30;2.18;4.57;94
VGM-000080;PAT-0025;USR-00218;Centro;Anita Garibaldi;-26.30824130940475;-48.8434798752369;-26.31473727569997;-48.83643441078823;2024-05-02 07:15:00;2024-05-02 07:23:00;8;2.46;5.01;36
VGM-000081;PAT-0032;USR-00163;Paranaguamirim;Bucarein;-26.336368965741244;-48.81972832578774;-26.296076456938454;-48.842526972437476;2024-08-10 09:29:00;2024-08-10 10:11:00;42;7.96;10.12;36
VGM-000082;PAT-0013;USR-00281;Glória;América;-26.318767018731723;-48.83434795408739;-26.293666671773508;-48.84634482081765;2024-11-07 07:19:00;2024-11-07 08:04:00;45;7.14;8.4;24
VGM-000083;PAT-0022;USR-00004;Paranaguamirim;América;-26.341691019751472;-48.81536068623188;-26.289746698300455;-48.8522265152277;2024-12-02 11:07:00;2024-12-02 11:10:00;3;3.34;6.26;51
VGM-000084;PAT-0045;USR-00191;Jardim Iririú;Jardim Iririú;-26.27236441649714;-48.855907797941384;-26.26552921732871;-48.8624177318674;2024-12-28 10:44:00;2024-12-28 10:47:00;3;2.81;5.03;21
VGM-000085;PAT-0046;USR-00081;Anita Garibaldi;Jardim Iririú;-26.313890176782845;-48.834612982020474;-26.270812861110937;-48.86256532955933;2024-03-24 21:22:00;2024-03-24 21:58:00;36;6.26;8.75;25
VGM-000086;PAT-0050;USR-00195;Saguaçu;Iririú;-26.286748166779734;-48.84802187491966;-26.279400566991384;-48.85542235387295;2024-09-21 14:10:00;2024-09-21 14:36:00;26;7.1;10.83;58
VGM-000087;PAT-0076;USR-00152;Jardim Iririú;Bucarein;-26.26570393821662;-48.86394526300043;-26.301690262570055;-48.83940479851283;2024-03-05 14:46:00;2024-03-05 14:56:00;10;2.89;5.45;55
VGM-000088;PAT-0031;USR-00200;Iririú;Bucarein;-26.273624425286446;-48.85343219895275;-26.29694003032729;-48.844940118158114;2024-01-16 16:51:00;2024-01-16 17:21:00;30;2.83;5.69;92
VGM-000089;PAT-0035;USR-00200;Paranaguamirim;América;-26.336127872574238;-48.811778968393995;-26.287505535937743;-48.84890703872859;2024-05-19 22:04:00;2024-05-19 22:23:00;19;4.92;7.44;75
VGM-000090;PAT-0015;USR-00189;Iririú;Anita Garibaldi;-26.275277850748378;-48.85619579992492;-26.316550031787646;-48.839788501766506;2024-12-30 08:31:00;2024-12-30 09:03:00;32;6.55;8.84;58
VGM-000091;PAT-0013;USR-00230;Saguaçu;Itaum;-26.288804057540617;-48.845243881490745;-26.327658487409582;-48.82081067022016;2024-09-18 17:03:00;2024-09-18 17:37:00;34;0.35;2.82;68
VGM-000092;PAT-0030;USR-00202;Paranaguamirim;Itaum;-26.33786755212777;-48.81035523346099;-26.331586813540497;-48.817241349347974;2024-10-17 11:23:00;2024-10-17 11:36:00;13;8.01;12.05;28
VGM-000093;PAT-0050;USR-00041;Paranaguamirim;América;-26.337392149513832;-48.81796233540872;-26.291214716300804;-48.852612670442255;2024-05-10 09:57:00;2024-05-10 10:36:00;39;0.75;3.29;38
VGM-000094;PAT-0080;USR-00166;Bucarein;Centro;-26.297387228024302;-48.84176670368805;-26.300111404501546;-48.84556262898555;2024-12-11 09:14:00;2024-12-11 09:49:00;35;3.65;6.13;98
VGM-000095;PAT-0080;USR-00191;América;Saguaçu;-26.288290328200453;-48.853128620419156;-26.28668028495264;-48.85095020767174;2024-01-02 07:54:00;2024-01-02 07:57:00;3;5.6;7.22;48
VGM-000096;PAT-0076;USR-00245;Centro;Glória;-26.304462044036356;-48.84327145580966;-26.320346630660605;-48.827580046088734;2024-05-05 07:30:00;2024-05-05 07:56:00;26;1.45;3.91;92
VGM-000097;PAT-0037;USR-00237;Bucarein;América;-26.297772671706177;-48.841224066341184;-26.295863175852393;-48.85547720896731;2024-07-15 10:11:00;2024-07-15 10:16:00;5;4.05;6.25;26
VGM-000098;PAT-0036;USR-00232;Centro;Centro;-26.305124589816415;-48.8448541758245;-26.30858401279995;-48.84267457355125;2024-10-10 19:14:00;2024-10-10 19:37:00;23;2.55;4.68;23
VGM-000099;PAT-0004;USR-00174;Bucarein;América;-26.302745808732556;-48.83902085840384;-26.293414084088653;-48.854018036135784;2024-05-07 19:58:00;2024-05-07 20:21:00;23;7.01;8.45;38
VGM-000100;PAT-0029;USR-00281;Anita Garibaldi;Jardim Iririú;-26.315921085730068;-48.83604029527338;-26.27272147759179;-48.85625601968292;2024-05-18 08:36:00;2024-05-18 09:02:00;26;1.96;4.66;65
VGM-000101;PAT-0076;USR-00221;Glória;Iririú;-26.324685708143132;-48.82584909931593;-26.273686246739516;-48.85647470758699;2024-03-02 22:43:00;2024-03-02 22:33:00;6;5.73;9.36;33
VGM-000102;PAT-0054;USR-00028;Bucarein;Saguaçu;-26.29663589588736;-48.84166971132754;-26.285736016431983;-48.845773164255256;2024-04-01 13:51:00;2024-04-01 14:27:00;36;2.4;4.46;37
VGM-000103;PAT-0045;USR-00128;Anita Garibaldi;Centro;-26.313856440189237;-48.83842045177165;-26.30391854797272;-48.848007747022145;2024-01-24 18:04:00;2024-01-24 18:36:00;32;7.13;8.4;34
VGM-000104;PAT-0036;USR-00009;Saguaçu;Anita Garibaldi;-26.284914293088352;-48.84604100881831;-26.31525352814104;-48.83094088328765;2024-05-24 15:20:00;2024-05-24 15:28:00;8;0.49;2.91;46
VGM-000105;PAT-0078;USR-00129;Paranaguamirim;Iririú;-26.33592433526074;-48.81206738649561;-26.27704067970563;-48.858733628744815;2024-10-10 20:00:00;2024-10-10 20:26:00;26;3.81;6.36;79
VGM-000106;PAT-0075;USR-00286;Bucarein;América;-26.30050707770851;-48.843832383229326;-26.289361755251473;-48.85421480210727;2024-04-12 15:36:00;2024-04-12 15:58:00;22;3.44;5.43;62
VGM-000107;PAT-0038;USR-00214;Saguaçu;Jardim Iririú;-26.285896170769643;-48.84442820743001;-26.263346972763696;-48.86006969874841;2024-11-14 13:29:00;2024-11-14 13:55:00;26;4.88;6.59;70
VGM-000108;PAT-0049;USR-00151;Iririú;Itaum;-26.272444488614568;-48.85093856745234;-26.334495832263976;-48.82418061560962;2024-10-29 21:49:00;2024-10-29 22:04:00;15;6.36;9.48;65
VGM-000109;PAT-0038;USR-00062;Glória;Anita Garibaldi;-26.322712018345083;-48.83223095512622;-26.30809615679145;-48.83804019815298;2024-10-06 13:09:00;2024-10-06 13:12:00;3;6.84;9.13;87
VGM-000110;PAT-0025;USR-00126;Anita Garibaldi;Saguaçu;-26.316230200901714;-48.83016478527285;-26.284231187986887;-48.84356233617788;2024-07-28 06:14:00;2024-07-28 06:51:00;37;5.36;6.87;96
VGM-000111;PAT-0028;USR-00162;Saguaçu;Paranaguamirim;-26.28710248547086;-48.85159288471951;-26.339360804332443;-48.81023510338852;2024-06-26 06:21:00;2024-06-26 06:24:00;3;3.91;6.66;70
VGM-000112;PAT-0015;USR-00029;Itaum;Bucarein;-26.333387787127457;-48.82297984331598;-26.29799721464792;-48.84323740670669;2024-12-02 18:54:00;2024-12-02 19:16:00;22;2.55;4.6;44
VGM-000113;PAT-0013;USR-00204;América;Bucarein;-26.286703023476576;-48.854157751607616;-26.302306059140957;-48.83776713978986;2024-02-23 12:33:00;2024-02-23 12:51:00;18;0.91;3.27;62
VGM-000114;PAT-0044;USR-00162;Paranaguamirim;Glória;-26.336918796204355;-48.811060102899916;-26.32410123148264;-48.829551753243265;2024-08-02 21:03:00;2024-08-02 21:15:00;12;1.62;4.43;94
VGM-000115;PAT-0071;USR-00131;Glória;Jardim Iririú;-26.318665962434896;-48.82845707447675;-26.26699087994341;-48.86230257534126;2024-12-30 14:05:00;2024-12-30 14:10:00;5;6.23;9.28;63
VGM-000116;PAT-0030;USR-00006;Glória;Jardim Iririú;-26.316285394098124;-48.83347895716778;-26.269590414285645;-48.857976012789194;2024-04-28 22:26:00;2024-04-28 22:52:00;26;8.02;9.83;100
VGM-000117;PAT-0045;USR-00250;Itaum;Glória;-26.326963279231006;-48.82059676581632;-26.315827319334222;-48.82841098193425;2024-08-22 08:37:00;2024-08-22 08:46:00;9;5.16;7.12;80
VGM-000118;PAT-0030;USR-00215;Anita Garibaldi;Bucarein;-26.31513429941114;-48.8338470197493;-26.298934094626404;-48.83710874680891;2024-09-15 10:40:00;2024-09-15 11:08:00;28;8.11;9.7;20
VGM-000119;PAT-0074;USR-00083;Itaum;Bucarein;-26.3260744100151;-48.82416535915011;-26.30156718541297;-48.84434952712591;2024-02-08 07:27:00;2024-02-08 08:12:00;45;8.06;10.89;91
VGM-000120;PAT-0065;USR-00043;Jardim Iririú;Anita Garibaldi;-26.267606577580842;-48.85617583631593;-26.30985281166498;-48.83327940497338;2024-03-07 13:18:00;2024-03-07 13:37:00;19;6.71;9.89;75
VGM-000121;PAT-0025;USR-00006;América;Itaum;-26.28792559844836;-48.84796396464559;-26.332066465785587;-48.824479762449705;2024-06-10 18:44:00;2024-06-10 19:07:00;23;3.5;6.6;30
VGM-000122;PAT-0049;USR-00032;Glória;Paranaguamirim;-26.316039087000764;-48.82994793226423;-26.33974529692644;-48.818863539613034;2024-06-11 20:17:00;2024-06-11 20:34:00;17;8.17;10.19;93
VGM-000123;PAT-0062;USR-00045;Itaum;Bucarein;-26.33181996525028;-48.81532873384741;-26.296021672144946;-48.84696081625049;2024-02-08 12:08:00;2024-02-08 12:48:00;40;6.09;7.95;98
VGM-000124;PAT-0030;USR-00152;Anita Garibaldi;América;-26.315899480754723;-48.83582239020725;-26.28699735888798;-48.8460053931894;2024-02-25 10:06:00;2024-02-25 10:19:00;13;2.35;4.4;47
VGM-000125;PAT-0072;USR-00255;Paranaguamirim;Saguaçu;-26.34272064837458;-48.81015889680963;-26.282078088051982;-48.844977263028525;2024-08-18 20:20:00;2024-08-18 20:49:00;29;8.39;11.17;28
VGM-000126;PAT-0054;USR-00276;Bucarein;Centro;-26.298728922113735;-48.84032080001196;-26.302636389321275;-48.843332769852665;2024-03-02 17:49:00;2024-03-02 18:05:00;16;5.11;8.15;53
VGM-000127;PAT-0037;USR-00124;América;América;-26.287819852340775;-48.84965328726746;-26.28920366817605;-48.85090273924712;2024-08-19 15:29:00;2024-08-19 15:48:00;19;0.79;3.19;66
VGM-000128;PAT-0032;USR-00162;Glória;Bucarein;-26.316392694167437;-48.83334045104704;-26.29354075355968;-48.84399932917094;2024-03-02 08:10:00;2024-03-02 08:32:00;22;0.76;3.4;90
VGM-000129;PAT-0078;USR-00229;Bucarein;Centro;-26.302930478694687;-48.83818072241695;-26.306441759025034;-48.849687357155375;2024-12-26 07:13:00;2024-12-26 07:36:00;23;3.11;5.46;58
VGM-000130;PAT-0029;USR-00189;Iririú;Anita Garibaldi;-26.274892526974224;-48.85572510312079;-26.31698887905804;-48.837153252611536;2024-03-16 08:45:00;2024-03-16 09:03:00;18;4.71;7.29;44
VGM-000131;PAT-0078;USR-00208;Saguaçu;Centro;-26.285825889968514;-48.851377665942174;-26.30668045440602;-48.847440287780714;2024-07-01 18:32:00;2024-07-01 18:38:00;6;3.89;5.64;53
VGM-000132;PAT-0071;USR-00201;Paranaguamirim;Iririú;-26.34277892189529;-48.81987392480024;-26.27782108620373;-48.852436899030195;2024-12-12 15:16:00;2024-12-12 15:30:00;14;2.63;4.77;61
VGM-000133;PAT-0061;USR-00299;Saguaçu;Itaum;-26.288801346326665;-48.84740244316362;-26.32838165414886;-48.81960338211097;2024-01-16 18:54:00;2024-01-16 19:25:00;31;4.17;6.79;70
VGM-000134;PAT-0027;USR-00063;Anita Garibaldi;Saguaçu;-26.313623848285964;-48.834726003778776;-26.283662884002347;-48.852225163734445;2024-10-11 13:06:00;2024-10-11 13:38:00;32;7.52;10.36;69
VGM-000135;PAT-0017;USR-00133;Itaum;Paranaguamirim;-26.325570902960873;-48.81780646377631;-26.33906538617295;-48.81981970991041;2024-02-22 10:07:00;2024-02-22 10:10:00;3;0.91;3.58;48
VGM-000136;PAT-0045;USR-00004;Anita Garibaldi;América;-26.313767970679795;-48.83109741946982;-26.295837565567904;-48.85497667820466;2024-02-01 13:08:00;2024-02-01 13:23:00;15;8.31;11.84;30
VGM-000137;PAT-0013;USR-00104;Iririú;Iririú;-26.274812093782565;-48.859205934153564;-26.272712219455492;-48.85589501286302;2024-07-24 17:43:00;2024-07-24 18:26:00;43;6.31;7.86;29
VGM-000138;PAT-0028;USR-00030;Itaum;Anita Garibaldi;-26.327969810411048;-48.817685035096595;-26.313764695875147;-48.83066807082951;2024-11-26 08:37:00;2024-11-26 09:17:00;40;7.06;8.84;48
VGM-000139;PAT-0061;USR-00199;Itaum;Paranaguamirim;-26.331363703976205;-48.823125880559026;-26.338349440109933;-48.813625975187904;2024-05-12 08:01:00;2024-05-12 08:08:00;7;7.47;9.69;89
VGM-000140;PAT-0011;USR-00002;Centro;Jardim Iririú;-26.29968217917279;-48.84261822946843;-26.267434215714978;-48.85698174100124;2024-04-11 20:51:00;2024-04-11 21:02:00;11;5.14;7.11;90
VGM-000141;PAT-0009;USR-00275;Saguaçu;Bucarein;-26.28037552705058;-48.84480936486138;-26.29957269074572;-48.842336254054956;2024-02-17 16:07:00;2024-02-17 16:12:00;5;5.01;7.73;67
VGM-000142;PAT-0080;USR-00207;Bucarein;Bucarein;-26.300482177041744;-48.84159206245015;-26.301654237328957;-48.84338333916805;2024-08-24 07:10:00;2024-08-24 07:49:00;39;4.91;8.18;26
VGM-000143;PAT-0069;USR-00129;América;Saguaçu;-26.291027514941078;-48.84889757201377;-26.289055811023395;-48.85191599627283;2024-08-09 18:31:00;2024-08-09 18:35:00;4;3.89;7.04;46
VGM-000144;PAT-0037;USR-00047;Glória;Jardim Iririú;-26.321991216901832;-48.83185649886816;-26.26468481666888;-48.85624066977814;2024-07-14 19:11:00;2024-07-14 19:36:00;25;2.99;5.23;57
VGM-000145;PAT-0030;USR-00028;América;Paranaguamirim;-26.293151595056226;-48.85128832101067;-26.335816024579184;-48.81216839970972;2024-04-19 11:17:00;2024-04-19 11:37:00;20;4.78;6.33;43
VGM-000146;PAT-0002;USR-00281;Paranaguamirim;Iririú;-26.344631130526455;-48.81178363102289;-26.273502119532356;-48.85831881902402;2024-08-16 10:02:00;2024-08-16 10:44:00;42;5.72;8.61;44
VGM-000147;PAT-0013;USR-00164;América;Iririú;-26.2899043566602;-48.85140734802827;-26.278965658851394;-48.85487739436123;2024-11-13 13:41:00;2024-11-13 14:02:00;21;4.86;7.23;72
VGM-000148;PAT-0001;USR-00126;Paranaguamirim;Saguaçu;-26.33997320976771;-48.816422017346746;-26.28597972783112;-48.84812625192079;2024-09-12 19:56:00;2024-09-12 20:34:00;38;7.0;10.51;40
VGM-000149;PAT-0003;USR-00116;Itaum;Paranaguamirim;-26.334485212487497;-48.820057875527496;-26.337710607998947;-48.81374908447313;2024-09-02 07:05:00;2024-09-02 07:25:00;20;5.95;9.28;37
VGM-000150;PAT-0003;USR-00186;América;Anita Garibaldi;-26.293213535357634;-48.84771750747563;-26.3092017911599;-48.83053813106009;2024-07-15 10:26:00;2024-07-15 10:41:00;15;1.45;3.92;24
VGM-000151;PAT-0014;USR-00110;Iririú;América;-26.270917341140333;-48.85664791952629;-26.29481781377709;-48.85020228558238;2024-11-25 22:15:00;2024-11-25 22:58:00;43;6.61;8.4;51
VGM-000152;PAT-0080;USR-00041;América;Jardim Iririú;-26.29360438109333;-48.85426238406864;-26.272999692811545;-48.859597827332216;2024-10-05 06:24:00;2024-10-05 06:49:00;25;7.44;10.97;44
VGM-000153;PAT-0028;USR-00163;Iririú;Itaum;-26.278551051279088;-48.85287985979669;-26.327878629541193;-48.824496770670656;2024-09-02 21:22:00;2024-09-02 22:01:00;39;6.03;8.31;59
VGM-000154;PAT-0032;USR-00174;Iririú;Itaum;-26.27510547239722;-48.851740217872916;-26.331434038240136;-48.82437092523982;2024-09-14 16:24:00;2024-09-14 16:44:00;20;6.36;8.72;78
VGM-000155;PAT-0062;USR-00162;Glória;América;-26.315143495458894;-48.83399362521476;-26.29345518668382;-48.85412653208673;2024-04-02 06:20:00;2024-04-02 07:01:00;41;8.15;9.51;57
VGM-000156;PAT-0020;USR-00101;Anita Garibaldi;Saguaçu;-26.314579447284885;-48.83760125887244;-26.289871025302105;-48.85267529228308;2024-04-22 06:57:00;2024-04-22 07:17:00;20;3.26;6.27;43
VGM-000157;PAT-0054;USR-00256;Bucarein;América;-26.29627864452594;-48.84558028010239;-26.290597005932387;-48.8485664710443;2024-01-30 21:33:00;2024-01-30 21:58:00;25;6.64;10.07;53
VGM-000158;PAT-0063;USR-00034;Glória;Anita Garibaldi;-26.317383803846713;-48.83152058588418;-26.30848849264574;-48.832766696960064;2024-10-26 13:10:00;2024-10-26 13:19:00;9;6.43;9.57;72
VGM-000159;PAT-0020;USR-00239;Centro;Paranaguamirim;-26.307023624560077;-48.84669649021095;-26.335423683537275;-48.81863943765568;2024-05-06 13:17:00;2024-05-06 13:54:00;37;2.06;4.17;46
VGM-000160;PAT-0008;USR-00271;América;Glória;-26.288717836513882;-48.848511736630364;-26.319342550493868;-48.82663921099205;2024-01-29 13:36:00;2024-01-29 14:03:00;27;2.93;5.74;33
VGM-000161;PAT-0022;USR-00047;Itaum;América;-26.331322168672806;-48.818488524151185;-26.2908553867226;-48.854452139651535;2024-06-30 11:11:00;2024-06-30 11:29:00;18;2.17;4.41;22
VGM-000162;PAT-0013;USR-00174;Bucarein;América;-26.296676941694063;-48.840790714325216;-26.29514943614511;-48.852988244130024;2024-10-30 16:51:00;2024-10-30 17:16:00;25;3.27;6.0;58
VGM-000163;PAT-0063;USR-00102;Itaum;Jardim Iririú;-26.32866470289239;-48.821476250533905;-26.267511271984574;-48.862510231008386;2024-10-29 06:45:00;2024-10-29 07:10:00;25;1.93;4.38;49
VGM-000164;PAT-0011;USR-00135;América;Bucarein;-26.290642253159252;-48.84758552446915;-26.299200209210344;-48.843276929014266;2024-10-17 10:36:00;2024-10-17 10:51:00;15;8.27;12.01;77
VGM-000165;PAT-0080;USR-00217;América;Centro;-26.295097102299458;-48.851287128326014;-26.303328647191165;-48.8486533623411;2024-09-09 15:11:00;2024-09-09 15:45:00;34;2.42;4.77;94
VGM-000166;PAT-0029;USR-00063;Anita Garibaldi;Saguaçu;-26.30864697504411;-48.83020895061985;-26.286112736521236;-48.848110490735614;2024-01-20 08:03:00;2024-01-20 08:20:00;17;5.25;6.74;73
VGM-000167;PAT-0029;USR-00281;Paranaguamirim;Paranaguamirim;-26.341792199350284;-48.81365857861704;-26.342597008765495;-48.81592592118645;2024-11-04 13:01:00;2024-11-04 13:37:00;36;7.95;10.47;84
VGM-000168;PAT-0008;USR-00029;Glória;Iririú;-26.323134814896;-48.83373735258435;-26.279050347247715;-48.850134305092205;2024-09-01 06:21:00;2024-09-01 07:03:00;42;1.45;3.88;70
VGM-000169;PAT-0019;USR-00035;Saguaçu;Centro;-26.28959224858445;-48.84623822437924;-26.30625081555411;-48.85064073649872;2024-04-13 10:21:00;2024-04-13 10:35:00;14;5.57;7.94;89
VGM-000170;PAT-0001;USR-00195;Jardim Iririú;Bucarein;-26.267091070568117;-48.861748959845684;-26.30203355165712;-48.845578186236125;2024-06-14 07:01:00;2024-06-14 07:13:00;12;3.8;5.85;23
VGM-000171;PAT-0029;USR-00240;América;Glória;-26.289224356381578;-48.84913672803314;-26.323231030491762;-48.83447174106091;2024-10-27 10:49:00;2024-10-27 10:59:00;10;6.91;8.43;24
VGM-000172;PAT-0030;USR-00285;Paranaguamirim;Glória;-26.344834121710722;-48.81930358851837;-26.315126638414206;-48.82874158805017;2024-09-26 17:04:00;2024-09-26 17:30:00;26;6.84;8.18;90
VGM-000173;PAT-0043;USR-00300;Iririú;Itaum;-26.274879069417004;-48.858251185628234;-26.33055896443093;-48.824454907225864;2024-12-26 18:37:00;2024-12-26 18:46:00;9;7.12;10.58;60
VGM-000174;PAT-0003;USR-00233;Saguaçu;Iririú;-26.28773504224802;-48.84444262741094;-26.27468128233495;-48.85163560262624;2024-06-21 15:20:00;2024-06-21 15:31:00;11;0.79;3.35;38
VGM-000175;PAT-0046;USR-00199;Glória;América;-26.318548272095907;-48.83272820442976;-26.287263814712627;-48.85088061369318;2024-03-21 19:50:00;2024-03-21 20:33:00;43;8.42;9.8;92
VGM-000176;PAT-0019;USR-00050;Paranaguamirim;Anita Garibaldi;-26.34325633570995;-48.81162958874757;-26.307044310995096;-48.83472992375419;2024-09-06 16:11:00;2024-09-06 16:49:00;38;3.36;5.73;55
VGM-000177;PAT-0062;USR-00095;Glória;Glória;-26.318090622618975;-48.832207239115455;-26.319172855506554;-48.829384054922876;2024-12-21 17:14:00;2024-12-21 17:59:00;45;4.94;6.88;68
VGM-000178;PAT-0062;USR-00034;Saguaçu;América;-26.286132646536995;-48.84657118089941;-26.28787526178956;-48.85429186293694;2024-10-28 11:24:00;2024-10-28 11:46:00;22;8.46;10.46;94
VGM-000179;PAT-0037;USR-00218;América;Paranaguamirim;-26.286632700112634;-48.8490584942649;-26.341730589756633;-48.81802309696885;2024-12-18 15:08:00;2024-12-18 15:22:00;14;8.17;9.93;26
VGM-000180;PAT-0050;USR-00258;Centro;Saguaçu;-26.30802479055854;-48.84607345246855;-26.286942560425526;-48.849811826771266;2024-01-01 18:54:00;2024-01-01 19:33:00;39;7.46;10.6;39
VGM-000181;PAT-0074;USR-00214;Anita Garibaldi;Bucarein;-26.3135893364895;-48.83694689323303;-26.298972962790053;-48.84106503584178;2024-01-17 11:38:00;2024-01-17 12:01:00;23;2.98;5.95;31
VGM-000182;PAT-0017;USR-00142;Iririú;Paranaguamirim;-26.278865264787594;-48.857873556236285;-26.338274927373263;-48.81789882224059;2024-11-09 13:40:00;2024-11-09 14:19:00;39;4.72;6.99;82
VGM-000183;PAT-0068;USR-00047;Itaum;Saguaçu;-26.325753063817213;-48.824668106454375;-26.283178083107448;-48.85183668272867;2024-02-23 21:09:00;2024-02-23 21:33:00;24;2.62;5.52;76
VGM-000184;PAT-0010;USR-00154;Anita Garibaldi;Paranaguamirim;-26.308226606466192;-48.83696053598759;-26.341847605653506;-48.81029883113581;2024-02-09 13:22:00;2024-02-09 13:45:00;23;3.04;6.1;56
VGM-000185;PAT-0027;USR-00092;Iririú;Glória;-26.277420583722847;-48.85346837209468;-26.323667900758632;-48.834780181851905;2024-03-26 08:52:00;2024-03-26 09:37:00;45;0.85;3.41;28
VGM-000186;PAT-0028;USR-00060;Paranaguamirim;Itaum;-26.33840015953966;-48.81061695181551;-26.328676037435343;-48.81697302594664;2024-11-23 16:28:00;2024-11-23 16:31:00;3;0.92;3.44;79
VGM-000187;PAT-0027;USR-00055;Paranaguamirim;Saguaçu;-26.33682777799799;-48.81128795517737;-26.288716741378114;-48.84511964850425;2024-05-15 12:15:00;2024-05-15 12:22:00;7;1.06;3.62;53
VGM-000188;PAT-0046;USR-00048;Saguaçu;Centro;-26.284447991884004;-48.845339352234646;-26.30361507491771;-48.848227858861556;2024-06-28 14:50:00;2024-06-28 14:59:00;9;4.88;6.53;44
VGM-000189;PAT-0046;USR-00217;Itaum;Paranaguamirim;-26.32970349421644;-48.81711552656747;-26.338065778719436;-48.81864373383993;2024-01-01 07:24:00;2024-01-01 07:55:00;31;1.22;3.82;24
VGM-000190;PAT-0061;USR-00170;Jardim Iririú;América;-26.270581477090996;-48.85835015096524;-26.288993885036056;-48.85454371353295;2024-08-02 11:56:00;2024-08-02 12:25:00;29;1.6;3.79;58
VGM-000191;PAT-0034;USR-00116;Saguaçu;Saguaçu;-26.289068972321942;-48.85039713142434;-26.282465278893405;-48.84602568382763;2024-09-09 18:22:00;2024-09-09 18:59:00;37;4.51;7.14;46
VGM-000192;PAT-0034;USR-00187;Anita Garibaldi;Jardim Iririú;-26.30802784242047;-48.83092804969294;-26.264271405784346;-48.858571934089134;2024-07-11 09:53:00;2024-07-11 10:26:00;33;7.28;9.37;60
VGM-000193;PAT-0054;USR-00212;Glória;Glória;-26.315995819428366;-48.82829267688094;-26.320000410080354;-48.82717254325748;2024-10-22 13:10:00;2024-10-22 13:41:00;31;5.01;6.55;27
VGM-000194;PAT-0061;USR-00029;Centro;Centro;-26.30306898542727;-48.8455955936902;-26.302097508104705;-48.84182518827601;2024-02-07 07:18:00;2024-02-07 07:22:00;4;4.14;6.53;39
VGM-000195;PAT-0071;USR-00160;Paranaguamirim;Centro;-26.341609702089514;-48.818890105307865;-26.303208272646344;-48.84428072636734;2024-06-12 14:06:00;2024-06-12 14:13:00;7;5.63;8.01;49
VGM-000196;PAT-0044;USR-00017;Anita Garibaldi;Iririú;-26.313507904253875;-48.835529444561935;-26.278133600602022;-48.85844148463448;2024-06-24 11:56:00;2024-06-24 12:23:00;27;1.87;4.31;88
VGM-000197;PAT-0014;USR-00292;Anita Garibaldi;Itaum;-26.3097404432113;-48.83539641728798;-26.334743103551304;-48.82256557383235;2024-03-23 08:35:00;2024-03-23 08:43:00;8;0.9;3.38;66
VGM-000198;PAT-0044;USR-00257;Anita Garibaldi;Glória;-26.308028897400476;-48.83135436390477;-26.32215458614323;-48.82657806269127;2024-06-22 21:45:00;2024-06-22 21:49:00;4;5.91;8.05;26
VGM-000199;PAT-0069;USR-00091;Itaum;Bucarein;-26.32612913575735;-48.81953351779812;-26.29856966293662;-48.84490693924165;2024-08-08 11:38:00;2024-08-08 12:08:00;30;7.01;8.86;40
VGM-000200;PAT-0020;USR-00260;Saguaçu;Iririú;-26.282201244541422;-48.849195994510296;-26.273828940555713;-48.85927477683045;2024-03-21 07:06:00;2024-03-21 07:30:00;24;4.12;7.3;40
VGM-000201;PAT-0037;USR-00263;Glória;Centro;-26.318579683538456;-48.82523199671489;-26.300900406694968;-48.844167199459584;2024-04-15 12:26:00;2024-04-15 13:04:00;38;0.0;9.36;91
VGM-000202;PAT-0038;USR-00128;Centro;Anita Garibaldi;-26.30855860035005;-48.85009279406674;-26.31503754283294;-48.8359747364451;2024-10-03 14:42:00;2024-10-03 15:03:00;21;8.45;9.79;98
VGM-000203;PAT-0062;USR-00092;Iririú;Bucarein;-26.278383712859053;-48.855774515716874;-26.301744502101013;-48.837799599474536;2024-06-01 13:06:00;2024-06-01 13:12:00;6;1.55;3.88;55
VGM-000204;PAT-0078;USR-00045;Bucarein;Paranaguamirim;-26.294014458114727;-48.846579753248285;-26.335365200525256;-48.81349744928906;2024-07-20 21:09:00;2024-07-20 21:15:00;6;3.01;5.61;74
VGM-000205;PAT-0038;USR-00037;Saguaçu;Iririú;-26.283935709403405;-48.84560095879233;-26.278919554406233;-48.85909581022208;2024-07-03 06:27:00;2024-07-03 06:35:00;8;1.79;4.3;70
VGM-000206;PAT-0072;USR-00297;Itaum;Centro;-26.33490802948383;-48.815819234478006;-26.30461508929893;-48.84172143432747;2024-05-30 21:12:00;2024-05-30 21:21:00;9;5.02;7.58;63
VGM-000207;PAT-0027;USR-00199;Jardim Iririú;Bucarein;-26.27198528457134;-48.862199626704495;-26.297144362712064;-48.844414427363596;2024-01-14 12:10:00;2024-01-14 12:53:00;43;4.02;6.03;43
VGM-000208;PAT-0063;USR-00120;Anita Garibaldi;Jardim Iririú;-26.310364982308922;-48.83141658323201;-26.267586255790928;-48.861627875095934;2024-05-29 08:30:00;2024-05-29 08:40:00;10;6.71;7.97;77
VGM-000209;PAT-0036;USR-00245;Jardim Iririú;América;-26.27294938416154;-48.86207781769538;-26.29513967842967;-48.851977395863166;2024-06-06 18:30:00;2024-06-06 19:04:00;34;6.36;8.56;63
VGM-000210;PAT-0014;USR-00102;Iririú;Saguaçu;-26.278391919485824;-48.850892298383556;-26.289429730859965;-48.85248775703596;2024-12-04 14:05:00;2024-12-04 14:49:00;44;8.08;9.12;40
VGM-000211;PAT-0074;USR-00130;Jardim Iririú;Saguaçu;-26.267512662106334;-48.857460380964035;-26.28894516572539;-48.84803484577769;2024-10-05 18:11:00;2024-10-05 18:37:00;26;7.59;9.27;45
VGM-000212;PAT-0001;USR-00174;Paranaguamirim;Centro;-26.338081048023074;-48.81195093223158;-26.303544123161274;-48.84996681508925;2024-07-14 17:11:00;2024-07-14 17:42:00;31;3.59;6.39;45
VGM-000213;PAT-0013;USR-00300;Glória;Iririú;-26.318480387404975;-48.83481993444399;-26.274556551123656;-48.85599029673311;2024-01-23 14:28:00;2024-01-23 15:00:00;32;2.71;4.84;37
VGM-000214;PAT-0032;USR-00300;Glória;América;-26.322757306905395;-48.82537189642926;-26.293662592079635;-48.852492902120076;2024-05-14 13:53:00;2024-05-14 14:13:00;20;5.41;8.16;86
VGM-000215;PAT-0045;USR-00015;Itaum;Itaum;-26.327878207786522;-48.817733290079296;-26.328622258581543;-48.817271599165736;2024-10-15 07:09:00;2024-10-15 07:54:00;45;3.5;6.07;39
VGM-000216;PAT-0074;USR-00111;Paranaguamirim;Saguaçu;-26.34262750912503;-48.81695248904614;-26.281799324979442;-48.84496829488367;2024-02-19 08:42:00;2024-02-19 09:07:00;25;0.37;2.83;99
VGM-000217;PAT-0071;USR-00154;Bucarein;Saguaçu;-26.299746003018406;-48.83870605335141;-26.289584210401536;-48.85146587117611;2024-10-04 19:48:00;2024-10-04 20:28:00;40;2.94;5.47;49
VGM-000218;PAT-0015;USR-00280;Glória;América;-26.31753508594882;-48.83218478801585;-26.29101870056452;-48.8523344881262;2024-04-26 07:53:00;2024-04-26 08:20:00;27;1.53;3.88;21
VGM-000219;PAT-0032;USR-00181;América;Paranaguamirim;-26.289503671009527;-48.84727246160434;-26.338106895878973;-48.81626646838968;2024-09-24 19:34:00;2024-09-24 20:07:00;33;7.32;8.79;37
VGM-000220;PAT-0027;USR-00043;Glória;Jardim Iririú;-26.316507765895057;-48.83387419609588;-26.270476880729305;-48.863485895560636;2024-10-20 13:30:00;2024-10-20 13:52:00;22;5.09;6.86;22
VGM-000221;PAT-0019;USR-00001;Itaum;Anita Garibaldi;-26.328423871076996;-48.817963140225395;-26.31392229094707;-48.83201546494949;2024-02-10 18:57:00;2024-02-10 19:02:00;5;6.6;8.93;37
VGM-000222;PAT-0008;USR-00208;Iririú;Glória;-26.274316913966643;-48.85459301523355;-26.318863620970106;-48.827927716716644;2024-09-14 22:51:00;2024-09-14 23:30:00;39;4.67;7.86;62
VGM-000223;PAT-0046;USR-00048;América;Centro;-26.295063252321718;-48.85503465529804;-26.300420647065565;-48.84929618213703;2024-12-12 10:07:00;2024-12-12 10:38:00;31;5.66;7.45;71
VGM-000224;PAT-0019;USR-00043;América;América;-26.292322841969405;-48.85358106171741;-26.287900755796972;-48.85233278091406;2024-03-29 11:13:00;2024-03-29 11:28:00;15;1.94;4.37;93
VGM-000225;PAT-0080;USR-00128;América;Centro;-26.293347976323183;-48.855875959637224;-26.303568697809006;-48.85014194975144;2024-03-05 07:27:00;2024-03-05 07:35:00;8;7.04;8.6;33
VGM-000226;PAT-0017;USR-00177;Bucarein;Jardim Iririú;-26.30056010356621;-48.84231232034536;-26.26569778282243;-48.858717934029066;2024-12-15 19:12:00;2024-12-15 19:55:00;43;7.89;9.02;47
VGM-000227;PAT-0071;USR-00299;América;Paranaguamirim;-26.286269894452477;-48.8529873473924;-26.341351775297923;-48.81878628075451;2024-03-16 14:20:00;2024-03-16 14:27:00;7;7.62;11.25;46
VGM-000228;PAT-0049;USR-00001;Anita Garibaldi;Bucarein;-26.313069022753332;-48.834016425157024;-26.29659034471901;-48.83714065831375;2024-02-14 18:35:00;2024-02-14 19:03:00;28;6.16;8.96;21
VGM-000229;PAT-0080;USR-00257;Saguaçu;Iririú;-26.281079534448228;-48.85002762192291;-26.275338184088724;-48.85219317925312;2024-10-09 16:54:00;2024-10-09 17:14:00;20;5.03;7.68;49
VGM-000230;PAT-0010;USR-00208;Centro;Itaum;-26.30308861374003;-48.84820080888493;-26.333100638635422;-48.82109761450416;2024-09-23 20:58:00;2024-09-23 21:01:00;3;1.85;4.56;22
VGM-000231;PAT-0074;USR-00005;América;Jardim Iririú;-26.288051886964585;-48.84856806801268;-26.26598261726123;-48.85921436067721;2024-12-24 22:50:00;2024-12-24 23:19:00;29;1.52;4.25;48
VGM-000232;PAT-0013;USR-00263;Glória;Glória;-26.319973629068947;-48.83451857164022;-26.319435353626513;-48.825886581837835;2024-02-27 19:09:00;2024-02-27 19:21:00;12;2.83;5.75;45
VGM-000233;PAT-0018;USR-00016;Paranaguamirim;Bucarein;-26.339230961153735;-48.810971050048074;-26.299413784180462;-48.84145900719604;2024-10-17 09:59:00;2024-10-17 10:08:00;9;1.13;3.74;52
VGM-000234;PAT-0008;USR-00024;Jardim Iririú;Centro;-26.268074823061813;-48.85647736125609;-26.300286608099213;-48.84945501513602;2024-10-15 09:50:00;2024-10-15 10:11:00;21;4.67;6.77;72
VGM-000235;PAT-0013;USR-00229;Centro;Centro;-26.307447570122022;-48.84452195316774;-26.309190658821734;-48.84741296644419;2024-10-01 17:56:00;2024-10-01 18:25:00;29;8.04;10.44;79
VGM-000236;PAT-0018;USR-00140;Itaum;Centro;-26.327775478847382;-48.81906778429892;-26.306242268487505;-48.84276855134971;2024-05-15 18:41:00;2024-05-15 19:15:00;34;0.62;3.1;76
VGM-000237;PAT-0058;USR-00077;Paranaguamirim;Bucarein;-26.34219227637559;-48.8110769750186;-26.302431186022222;-48.840557869840104;2024-10-19 21:02:00;2024-10-19 21:16:00;14;1.34;3.66;28
VGM-000238;PAT-0014;USR-00256;Anita Garibaldi;Paranaguamirim;-26.316756840335685;-48.83814669820472;-26.337334726837785;-48.81349275615666;2024-05-21 18:09:00;2024-05-21 18:51:00;42;3.16;5.05;35
VGM-000239;PAT-0063;USR-00118;Jardim Iririú;Saguaçu;-26.26654527704093;-48.86421030837809;-26.282978925458863;-48.84433178514311;2024-11-07 18:02:00;2024-11-07 18:30:00;28;0.87;3.53;74
VGM-000240;PAT-0001;USR-00144;Jardim Iririú;Itaum;-26.27122889320593;-48.8626048983009;-26.331686477812635;-48.81606026942538;2024-06-18 13:03:00;2024-06-18 13:36:00;33;7.44;10.25;78
VGM-000241;PAT-0062;USR-00094;Paranaguamirim;Centro;-26.335595414156472;-48.812054217212996;-26.30264337097793;-48.842002074282206;2024-05-17 17:01:00;2024-05-17 17:25:00;24;7.91;9.07;66
VGM-000242;PAT-0028;USR-00017;Paranaguamirim;Paranaguamirim;-26.335460714229974;-48.819653297332735;-26.34104062773804;-48.81905150806747;2024-06-04 15:17:00;2024-06-04 15:51:00;34;5.7;8.82;21
VGM-000243;PAT-0061;USR-00163;América;Jardim Iririú;-26.286851356097795;-48.850171931649164;-26.265437462085778;-48.85955873998037;2024-12-22 09:55:00;2024-12-22 10:12:00;17;1.95;4.27;76
VGM-000244;PAT-0009;USR-00058;Itaum;Centro;-26.331298412997445;-48.815045624838085;-26.304858163372636;-48.84379490478782;2024-03-09 15:47:00;2024-03-09 16:18:00;31;1.64;4.33;74
VGM-000245;PAT-0004;USR-00075;Centro;Itaum;-26.30924543383471;-48.84264303906163;-26.33087720272168;-48.81743073154873;2024-06-13 14:46:00;2024-06-13 15:15:00;29;8.43;11.04;38
VGM-000246;PAT-0034;USR-00298;Saguaçu;Itaum;-26.280716814374124;-48.847785543109566;-26.325652700845115;-48.8189328379803;2024-11-05 08:12:00;2024-11-05 08:43:00;31;2.21;4.96;81
VGM-000247;PAT-0074;USR-00046;Bucarein;Anita Garibaldi;-26.298718158516824;-48.84636359090713;-26.314491209001094;-48.83833212664816;2024-04-18 19:47:00;2024-04-18 20:21:00;34;7.84;10.51;98
VGM-000248;PAT-0001;USR-00095;Centro;Itaum;-26.299733451809566;-48.84288626485615;-26.33379552660003;-48.817025794460584;2024-09-21 17:52:00;2024-09-21 17:58:00;6;6.63;8.78;98
VGM-000249;PAT-0009;USR-00166;Itaum;Itaum;-26.325363800229105;-48.81901021491823;-26.329154568867402;-48.81779888666485;2024-09-20 11:04:00;2024-09-20 11:26:00;22;0.52;2.95;64
VGM-000250;PAT-0046;USR-00060;Paranaguamirim;Paranaguamirim;-26.336469905445327;-48.818850670029406;-26.335306781877158;-48.81913864228451;2024-12-29 22:25:00;2024-12-29 22:36:00;11;7.5;10.1;60
VGM-000251;PAT-0022;USR-00178;Iririú;Anita Garibaldi;-26.277055511079304;-48.859061427151765;-26.31322160786273;-48.83536190175326;2024-09-25 06:11:00;2024-09-25 06:26:00;15;8.04;9.53;51
VGM-000252;PAT-0036;USR-00055;Bucarein;América;-26.29914902271398;-48.83790373180563;-26.295379632363712;-48.85426022600478;2024-04-12 07:15:00;2024-04-12 07:20:00;5;1.31;3.96;27
VGM-000253;PAT-0024;USR-00201;Paranaguamirim;Jardim Iririú;-26.33648863328483;-48.813307997370615;-26.269606947326906;-48.86162522954287;2024-08-21 07:58:00;2024-08-21 08:24:00;26;8.07;10.01;42
VGM-000254;PAT-0044;USR-00219;Saguaçu;América;-26.28683077994844;-48.84470713200683;-26.290940683456803;-48.85581918907794;2024-12-26 12:17:00;2024-12-26 12:43:00;26;0.51;2.94;55
VGM-000255;PAT-0015;USR-00114;Centro;Saguaçu;-26.30770507253314;-48.84241021099718;-26.288380769933678;-48.84899670131589;2024-08-25 22:25:00;2024-08-25 23:08:00;43;7.41;9.24;67
VGM-000256;PAT-0019;USR-00260;Saguaçu;Iririú;-26.284431987375417;-48.84728227647952;-26.273418977819432;-48.854501230788436;2024-03-04 06:15:00;2024-03-04 06:41:00;26;7.3;10.71;46
VGM-000257;PAT-0071;USR-00282;Jardim Iririú;Iririú;-26.263638452258395;-48.85982553648245;-26.270022506109896;-48.853804174071726;2024-09-07 20:11:00;2024-09-07 20:44:00;33;2.01;4.51;27
VGM-000258;PAT-0050;USR-00095;Anita Garibaldi;Bucarein;-26.31003970203325;-48.83569572589679;-26.298482605240185;-48.84036509654871;2024-10-27 17:22:00;2024-10-27 17:35:00;13;0.7;3.31;30
VGM-000259;PAT-0042;USR-00002;Paranaguamirim;Iririú;-26.339299388299107;-48.81683053412209;-26.276452714432697;-48.85163708686897;2024-05-12 08:18:00;2024-05-12 08:22:00;4;3.9;6.23;42
VGM-000260;PAT-0031;USR-00022;Bucarein;Itaum;-26.30202823506229;-48.84265404039141;-26.330992958331652;-48.82284537092724;2024-07-16 07:10:00;2024-07-16 07:49:00;39;1.93;4.17;49
VGM-000261;PAT-0002;USR-00032;Anita Garibaldi;Centro;-26.31084992773301;-48.8322612034427;-26.30824853821605;-48.84999518177562;2024-04-19 13:41:00;2024-04-19 13:58:00;17;6.62;9.04;94
VGM-000262;PAT-0049;USR-00174;América;Bucarein;-26.286099461498956;-48.84998076568985;-26.294167263985734;-48.83848462828102;2024-12-12 12:17:00;2024-12-12 13:01:00;44;5.14;8.35;91
VGM-000263;PAT-0015;USR-00189;Iririú;Bucarein;-26.278599159847634;-48.85107476710045;-26.298851743444786;-48.84543387185107;2024-07-28 22:01:00;2024-07-28 22:04:00;3;1.32;3.68;53
VGM-000264;PAT-0076;USR-00234;Anita Garibaldi;América;-26.311816703476364;-48.83556619985621;-26.292127255885752;-48.84625239918664;2024-08-30 10:41:00;2024-08-30 10:55:00;14;8.25;11.11;82
VGM-000265;PAT-0043;USR-00295;Paranaguamirim;Saguaçu;-26.336226269280722;-48.81392910421281;-26.283403097270696;-48.844574617706016;2024-11-03 06:14:00;2024-11-03 06:33:00;19;4.45;6.71;41
VGM-000266;PAT-0035;USR-00188;Iririú;Centro;-26.272592313822457;-48.85368692446907;-26.30497966579069;-48.846191233941106;2024-11-07 15:45:00;2024-11-07 16:29:00;44;5.04;8.11;50
VGM-000267;PAT-0046;USR-00062;Centro;Bucarein;-26.302429842590048;-48.84528302837694;-26.29651766531192;-48.837185785750776;2024-05-20 19:57:00;2024-05-20 20:24:00;27;4.54;6.97;23
VGM-000268;PAT-0071;USR-00055;Itaum;Itaum;-26.327975159160125;-48.81797366226915;-26.33438553709869;-48.82402623270892;2024-06-27 20:16:00;2024-06-27 20:32:00;16;1.64;4.11;47
VGM-000269;PAT-0009;USR-00249;Jardim Iririú;Paranaguamirim;-26.269405088487805;-48.86262566531625;-26.336862766562778;-48.81696934238825;2024-08-26 15:43:00;2024-08-26 16:19:00;36;2.02;4.69;54
VGM-000270;PAT-0065;USR-00091;Itaum;Saguaçu;-26.332064081557352;-48.81987636222454;-26.280594960471205;-48.84661775584959;2024-11-15 18:37:00;2024-11-15 18:46:00;9;8.01;11.19;36
VGM-000271;PAT-0042;USR-00259;Anita Garibaldi;Centro;-26.308906388445216;-48.83895775197192;-26.302912346138406;-48.84769993131527;2024-01-04 22:42:00;2024-01-04 23:08:00;26;6.37;8.01;25
VGM-000272;PAT-0017;USR-00160;Iririú;Centro;-26.271898866053206;-48.85615488672355;-26.299854340711413;-48.8419162744802;2024-10-14 15:19:00;2024-10-14 15:28:00;9;3.24;5.88;36
VGM-000273;PAT-0078;USR-00084;América;Bucarein;-26.287329276814198;-48.851123329313786;-26.3014856768563;-48.84634373911822;2024-09-03 08:21:00;2024-09-03 08:41:00;20;8.46;9.41;89
VGM-000274;PAT-0017;USR-00034;Iririú;Centro;-26.270867594474435;-48.85347775740454;-26.3046258381052;-48.84570588167939;2024-11-23 16:55:00;2024-11-23 17:15:00;20;3.7;6.91;57
VGM-000275;PAT-0031;USR-00046;Bucarein;América;-26.29788657601139;-48.837494689474134;-26.289981932660545;-48.85009133732605;2024-05-13 15:12:00;2024-05-13 15:24:00;12;2.02;4.23;78
VGM-000276;PAT-0043;USR-00148;Paranaguamirim;Centro;-26.339984837053127;-48.813993489334514;-26.30358263352579;-48.84467271876223;2024-09-21 13:57:00;2024-09-21 14:03:00;6;1.04;3.45;28
VGM-000277;PAT-0042;USR-00028;América;Anita Garibaldi;-26.28801704821033;-48.848564060838235;-26.31298538220911;-48.837443337766686;2024-11-03 18:42:00;2024-11-03 19:05:00;23;4.46;7.01;94
VGM-000278;PAT-0029;USR-00136;Glória;Jardim Iririú;-26.318500360692223;-48.82993733940505;-26.269619155906337;-48.8613543357248;2024-12-14 10:46:00;2024-12-14 10:50:00;4;4.22;6.7;22
VGM-000279;PAT-0024;USR-00195;Glória;Anita Garibaldi;-26.317980331227425;-48.82865895968624;-26.315731759774497;-48.83156319470335;2024-12-01 21:18:00;2024-12-01 21:37:00;19;4.47;7.42;31
VGM-000280;PAT-0074;USR-00284;Jardim Iririú;Glória;-26.26504207330564;-48.86429067783866;-26.321082575494376;-48.8330505723103;2024-08-02 18:24:00;2024-08-02 18:29:00;5;8.05;10.71;78
VGM-000281;PAT-0032;USR-00278;Glória;Centro;-26.316099946581826;-48.83245608419158;-26.307773391848947;-48.84293132152827;2024-10-25 12:21:00;2024-10-25 12:38:00;17;0.43;2.97;40
VGM-000282;PAT-0050;USR-00130;Glória;Iririú;-26.321620048431484;-48.83138146906795;-26.272656343235077;-48.85437344577097;2024-12-17 21:58:00;2024-12-17 22:43:00;45;3.42;6.45;40
VGM-000283;PAT-0062;USR-00002;Bucarein;Iririú;-26.2992441704736;-48.842275066449936;-26.277911690645052;-48.852378124888055;2024-07-02 22:19:00;2024-07-02 22:32:00;13;3.74;6.19;36
VGM-000284;PAT-0025;USR-00171;Centro;Saguaçu;-26.308460180601593;-48.85074351254498;-26.289414346947154;-48.845863926337366;2024-12-02 11:18:00;2024-12-02 11:27:00;9;8.18;11.16;57
VGM-000285;PAT-0043;USR-00024;Saguaçu;Bucarein;-26.28421719859004;-48.85159975902447;-26.297476338621827;-48.84492488504615;2024-08-29 10:47:00;2024-08-29 11:06:00;19;1.12;3.63;26
VGM-000286;PAT-0013;USR-00023;Itaum;Glória;-26.334640577262032;-48.82223185692209;-26.319047702672805;-48.82931187263566;2024-10-13 11:43:00;2024-10-13 12:07:00;24;3.26;6.13;67
VGM-000287;PAT-0034;USR-00282;Bucarein;Anita Garibaldi;-26.298344019818675;-48.83728467309099;-26.308280869387197;-48.83132276847195;2024-12-01 08:14:00;2024-12-01 08:39:00;25;2.84;5.43;27
VGM-000288;PAT-0014;USR-00121;Glória;Saguaçu;-26.319573553652926;-48.831686529928966;-26.284230183875824;-48.84867883763198;2024-04-24 15:26:00;2024-04-24 15:50:00;24;0.84;3.45;76
VGM-000289;PAT-0053;USR-00201;Paranaguamirim;Itaum;-26.342134587478718;-48.815179589418875;-26.331545191462762;-48.81533409229777;2024-07-09 14:37:00;2024-07-09 14:58:00;21;8.06;10.25;72
VGM-000290;PAT-0003;USR-00232;Centro;Jardim Iririú;-26.30349166739431;-48.84923902287262;-26.264969881184737;-48.86047784899898;2024-08-25 09:30:00;2024-08-25 09:36:00;6;5.65;7.59;53
VGM-000291;PAT-0029;USR-00254;Jardim Iririú;América;-26.27269499750061;-48.858892199289244;-26.290597211068125;-48.85457214363332;2024-11-20 08:30:00;2024-11-20 08:45:00;15;2.18;5.06;89
VGM-000292;PAT-0014;USR-00272;Saguaçu;América;-26.28962651811251;-48.850193167844836;-26.295207197153687;-48.852105653199224;2024-09-13 09:55:00;2024-09-13 10:22:00;27;6.05;7.74;79
VGM-000293;PAT-0061;USR-00023;Jardim Iririú;América;-26.264773994393405;-48.86293007421561;-26.290341494396866;-48.84648297593609;2024-09-28 15:26:00;2024-09-28 15:32:00;6;5.63;8.94;33
VGM-000294;PAT-0009;USR-00034;Centro;Glória;-26.30579809358589;-48.846034273715546;-26.315919814545783;-48.8318027915066;2024-03-18 10:12:00;2024-03-18 10:36:00;24;6.94;8.4;80
VGM-000295;PAT-0045;USR-00040;Iririú;Paranaguamirim;-26.27872939487348;-48.85994494200839;-26.34103687374502;-48.81131901840133;2024-07-28 20:09:00;2024-07-28 20:32:00;23;7.48;8.59;83
VGM-000296;PAT-0076;USR-00208;Centro;Bucarein;-26.304177567399453;-48.85112335967351;-26.300036741981;-48.83818749318318;2024-04-02 08:31:00;2024-04-02 08:55:00;24;0.43;2.86;61
VGM-000297;PAT-0065;USR-00130;Saguaçu;Jardim Iririú;-26.282300064469013;-48.85080931190898;-26.27156530542982;-48.86149813475668;2024-11-19 11:20:00;2024-11-19 12:03:00;43;8.21;12.33;53
VGM-000298;PAT-0074;USR-00001;Jardim Iririú;Iririú;-26.270841789725033;-48.86463278637499;-26.278485544780644;-48.85916742341949;2024-01-30 06:28:00;2024-01-30 06:48:00;20;6.28;9.64;72
VGM-000299;PAT-0042;USR-00219;Iririú;Bucarein;-26.27377109524181;-48.85891974245869;-26.29867228515658;-48.83975442090841;2024-04-17 11:36:00;2024-04-17 11:49:00;13;7.66;8.98;33
VGM-000300;PAT-0034;USR-00060;Glória;Jardim Iririú;-26.324146525350063;-48.83161139350661;-26.267043201758387;-48.86188487700986;2024-09-07 08:08:00;2024-09-07 08:50:00;42;0.67;3.28;99
VGM-000301;PAT-0065;USR-00164;Iririú;Glória;-26.27948318278831;-48.851974143204195;-26.324193845948304;-48.827170763857424;2024-08-10 19:25:00;2024-08-10 19:55:00;30;7.25;9.41;108
VGM-000302;PAT-0050;USR-00289;América;Iririú;-26.29068645368432;-48.850279513566306;-26.270604314109747;-48.855573451517394;2024-09-01 18:00:00;2024-09-01 18:05:00;5;1.75;4.11;43
VGM-000303;PAT-0022;USR-00038;Centro;Paranaguamirim;-26.3039936487839;-48.84607332274044;-26.337448663825548;-48.81514733257657;2024-09-30 12:46:00;2024-09-30 13:12:00;26;0.38;2.81;53
VGM-000304;PAT-0072;USR-00294;Iririú;Glória;-26.273625700985015;-48.857065111767916;-26.319133760817163;-48.82722090593251;2024-01-08 16:48:00;2024-01-08 17:24:00;36;4.55;7.03;26
VGM-000305;PAT-0010;USR-00236;Anita Garibaldi;Bucarein;-26.309739086662773;-48.830682462805676;-26.29471561329061;-48.843176366689384;2024-04-07 06:43:00;2024-04-07 06:46:00;3;1.45;4.1;69
VGM-000306;PAT-0035;USR-00032;Itaum;Paranaguamirim;-26.325241479205374;-48.82102984958763;-26.344198132431877;-48.81556872654677;2024-11-16 13:14:00;2024-11-16 13:39:00;25;4.15;6.18;66
VGM-000307;PAT-0004;USR-00110;Iririú;Glória;-26.274836996516985;-48.85912907233204;-26.32023161122267;-48.8312380953123;2024-06-08 10:06:00;2024-06-08 10:33:00;27;0.62;3.19;89
VGM-000308;PAT-0050;USR-00063;Centro;Iririú;-26.306170435270587;-48.84502933483883;-26.273699068731382;-48.856326594847225;2024-09-14 15:10:00;2024-09-14 15:17:00;7;5.19;8.21;49
VGM-000309;PAT-0017;USR-00151;América;Paranaguamirim;-26.288048138052314;-48.854861616065236;-26.336713470938818;-48.814740534230985;2024-01-24 15:18:00;2024-01-24 15:50:00;32;2.02;4.48;88
VGM-000310;PAT-0071;USR-00030;Itaum;Paranaguamirim;-26.332291677487376;-48.82154776857198;-26.33716530439951;-48.81191200555499;2024-09-23 22:21:00;2024-09-23 22:51:00;30;6.37;9.1;76
VGM-000311;PAT-0038;USR-00271;Jardim Iririú;América;-26.268610285792946;-48.85992588061282;-26.293229307502866;-48.85238231688077;2024-12-17 10:21:00;2024-12-17 10:55:00;34;2.7;5.48;39
VGM-000312;PAT-0011;USR-00015;Bucarein;Centro;-26.302215436186575;-48.838257774753146;-26.299991198304408;-48.84595745279463;2024-07-02 12:10:00;2024-07-02 12:38:00;28;5.36;7.09;80
VGM-000313;PAT-0063;USR-00268;América;Iririú;-26.295746492565847;-48.851064534196595;-26.27875654158569;-48.85329272674557;2024-01-10 13:14:00;2024-01-10 13:25:00;11;7.05;10.38;100
VGM-000314;PAT-0043;USR-00126;Paranaguamirim;Itaum;-26.33537351585322;-48.812977412339684;-26.326248663813786;-48.82230560553696;2024-04-18 06:37:00;2024-04-18 07:12:00;35;3.74;6.08;38
VGM-000315;PAT-0017;USR-00079;Paranaguamirim;Saguaçu;-26.33664019879488;-48.81007183161001;-26.280290597503953;-48.85022477195098;2024-03-27 09:23:00;2024-03-27 10:07:00;44;1.73;3.98;63
VGM-000316;PAT-0008;USR-00295;Anita Garibaldi;Jardim Iririú;-26.310040257939065;-48.83868510880102;-26.271228464767773;-48.855665868729766;2024-01-20 18:56:00;2024-01-20 19:39:00;43;4.55;7.78;84
VGM-000317;PAT-0042;USR-00284;Itaum;Glória;-26.330910470555857;-48.822252684744804;-26.317779339357962;-48.82776465426669;2024-05-10 07:38:00;2024-05-10 07:44:00;6;1.54;4.29;28
VGM-000318;PAT-0068;USR-00155;América;América;-26.294267056799292;-48.85205423924402;-26.29559714481222;-48.85022813323776;2024-12-04 09:41:00;2024-12-04 09:45:00;4;6.94;8.75;43
VGM-000319;PAT-0019;USR-00017;Jardim Iririú;Bucarein;-26.27143562957329;-48.86078171821461;-26.298945771748606;-48.84052279945579;2024-01-25 09:26:00;2024-01-25 09:57:00;31;5.78;8.05;39
VGM-000320;PAT-0018;USR-00297;Centro;Anita Garibaldi;-26.306897571018354;-48.84708978924735;-26.311837167008026;-48.83970700556897;2024-07-13 09:35:00;2024-07-13 09:54:00;19;3.29;6.07;60
VGM-000321;PAT-0038;USR-00204;Anita Garibaldi;Paranaguamirim;-26.31150773335294;-48.830923889974436;-26.339193547740905;-48.81381897034438;2024-08-30 10:13:00;2024-08-30 10:56:00;43;7.88;9.98;96
VGM-000322;PAT-0078;USR-00046;Glória;Bucarein;-26.317854040773;-48.82785967355533;-26.29364062751751;-48.841904911267754;2024-01-05 15:26:00;2024-01-05 16:11:00;45;6.75;8.45;25
VGM-000323;PAT-0071;USR-00071;Bucarein;Glória;-26.296398026232822;-48.84092094785909;-26.31827749312706;-48.829542503202205;2024-02-21 22:17:00;2024-02-21 22:59:00;42;0.55;2.97;94
VGM-000324;PAT-0072;USR-00015;Jardim Iririú;Paranaguamirim;-26.27020066103054;-48.86190627282137;-26.340187220487806;-48.81640576173169;2024-11-06 10:26:00;2024-11-06 10:35:00;9;1.97;4.83;63
VGM-000325;PAT-0019;USR-00012;Itaum;Bucarein;-26.325451347193365;-48.81676209615779;-26.29490324963734;-48.84618526102287;2024-09-18 09:18:00;2024-09-18 09:28:00;10;3.61;5.74;69
VGM-000326;PAT-0053;USR-00164;Iririú;América;-26.27262103083304;-48.850449394885146;-26.286494671790457;-48.85406660766388;2024-02-24 21:12:00;2024-02-24 21:53:00;41;3.36;5.38;70
VGM-000327;PAT-0063;USR-00028;Glória;Iririú;-26.319456459474885;-48.82678801717449;-26.279779338513176;-48.85049255286787;2024-04-12 14:53:00;2024-04-12 15:29:00;36;7.2;10.1;88
VGM-000328;PAT-0054;USR-00292;Iririú;Anita Garibaldi;-26.273882792537655;-48.85998434894808;-26.30717478727744;-48.83591300437729;2024-04-13 17:45:00;2024-04-13 18:14:00;29;5.4;7.04;56
VGM-000329;PAT-0017;USR-00152;Itaum;Centro;-26.33080399937572;-48.81863598629817;-26.308538678609363;-48.846533168441695;2024-05-31 11:02:00;2024-05-31 11:40:00;38;0.53;3.0;52
VGM-000330;PAT-0002;USR-00214;Anita Garibaldi;Bucarein;-26.31452269010499;-48.83948864618558;-26.29485613220731;-48.84647290210147;2024-09-11 12:44:00;2024-09-11 13:17:00;33;0.51;2.98;84
VGM-000331;PAT-0029;USR-00110;Paranaguamirim;Jardim Iririú;-26.341440273213486;-48.81742392779666;-26.270196652474485;-48.86462433770456;2024-06-18 13:00:00;2024-06-18 13:03:00;3;0.53;3.12;38
VGM-000332;PAT-0017;USR-00245;Glória;Jardim Iririú;-26.317421538895356;-48.83440475299652;-26.27167820342246;-48.857828185529534;2024-12-09 08:58:00;2024-12-09 09:08:00;10;4.16;7.3;51
VGM-000333;PAT-0017;USR-00004;América;América;-26.295856065113703;-48.849962045470505;-26.29160144360286;-48.85061905335879;2024-10-20 21:09:00;2024-10-20 21:17:00;8;6.33;9.77;82
VGM-000334;PAT-0014;USR-00002;Jardim Iririú;Centro;-26.27183927359493;-48.85813410086507;-26.302960434205524;-48.84611294015784;2024-09-18 08:46:00;2024-09-18 08:55:00;9;1.48;3.73;51
VGM-000335;PAT-0053;USR-00171;Jardim Iririú;Jardim Iririú;-26.272539973579782;-48.86385512361934;-26.269190481549767;-48.86256875469577;2024-05-11 13:29:00;2024-05-11 13:50:00;21;3.64;5.84;100
VGM-000336;PAT-0053;USR-00088;Anita Garibaldi;Centro;-26.31659271197681;-48.83616161116955;-26.308854345917172;-48.843752492683706;2024-05-15 20:03:00;2024-05-15 20:12:00;9;4.72;7.83;44
VGM-000337;PAT-0061;USR-00255;Anita Garibaldi;Glória;-26.30844539415989;-48.83543763491045;-26.31900538860341;-48.83331763420891;2024-03-30 07:54:00;2024-03-30 08:15:00;21;6.55;9.19;77
VGM-000338;PAT-0019;USR-00299;Iririú;Glória;-26.2729634214062;-48.85630946978239;-26.315975967238895;-48.83310065256339;2024-07-03 16:27:00;2024-07-03 16:37:00;10;6.22;7.58;93
VGM-000339;PAT-0074;USR-00235;Itaum;Saguaçu;-26.330258261709126;-48.82378974999515;-26.28616784634053;-48.84839287828652;2024-02-18 07:00:00;2024-02-18 07:11:00;11;1.69;4.52;29
VGM-000340;PAT-0036;USR-00032;Centro;Itaum;-26.308421658393492;-48.84701052209813;-26.33283667222369;-48.82213720137888;2024-12-05 11:21:00;2024-12-05 11:46:00;25;1.12;3.78;43
VGM-000341;PAT-0015;USR-00181;Iririú;Glória;-26.27508384124883;-48.85248821952191;-26.32057422654067;-48.83252537018767;2024-08-12 14:56:00;2024-08-12 15:04:00;8;3.16;5.11;32
VGM-000342;PAT-0010;USR-00207;Bucarein;América;-26.298265282292192;-48.84628992335467;-26.295516372889512;-48.849547623554464;2024-07-09 16:11:00;2024-07-09 16:21:00;10;2.13;4.49;36
VGM-000343;PAT-0072;USR-00282;América;Centro;-26.2942679813009;-48.85519819985918;-26.3011951241552;-48.844690282547816;2024-07-24 18:29:00;2024-07-24 18:49:00;20;3.74;5.96;30
VGM-000344;PAT-0037;USR-00107;Bucarein;Glória;-26.29866148350762;-48.84345228708164;-26.3167365918905;-48.826754829302;2024-07-16 21:51:00;2024-07-16 22:20:00;29;0.84;3.34;31
VGM-000345;PAT-0080;USR-00201;Glória;Saguaçu;-26.321014952656025;-48.82558274288381;-26.284119995365703;-48.84882291433027;2024-11-28 11:07:00;2024-11-28 11:18:00;11;8.24;9.13;26
VGM-000346;PAT-0029;USR-00258;Centro;Itaum;-26.303241499019478;-48.84451427353277;-26.331468971110613;-48.82426914908974;2024-12-22 07:54:00;2024-12-22 08:07:00;13;4.11;5.95;35
VGM-000347;PAT-0065;USR-00114;Anita Garibaldi;Jardim Iririú;-26.310649063491326;-48.83321330043327;-26.265002166355544;-48.86226333615078;2024-02-23 19:58:00;2024-02-23 20:38:00;40;3.7;6.56;87
VGM-000348;PAT-0054;USR-00254;Itaum;Centro;-26.334546959902276;-48.821380800091625;-26.303853129752117;-48.84139994536803;2024-09-04 20:11:00;2024-09-04 20:53:00;42;7.66;10.35;78
VGM-000349;PAT-0008;USR-00102;Itaum;Itaum;-26.331253873853733;-48.81906339208791;-26.326740676914497;-48.819037414247674;2024-07-13 17:39:00;2024-07-13 17:43:00;4;3.91;5.72;85
VGM-000350;PAT-0062;USR-00079;Iririú;Itaum;-26.273741400842855;-48.85989868815972;-26.32868541207417;-48.81790262915199;2024-12-16 10:30:00;2024-12-16 11:04:00;34;7.33;9.86;25
VGM-000351;PAT-0028;USR-00292;Centro;Jardim Iririú;-26.3043686374142;-48.844839039535906;-26.26515594526787;-48.86492642170374;2024-02-27 19:28:00;2024-02-27 19:33:00;5;6.94;9.8;50
VGM-000352;PAT-0022;USR-00233;Anita Garibaldi;Centro;-26.308435101588117;-48.83086713052424;-26.303414370067824;-48.84601794267818;2024-02-02 14:41:00;2024-02-02 15:04:00;23;0.31;2.79;64
VGM-000353;PAT-0050;USR-00048;Bucarein;Bucarein;-26.296413063683808;-48.84087426531655;-26.29885858931784;-48.84662471342468;2024-01-07 22:49:00;2024-01-07 23:28:00;39;4.21;6.62;90
VGM-000354;PAT-0050;USR-00285;Jardim Iririú;Bucarein;-26.271370655729186;-48.856263014065334;-26.293420541400735;-48.84130769787908;2024-10-16 13:42:00;2024-10-16 14:06:00;24;7.68;9.67;73
VGM-000355;PAT-0014;USR-00204;Glória;Itaum;-26.324294312525996;-48.827760269445335;-26.32958886175121;-48.81579229150364;2024-09-22 22:44:00;2024-09-22 23:26:00;42;2.41;5.02;98
VGM-000356;PAT-0022;USR-00189;América;Anita Garibaldi;-26.289575807217936;-48.85479441583596;-26.310949104814597;-48.830315808695;2024-02-18 19:42:00;2024-02-18 20:00:00;18;2.95;5.27;26
VGM-000357;PAT-0015;USR-00165;Itaum;Itaum;-26.334734886894584;-48.81597546692714;-26.33279512360585;-48.81959447324611;2024-09-03 17:42:00;2024-09-03 18:26:00;44;4.73;6.9;29
VGM-000358;PAT-0029;USR-00146;Jardim Iririú;Paranaguamirim;-26.267142244187266;-48.864335561556445;-26.338743492105728;-48.815417951947474;2024-07-16 10:53:00;2024-07-16 11:31:00;38;8.15;10.22;78
VGM-000359;PAT-0063;USR-00214;Paranaguamirim;Centro;-26.33559769758575;-48.81466032527452;-26.303683923505172;-48.84174982905752;2024-11-09 07:00:00;2024-11-09 07:44:00;44;5.78;8.98;26
VGM-000360;PAT-0032;USR-00200;Jardim Iririú;Glória;-26.26724525822124;-48.86357862876206;-26.32315161602053;-48.82826390168003;2024-03-21 22:54:00;2024-03-21 23:27:00;33;1.09;3.63;82
VGM-000361;PAT-0069;USR-00207;Anita Garibaldi;Centro;-26.313118300737937;-48.83988293389269;-26.30880412902647;-48.85055100720462;2024-09-10 11:04:00;2024-09-10 11:38:00;34;4.34;7.51;57
VGM-000362;PAT-0022;USR-00075;Iririú;Paranaguamirim;-26.273567117815574;-48.85577965739872;-26.33895640680285;-48.81534274422332;2024-06-13 13:21:00;2024-06-13 13:41:00;20;7.11;10.35;24
VGM-000363;PAT-0078;USR-00146;Itaum;Iririú;-26.330417471095082;-48.822049592923456;-26.272363077306494;-48.85759754981535;2024-01-26 22:14:00;2024-01-26 22:52:00;38;4.98;7.35;100
VGM-000364;PAT-0053;USR-00120;Paranaguamirim;Centro;-26.33954383210684;-48.81513999506202;-26.30416598629078;-48.84650195678552;2024-11-25 18:25:00;2024-11-25 18:43:00;18;1.33;3.84;48
VGM-000365;PAT-0049;USR-00045;Itaum;Saguaçu;-26.325585351912235;-48.81922800113266;-26.287732273746805;-48.84844534427994;2024-02-10 20:28:00;2024-02-10 21:07:00;39;4.52;7.32;96
VGM-000366;PAT-0019;USR-00215;Anita Garibaldi;Iririú;-26.313138973621992;-48.83956260927691;-26.273334780233068;-48.85417855197185;2024-08-17 08:54:00;2024-08-17 09:28:00;34;6.9;9.53;39
VGM-000367;PAT-0029;USR-00088;América;Glória;-26.28638809436176;-48.85476996704876;-26.324198942733904;-48.831432295096505;2024-08-16 16:07:00;2024-08-16 16:41:00;34;1.47;4.12;65
VGM-000368;PAT-0050;USR-00095;América;Saguaçu;-26.28694649358044;-48.85041357603549;-26.28558166295198;-48.85135729550544;2024-11-30 06:06:00;2024-11-30 06:34:00;28;5.71;8.22;33
VGM-000369;PAT-0028;USR-00166;Centro;Bucarein;-26.30744208865211;-48.84776832646828;-26.301366332416013;-48.8419628056541;2024-07-30 07:35:00;2024-07-30 08:13:00;38;6.39;10.16;95
VGM-000370;PAT-0025;USR-00277;Anita Garibaldi;Centro;-26.31630638699125;-48.83270826512451;-26.307555409489403;-48.842897971156546;2024-01-01 08:50:00;2024-01-01 09:31:00;41;6.18;7.82;99
VGM-000371;PAT-0036;USR-00040;Anita Garibaldi;Iririú;-26.315992219986228;-48.83347708351408;-26.277977060508416;-48.85335987771932;2024-11-12 15:56:00;2024-11-12 16:31:00;35;2.61;5.45;99
VGM-000372;PAT-0011;USR-00146;Iririú;Saguaçu;-26.279817781743482;-48.8515439563701;-26.28613292942956;-48.84961632134075;2024-10-14 12:41:00;2024-10-14 13:26:00;45;5.34;7.48;52
VGM-000373;PAT-0044;USR-00263;Paranaguamirim;Itaum;-26.34405557039244;-48.81307507173331;-26.334488497943795;-48.81564476977241;2024-08-21 16:23:00;2024-08-21 16:29:00;6;2.35;5.05;65
VGM-000374;PAT-0072;USR-00032;Centro;Itaum;-26.302569932265836;-48.8469006892261;-26.33102206559071;-48.815877924287506;2024-04-24 20:21:00;2024-04-24 20:59:00;38;2.36;5.08;42
VGM-000375;PAT-0063;USR-00225;Bucarein;Centro;-26.302288113515395;-48.840270333776054;-26.304282925528852;-48.84910651600616;2024-11-13 21:45:00;2024-11-13 22:30:00;45;6.29;9.13;96
VGM-000376;PAT-0042;USR-00284;Centro;América;-26.306210243697063;-48.84844618825745;-26.291167057150336;-48.855605824148796;2024-07-05 20:07:00;2024-07-05 20:16:00;9;2.77;4.88;60
VGM-000377;PAT-0074;USR-00260;Iririú;Paranaguamirim;-26.271551246890304;-48.856936865012216;-26.34117215899597;-48.81258691291649;2024-12-03 13:00:00;2024-12-03 13:24:00;24;6.13;9.27;34
VGM-000378;PAT-0074;USR-00187;Itaum;Itaum;-26.33476728064264;-48.81711014840079;-26.32660853391929;-48.81672389738651;2024-06-30 15:35:00;2024-06-30 16:11:00;36;4.09;6.09;83
VGM-000379;PAT-0044;USR-00048;Saguaçu;Glória;-26.28185531517411;-48.84853580483598;-26.323546733075794;-48.82532135434049;2024-07-10 09:02:00;2024-07-10 09:15:00;13;5.14;7.88;33
VGM-000380;PAT-0020;USR-00168;Centro;Paranaguamirim;-26.306581452252267;-48.84321619659482;-26.339943032562186;-48.811101636059114;2024-09-09 10:52:00;2024-09-09 11:21:00;29;4.54;6.63;42
VGM-000381;PAT-0015;USR-00071;Itaum;Jardim Iririú;-26.33381835172378;-48.81677577626332;-26.272379585830436;-48.85899465231793;2024-02-24 14:39:00;2024-02-24 14:54:00;15;8.4;9.96;42
VGM-000382;PAT-0080;USR-00289;Jardim Iririú;Itaum;-26.26603262834636;-48.85642437662339;-26.334288443211218;-48.81969947660787;2024-04-06 09:59:00;2024-04-06 10:27:00;28;2.49;4.54;38
VGM-000383;PAT-0035;USR-00107;Glória;Saguaçu;-26.3187105715322;-48.82583364764159;-26.28426134150323;-48.85272158948737;2024-04-20 20:52:00;2024-04-20 21:07:00;15;7.68;8.68;83
VGM-000384;PAT-0027;USR-00292;Glória;Saguaçu;-26.316225279864728;-48.83069014779487;-26.28433981575112;-48.85053343553155;2024-06-22 09:48:00;2024-06-22 10:17:00;29;2.99;5.05;69
VGM-000385;PAT-0022;USR-00193;Jardim Iririú;Paranaguamirim;-26.265649289561964;-48.86181133181679;-26.336219664871557;-48.81540385248267;2024-01-24 09:49:00;2024-01-24 10:20:00;31;3.37;5.76;52
VGM-000386;PAT-0002;USR-00031;América;Glória;-26.287965190696152;-48.85017801253406;-26.3194212632434;-48.828714960999164;2024-08-22 22:08:00;2024-08-22 22:42:00;34;1.49;3.81;51
VGM-000387;PAT-0053;USR-00075;Itaum;Anita Garibaldi;-26.332179654274285;-48.821288275765625;-26.307402089795954;-48.834427481666815;2024-01-03 22:47:00;2024-01-03 22:53:00;6;6.34;9.6;48
VGM-000388;PAT-0030;USR-00278;Bucarein;Itaum;-26.3012256045622;-48.840989258331994;-26.334513051515998;-48.817573640103184;2024-10-10 19:53:00;2024-10-10 20:33:00;40;7.28;10.9;91
VGM-000389;PAT-0024;USR-00261;Saguaçu;Jardim Iririú;-26.28249385248359;-48.84594414137356;-26.272019923152193;-48.862202330691126;2024-09-04 22:49:00;2024-09-04 23:03:00;14;6.43;8.74;78
VGM-000390;PAT-0024;USR-00279;Anita Garibaldi;Bucarein;-26.308931652607328;-48.83311594981508;-26.302559341384296;-48.84135047392348;2024-12-20 11:46:00;2024-12-20 11:57:00;11;6.86;9.55;43
VGM-000391;PAT-0053;USR-00028;Paranaguamirim;Anita Garibaldi;-26.335094948579993;-48.816254471129795;-26.315147231496667;-48.83911857756609;2024-02-23 18:42:00;2024-02-23 19:23:00;41;5.48;9.06;40
VGM-000392;PAT-0080;USR-00013;Anita Garibaldi;Centro;-26.312873823230888;-48.83833139798301;-26.303987298890583;-48.84706334476417;2024-11-06 16:32:00;2024-11-06 16:59:00;27;6.81;8.52;22
VGM-000393;PAT-0076;USR-00090;Bucarein;Glória;-26.299279819142072;-48.842694706615376;-26.318544278185726;-48.82749839167045;2024-08-02 13:17:00;2024-08-02 13:45:00;28;8.33;12.47;66
VGM-000394;PAT-0044;USR-00116;Glória;Glória;-26.31723587039258;-48.83357405855918;-26.324544148420514;-48.82806599146571;2024-06-24 15:28:00;2024-06-24 15:39:00;11;0.42;2.86;57
VGM-000395;PAT-0061;USR-00015;América;América;-26.29259196459747;-48.84709902964816;-26.286540291101545;-48.84609357262828;2024-03-11 19:38:00;2024-03-11 20:13:00;35;5.5;6.98;39
VGM-000396;PAT-0071;USR-00053;Glória;Bucarein;-26.315692426743965;-48.83154122539262;-26.294578346233493;-48.84422108874012;2024-06-02 16:45:00;2024-06-02 17:23:00;38;7.15;10.3;38
VGM-000397;PAT-0072;USR-00122;Bucarein;Paranaguamirim;-26.29441587248157;-48.84545540252777;-26.34203387517843;-48.81501810700826;2024-11-19 12:12:00;2024-11-19 12:28:00;16;2.25;5.01;34
VGM-000398;PAT-0011;USR-00279;Itaum;Glória;-26.330710059726247;-48.824745522400946;-26.324228124697736;-48.83170469586226;2024-11-15 15:43:00;2024-11-15 16:08:00;25;3.55;5.65;68
VGM-000399;PAT-0017;USR-00201;Bucarein;Iririú;-26.295491289322083;-48.84054177613714;-26.27830112926781;-48.8555939688594;2024-12-10 10:45:00;2024-12-10 11:29:00;44;0.4;2.97;42
VGM-000400;PAT-0038;USR-00237;Jardim Iririú;Saguaçu;-26.265454571259156;-48.85863097682545;-26.28873055586245;-48.84443049870131;2024-04-01 22:34:00;2024-04-01 23:17:00;43;4.24;6.17;68
VGM-000401;PAT-0058;USR-00219;América;Itaum;-26.29496876131164;-48.85259395833419;-26.33376716220701;-48.818157909248114;2024-06-14 09:48:00;2024-06-14 10:13:00;25;7.33;10.34;61
VGM-000402;PAT-0054;USR-00142;Paranaguamirim;Centro;-26.335974470933206;-48.81928288111152;-26.304214383113344;-48.842375588086526;2024-10-14 21:37:00;2024-10-14 22:16:00;39;1.84;4.06;53
VGM-000403;PAT-0038;USR-00077;Saguaçu;Saguaçu;-26.284947476275523;-48.848903711051044;-26.287541525575065;-48.85096488891668;2024-12-07 19:43:00;2024-12-07 20:20:00;37;7.43;10.43;95
VGM-000404;PAT-0001;USR-00246;Anita Garibaldi;Glória;-26.308735425338924;-48.83688782504937;-26.321418602834708;-48.82626638882159;2024-05-26 19:51:00;2024-05-26 19:54:00;3;8.26;11.79;68
VGM-000405;PAT-0017;USR-00062;Bucarein;Iririú;-26.299799503989693;-48.84022879360265;-26.270104946666155;-48.85940237725821;2024-09-24 09:01:00;2024-09-24 09:28:00;27;3.63;5.9;44
VGM-000406;PAT-0053;USR-00025;Saguaçu;Glória;-26.281044767715038;-48.84694220750547;-26.318156857510747;-48.82611400719563;2024-03-15 07:42:00;2024-03-15 07:48:00;6;8.44;11.71;44
VGM-000407;PAT-0017;USR-00165;Anita Garibaldi;Glória;-26.31310798321266;-48.83635406271802;-26.31551019332953;-48.83170926220539;2024-04-12 14:48:00;2024-04-12 15:01:00;13;4.02;6.31;20
VGM-000408;PAT-0038;USR-00102;Bucarein;Saguaçu;-26.302891623485195;-48.84482107445745;-26.288574434449668;-48.84985412366586;2024-05-26 14:09:00;2024-05-26 14:15:00;6;2.45;4.92;89
VGM-000409;PAT-0008;USR-00075;América;Centro;-26.28694618023581;-48.84611964033844;-26.305578605251675;-48.846079114233014;2024-12-19 15:13:00;2024-12-19 15:50:00;37;3.91;7.12;45
VGM-000410;PAT-0015;USR-00281;Anita Garibaldi;América;-26.31608713323214;-48.83545998378804;-26.290452681967178;-48.84659309812277;2024-01-17 17:52:00;2024-01-17 18:23:00;31;6.41;9.11;45
VGM-000411;PAT-0004;USR-00283;Itaum;Glória;-26.331806863624095;-48.8181172576422;-26.32423241938111;-48.83452218635318;2024-02-22 13:47:00;2024-02-22 14:31:00;44;5.67;8.28;57
VGM-000412;PAT-0030;USR-00262;Centro;Saguaçu;-26.299899380329492;-48.84979447032422;-26.28995812556372;-48.849477690249294;2024-10-14 18:15:00;2024-10-14 18:50:00;35;4.52;7.75;57
VGM-000413;PAT-0022;USR-00126;Glória;Iririú;-26.315493928530625;-48.830144103003406;-26.27329565666203;-48.85143428011316;2024-12-22 15:44:00;2024-12-22 16:29:00;45;3.07;5.87;58
VGM-000414;PAT-0065;USR-00155;Bucarein;Glória;-26.297265621118765;-48.846724632801305;-26.318581804831986;-48.83103945522564;2024-01-25 18:24:00;2024-01-25 18:53:00;29;8.47;11.42;76
VGM-000415;PAT-0058;USR-00088;Anita Garibaldi;Anita Garibaldi;-26.310681627878303;-48.834945448820896;-26.312892111900005;-48.83800843102403;2024-12-16 16:35:00;2024-12-16 16:41:00;6;1.83;4.2;22
VGM-000416;PAT-0042;USR-00190;Itaum;Jardim Iririú;-26.330515544780216;-48.81535982592882;-26.26810355923968;-48.860752058186684;2024-01-07 14:12:00;2024-01-07 14:54:00;42;3.1;5.17;59
VGM-000417;PAT-0075;USR-00276;Centro;Jardim Iririú;-26.30646789228302;-48.847357932870146;-26.26884556999408;-48.86114447498508;2024-08-14 13:58:00;2024-08-14 14:41:00;43;7.45;10.49;84
VGM-000418;PAT-0046;USR-00297;Saguaçu;Centro;-26.2867133545463;-48.85261003987425;-26.309159949551553;-48.84204583798534;2024-12-26 17:48:00;2024-12-26 18:28:00;40;6.63;9.7;86
VGM-000419;PAT-0044;USR-00084;Bucarein;Jardim Iririú;-26.29627481543923;-48.846690442090804;-26.269646283937828;-48.85738065624257;2024-10-06 12:49:00;2024-10-06 13:04:00;15;4.04;6.57;83
VGM-000420;PAT-0072;USR-00117;América;Centro;-26.288476254705625;-48.85212013240053;-26.307629177446028;-48.84614884444256;2024-05-30 20:11:00;2024-05-30 20:18:00;7;1.09;3.49;85
VGM-000421;PAT-0011;USR-00052;Centro;Jardim Iririú;-26.301484209562744;-48.84959975063537;-26.27201575810899;-48.85511629433278;2024-04-05 11:47:00;2024-04-05 12:22:00;35;7.32;10.09;96
VGM-000422;PAT-0019;USR-00148;Itaum;Centro;-26.327103818572052;-48.82476647903672;-26.299832795661107;-48.84654722468724;2024-03-02 18:02:00;2024-03-02 18:32:00;30;6.56;10.1;94
VGM-000423;PAT-0044;USR-00191;Itaum;Iririú;-26.33408793896951;-48.8174378638605;-26.274006402749578;-48.8594176216918;2024-05-22 14:08:00;2024-05-22 14:21:00;13;2.46;4.69;62
VGM-000424;PAT-0071;USR-00023;Paranaguamirim;Jardim Iririú;-26.340055796952974;-48.81541476991118;-26.265713437157636;-48.86237725678185;2024-10-26 14:00:00;2024-10-26 14:24:00;24;6.71;7.93;21
VGM-000425;PAT-0029;USR-00142;Glória;Paranaguamirim;-26.324424412399832;-48.83210755228027;-26.34184636256734;-48.815639295197805;2024-08-26 10:02:00;2024-08-26 10:14:00;12;3.8;6.27;54
VGM-000426;PAT-0013;USR-00093;Bucarein;Bucarein;-26.29750471117676;-48.83799916816984;-26.299068528705057;-48.84543097375854;2024-06-14 07:49:00;2024-06-14 08:32:00;43;0.51;2.97;79
VGM-000427;PAT-0054;USR-00197;Bucarein;Itaum;-26.298584694986264;-48.84583861039799;-26.332630760061033;-48.81552434873676;2024-11-11 15:31:00;2024-11-11 16:10:00;39;4.76;7.28;22
VGM-000428;PAT-0050;USR-00154;Iririú;Centro;-26.271122958172416;-48.85044081171044;-26.308430343290347;-48.84353151102182;2024-10-08 17:04:00;2024-10-08 17:27:00;23;1.08;3.58;41
VGM-000429;PAT-0046;USR-00013;Itaum;Saguaçu;-26.331490849874477;-48.821860332826226;-26.288209683625585;-48.85031712799572;2024-09-26 13:11:00;2024-09-26 13:47:00;36;8.3;11.54;21
VGM-000430;PAT-0022;USR-00268;Jardim Iririú;América;-26.271829329835725;-48.85611596327691;-26.288024859547036;-48.85009195466482;2024-02-04 22:10:00;2024-02-04 22:39:00;29;7.11;9.34;67
VGM-000431;PAT-0013;USR-00151;Centro;Glória;-26.307970083179473;-48.84517057123521;-26.31822454194816;-48.8277855084289;2024-10-05 18:05:00;2024-10-05 18:30:00;25;1.29;4.02;98
VGM-000432;PAT-0014;USR-00158;Paranaguamirim;Saguaçu;-26.337384893682824;-48.811732926402584;-26.284530711240144;-48.84358721071093;2024-04-23 12:42:00;2024-04-23 13:06:00;24;6.14;8.15;68
VGM-000433;PAT-0002;USR-00067;Itaum;Paranaguamirim;-26.328817819366837;-48.81515986836789;-26.340249101271333;-48.81118364650824;2024-06-18 17:18:00;2024-06-18 17:34:00;16;1.34;4.03;84
VGM-000434;PAT-0080;USR-00212;Centro;Iririú;-26.30838877323877;-48.84831594562181;-26.270775657163437;-48.854848077738616;2024-11-12 22:30:00;2024-11-12 23:08:00;38;3.15;5.15;64
VGM-000435;PAT-0068;USR-00198;Glória;América;-26.32415893193885;-48.82538864514592;-26.295272650522215;-48.84825347380207;2024-11-28 06:07:00;2024-11-28 06:52:00;45;4.01;5.95;29
VGM-000436;PAT-0075;USR-00077;América;Jardim Iririú;-26.28899030868541;-48.85210518105097;-26.27019399186762;-48.85937855246172;2024-06-26 20:15:00;2024-06-26 20:59:00;44;4.84;6.8;98
VGM-000437;PAT-0010;USR-00259;Glória;Anita Garibaldi;-26.32427236993636;-48.83114488095263;-26.313500621464293;-48.83447296109954;2024-11-10 13:02:00;2024-11-10 13:25:00;23;8.0;11.41;60
VGM-000438;PAT-0013;USR-00087;Iririú;Glória;-26.271781399407097;-48.85659612895745;-26.317175741877872;-48.83385258041662;2024-07-14 09:24:00;2024-07-14 09:43:00;19;8.22;11.97;44
VGM-000439;PAT-0078;USR-00103;Glória;Glória;-26.317937577728436;-48.82958592392652;-26.315074853798382;-48.83373862341983;2024-10-03 15:01:00;2024-10-03 15:37:00;36;8.27;9.94;77
VGM-000440;PAT-0032;USR-00195;Iririú;Glória;-26.27918651219358;-48.85845854956821;-26.322593294852428;-48.829704663849775;2024-07-10 22:51:00;2024-07-10 23:26:00;35;1.8;4.59;83
VGM-000441;PAT-0035;USR-00178;Itaum;Jardim Iririú;-26.334151622859146;-48.81946288514642;-26.26425692665863;-48.86231138455021;2024-08-16 21:02:00;2024-08-16 21:23:00;21;7.02;10.72;52
VGM-000442;PAT-0072;USR-00067;Bucarein;Anita Garibaldi;-26.293133604214987;-48.8415829518759;-26.30869377239568;-48.839789630975396;2024-11-29 12:20:00;2024-11-29 12:55:00;35;7.56;10.66;99
VGM-000443;PAT-0078;USR-00198;Iririú;Bucarein;-26.276257292042438;-48.85238098187395;-26.30075342602358;-48.839771607961;2024-02-12 09:10:00;2024-02-12 09:47:00;37;4.49;7.0;43
VGM-000444;PAT-0072;USR-00104;Centro;Anita Garibaldi;-26.305693578529333;-48.84286350038063;-26.313006674198007;-48.8396751340331;2024-09-30 06:40:00;2024-09-30 06:47:00;7;1.46;3.91;70
VGM-000445;PAT-0004;USR-00060;Anita Garibaldi;Anita Garibaldi;-26.308872004327426;-48.83559558649688;-26.312903271307075;-48.83404723158896;2024-04-17 12:55:00;2024-04-17 13:25:00;30;5.88;8.14;74
VGM-000446;PAT-0050;USR-00111;Centro;Saguaçu;-26.299927514226162;-48.848176667506486;-26.280217793314733;-48.847608062058725;2024-02-23 12:34:00;2024-02-23 13:04:00;30;6.66;9.34;46
VGM-000447;PAT-0018;USR-00285;Centro;Centro;-26.299539989361772;-48.848606651026834;-26.307591080986214;-48.841511853094225;2024-11-27 08:47:00;2024-11-27 08:59:00;12;1.93;4.27;40
VGM-000448;PAT-0017;USR-00079;Centro;Bucarein;-26.301866218147413;-48.84925376163295;-26.29500842028895;-48.84215786860652;2024-01-13 20:45:00;2024-01-13 21:09:00;24;6.41;8.25;96
VGM-000449;PAT-0003;USR-00133;Iririú;América;-26.27623740414469;-48.859423524178005;-26.29265807285827;-48.855363985636224;2024-01-20 08:04:00;2024-01-20 08:10:00;6;4.61;7.34;60
VGM-000450;PAT-0003;USR-00285;Bucarein;Centro;-26.30216499283301;-48.84357552021165;-26.30209129654224;-48.84568312032194;2024-04-01 14:35:00;2024-04-01 14:42:00;7;6.7;10.4;73
VGM-000451;PAT-0024;USR-00229;Glória;Anita Garibaldi;-26.317228530840726;-48.832297523078694;-26.312799889957045;-48.83158903829384;2024-10-21 13:58:00;2024-10-21 14:17:00;19;4.92;7.74;49
VGM-000452;PAT-0075;USR-00103;Jardim Iririú;Paranaguamirim;-26.267415957502642;-48.855335826141335;-26.339216402368834;-48.810031507157184;2024-07-27 18:28:00;2024-07-27 19:11:00;43;4.65;7.66;54
VGM-000453;PAT-0050;USR-00142;Glória;Jardim Iririú;-26.32075777990753;-48.829422911737495;-26.264673882266738;-48.86069656826311;2024-07-26 19:20:00;2024-07-26 19:24:00;4;0.69;3.31;43
VGM-000454;PAT-0044;USR-00047;Saguaçu;Saguaçu;-26.280936456149053;-48.84952722960969;-26.281958344350162;-48.84979701257503;2024-07-18 09:34:00;2024-07-18 09:37:00;3;4.67;6.34;77
VGM-000455;PAT-0058;USR-00195;América;Iririú;-26.294888025176938;-48.850195323990064;-26.2713357681646;-48.85093346703048;2024-11-24 08:48:00;2024-11-24 09:28:00;40;4.72;7.04;83
VGM-000456;PAT-0080;USR-00016;Itaum;Centro;-26.33007374895709;-48.82360803298654;-26.308803826746555;-48.849287578709244;2024-01-24 08:22:00;2024-01-24 08:57:00;35;5.99;8.33;80
VGM-000457;PAT-0068;USR-00115;Anita Garibaldi;Paranaguamirim;-26.316886463552326;-48.83555956250798;-26.338079494469604;-48.81384571084967;2024-02-24 15:50:00;2024-02-24 16:12:00;22;8.48;10.69;60
VGM-000458;PAT-0042;USR-00116;Glória;Bucarein;-26.320313393580058;-48.82873765678579;-26.30160012623278;-48.84294285575819;2024-11-06 08:18:00;2024-11-06 08:49:00;31;1.67;4.49;41
VGM-000459;PAT-0046;USR-00017;Jardim Iririú;Centro;-26.27243696724318;-48.86011102168207;-26.305241814319817;-48.850789176350446;2024-07-14 18:52:00;2024-07-14 19:37:00;45;1.6;3.99;40
VGM-000460;PAT-0045;USR-00158;Iririú;Glória;-26.27881182083732;-48.85598221199346;-26.319514115849454;-48.83152711525694;2024-01-16 21:10:00;2024-01-16 21:47:00;37;5.88;8.08;65
VGM-000461;PAT-0045;USR-00294;Iririú;Glória;-26.27882473753223;-48.850061516111;-26.320972605152534;-48.83234771477497;2024-04-22 10:47:00;2024-04-22 11:15:00;28;5.51;7.59;92
VGM-000462;PAT-0053;USR-00157;Glória;Centro;-26.31850789697884;-48.82619685237851;-26.30420388324197;-48.844339088460565;2024-10-06 15:40:00;2024-10-06 15:52:00;12;7.34;9.8;39
VGM-000463;PAT-0038;USR-00094;América;Iririú;-26.288539551207347;-48.84976594041841;-26.270034736912013;-48.85051209502308;2024-06-01 17:00:00;2024-06-01 17:38:00;38;2.16;5.09;22
VGM-000464;PAT-0031;USR-00256;América;Paranaguamirim;-26.29016631234903;-48.85030622638818;-26.34364782686287;-48.81731952812621;2024-10-11 10:07:00;2024-10-11 10:12:00;5;7.93;11.79;73
VGM-000465;PAT-0068;USR-00016;Centro;Centro;-26.299778274515255;-48.844993395201755;-26.302645439546637;-48.84308534060849;2024-01-03 18:34:00;2024-01-03 19:12:00;38;6.17;8.41;30
VGM-000466;PAT-0019;USR-00137;Paranaguamirim;Saguaçu;-26.341251294204763;-48.81798687892177;-26.286039990336143;-48.85244640183061;2024-02-13 15:13:00;2024-02-13 15:38:00;25;4.73;6.69;71
VGM-000467;PAT-0069;USR-00126;Anita Garibaldi;Bucarein;-26.314142879137183;-48.83604862256736;-26.301669902010925;-48.8416187898996;2024-04-18 19:57:00;2024-04-18 20:41:00;44;8.13;10.4;64
VGM-000468;PAT-0074;USR-00158;Iririú;Iririú;-26.271314008718104;-48.859605404671086;-26.278412632366255;-48.859294499362896;2024-09-19 10:10:00;2024-09-19 10:24:00;14;3.78;5.88;89
VGM-000469;PAT-0072;USR-00223;Iririú;América;-26.277764041614805;-48.855244539625126;-26.286507268937545;-48.84665967008869;2024-04-23 14:12:00;2024-04-23 14:22:00;10;1.96;4.26;30
VGM-000470;PAT-0071;USR-00116;Iririú;América;-26.270367774605592;-48.85456975416042;-26.287203985032882;-48.84833648719442;2024-04-02 07:54:00;2024-04-02 08:32:00;38;0.7;3.29;38
VGM-000471;PAT-0032;USR-00122;Saguaçu;Paranaguamirim;-26.289878455253103;-48.850722502638966;-26.33592958039585;-48.81342050088795;2024-08-24 08:18:00;2024-08-24 09:03:00;45;8.25;10.21;97
VGM-000472;PAT-0065;USR-00030;Paranaguamirim;Jardim Iririú;-26.335301211732922;-48.81035971152834;-26.263084672241728;-48.856761036183755;2024-02-04 14:06:00;2024-02-04 14:21:00;15;3.59;6.23;37
VGM-000473;PAT-0045;USR-00128;Saguaçu;América;-26.289568400880494;-48.84390545389063;-26.293916846099915;-48.8495248020443;2024-10-24 21:21:00;2024-10-24 21:46:00;25;3.5;6.13;23
VGM-000474;PAT-0031;USR-00138;Iririú;Paranaguamirim;-26.271088568863018;-48.85277856764544;-26.34144560662636;-48.810310556028256;2024-03-06 13:06:00;2024-03-06 13:27:00;21;4.58;7.73;67
VGM-000475;PAT-0017;USR-00054;Bucarein;América;-26.297722988909136;-48.841666133712344;-26.28930780970075;-48.848860420521355;2024-11-13 08:57:00;2024-11-13 09:12:00;15;3.75;5.65;93
VGM-000476;PAT-0022;USR-00073;Glória;Bucarein;-26.315070352038806;-48.826300308403525;-26.298161974601392;-48.837753413904174;2024-06-11 21:28:00;2024-06-11 21:52:00;24;4.21;6.01;40
VGM-000477;PAT-0062;USR-00202;Bucarein;Bucarein;-26.302262034352644;-48.84569347656176;-26.298816104666216;-48.84182868107989;2024-11-11 15:44:00;2024-11-11 16:24:00;40;2.94;5.72;39
VGM-000478;PAT-0049;USR-00062;Saguaçu;Iririú;-26.284461457155988;-48.84509490205725;-26.276421887506643;-48.85882935587018;2024-03-19 17:51:00;2024-03-19 18:14:00;23;6.22;7.85;95
VGM-000479;PAT-0035;USR-00262;Itaum;Saguaçu;-26.32530697464381;-48.82375179186033;-26.284062193680565;-48.847718222785765;2024-08-07 11:00:00;2024-08-07 11:23:00;23;2.76;5.18;56
VGM-000480;PAT-0004;USR-00298;América;Iririú;-26.290769021558297;-48.8480578933745;-26.2742440657136;-48.858731271719364;2024-05-06 13:45:00;2024-05-06 14:29:00;44;0.91;3.55;34
VGM-000481;PAT-0080;USR-00003;América;Itaum;-26.28970601361865;-48.853242324317485;-26.333385421659354;-48.81907506520824;2024-08-11 14:53:00;2024-08-11 15:19:00;26;6.11;9.67;29
VGM-000482;PAT-0075;USR-00215;Anita Garibaldi;América;-26.310042513110155;-48.831229094189815;-26.291282601624815;-48.85117506939472;2024-03-09 16:56:00;2024-03-09 17:29:00;33;5.78;8.96;61
VGM-000483;PAT-0078;USR-00012;Saguaçu;Itaum;-26.285454589352323;-48.84355957906175;-26.3294652822379;-48.818774246021675;2024-08-24 20:22:00;2024-08-24 20:44:00;22;2.01;4.67;72
VGM-000484;PAT-0076;USR-00195;América;Glória;-26.28972441919916;-48.85451204030595;-26.319297130612686;-48.83489953018945;2024-09-06 09:11:00;2024-09-06 09:55:00;44;6.31;7.93;47
VGM-000485;PAT-0003;USR-00116;Centro;Anita Garibaldi;-26.30355685688077;-48.84657324394935;-26.31489892807088;-48.83805159508345;2024-11-06 08:53:00;2024-11-06 09:13:00;20;5.17;6.74;25
VGM-000486;PAT-0018;USR-00277;Saguaçu;Centro;-26.280988419895092;-48.843190126218374;-26.301977286077477;-48.84628669568088;2024-03-12 12:16:00;2024-03-12 12:59:00;43;0.85;3.34;39
VGM-000487;PAT-0002;USR-00114;Bucarein;Iririú;-26.302545536196583;-48.842165925640266;-26.279748009051787;-48.850494964384104;2024-02-09 08:57:00;2024-02-09 09:01:00;4;6.49;7.78;95
VGM-000488;PAT-0025;USR-00038;Bucarein;Saguaçu;-26.300190368104076;-48.83836452477485;-26.286451681444568;-48.84916390959645;2024-09-16 06:52:00;2024-09-16 07:32:00;40;1.45;3.83;60
VGM-000489;PAT-0028;USR-00014;Jardim Iririú;Iririú;-26.263495885159234;-48.85911268477869;-26.272197873514642;-48.85575627973946;2024-10-23 18:49:00;2024-10-23 19:29:00;40;4.24;7.32;60
VGM-000490;PAT-0022;USR-00176;América;Iririú;-26.28709736216109;-48.8522467009208;-26.274361070789446;-48.85285303910993;2024-04-18 07:35:00;2024-04-18 07:54:00;19;1.61;4.23;94
VGM-000491;PAT-0034;USR-00229;América;Itaum;-26.291443432472143;-48.85314216444474;-26.33238837567489;-48.81896207242714;2024-10-05 21:41:00;2024-10-05 21:53:00;12;8.27;12.15;71
VGM-000492;PAT-0063;USR-00255;Paranaguamirim;Iririú;-26.338798674021984;-48.81796776908914;-26.273050468806566;-48.857010738499014;2024-07-06 18:14:00;2024-07-06 18:54:00;40;8.31;11.47;49
VGM-000493;PAT-0009;USR-00107;Saguaçu;Jardim Iririú;-26.287226188170187;-48.84538201808622;-26.26732609055844;-48.860891836044324;2024-05-28 10:29:00;2024-05-28 11:04:00;35;8.32;11.37;75
VGM-000494;PAT-0053;USR-00263;Iririú;Glória;-26.27811878840276;-48.85613459493177;-26.317037563905437;-48.83282300201142;2024-09-18 08:25:00;2024-09-18 08:51:00;26;3.51;5.43;51
VGM-000495;PAT-0078;USR-00009;Glória;Saguaçu;-26.3203630159506;-48.82988724537799;-26.282649748138102;-48.843339785408695;2024-09-14 06:42:00;2024-09-14 07:00:00;18;1.61;3.89;79
VGM-000496;PAT-0053;USR-00238;Jardim Iririú;Centro;-26.26946647771974;-48.86007674519999;-26.30329892077964;-48.84989365618443;2024-11-10 11:48:00;2024-11-10 12:23:00;35;3.74;5.96;39
VGM-000497;PAT-0029;USR-00216;Bucarein;Anita Garibaldi;-26.29716343888149;-48.84122720970767;-26.312118223246895;-48.83628163215434;2024-03-12 20:10:00;2024-03-12 20:24:00;14;5.15;6.83;72
VGM-000498;PAT-0011;USR-00037;Paranaguamirim;Iririú;-26.34422265363035;-48.81134422854375;-26.278668178743324;-48.859741610277794;2024-10-16 10:47:00;2024-10-16 11:20:00;33;2.34;5.3;42
VGM-000499;PAT-0042;USR-00081;Anita Garibaldi;Centro;-26.30725605192334;-48.83019260656417;-26.306786669821147;-48.84898220508067;2024-07-02 07:14:00;2024-07-02 07:48:00;34;3.17;5.14;99
VGM-000500;PAT-0008;USR-00036;Centro;Glória;-26.299537892555204;-48.847124157914266;-26.320809005270828;-48.827195288616196;2024-04-28 08:16:00;2024-04-28 08:42:00;26;2.16;4.26;57
VGM-000501;PAT-0031;USR-00031;Anita Garibaldi;Anita Garibaldi;-26.310018382859802;-48.83172481077894;-26.311007007129938;-48.83798824767711;2024-04-29 07:42:00;2024-04-29 07:32:00;16;8.08;8.96;43
VGM-000502;PAT-0015;USR-00036;Bucarein;Saguaçu;-26.297639036336555;-48.83935472205345;-26.284862921447846;-48.85219936597471;2024-09-22 17:24:00;2024-09-22 17:57:00;33;1.45;4.2;25
VGM-000503;PAT-0019;USR-00164;Itaum;Centro;-26.331904723837134;-48.81926471048544;-26.306518154740406;-48.846455468201555;2024-08-20 07:02:00;2024-08-20 07:46:00;44;3.59;6.51;75
VGM-000504;PAT-0072;USR-00280;Paranaguamirim;América;-26.33686204980293;-48.810439528563876;-26.295935356422103;-48.855900307652654;2024-06-14 09:45:00;2024-06-14 10:21:00;36;6.25;9.74;68
VGM-000505;PAT-0053;USR-00181;Glória;Saguaçu;-26.318152688274463;-48.83299525484471;-26.285037607780993;-48.85215233845574;2024-11-20 14:53:00;2024-11-20 15:12:00;19;5.1;8.26;29
VGM-000506;PAT-0009;USR-00136;Paranaguamirim;Bucarein;-26.343373830606552;-48.818907357896904;-26.300143740114375;-48.83892374130437;2024-10-23 11:24:00;2024-10-23 12:08:00;44;5.81;8.29;62
VGM-000507;PAT-0002;USR-00035;Iririú;Iririú;-26.27089072815506;-48.851460380330444;-26.272653916992894;-48.8522852665514;2024-07-12 17:37:00;2024-07-12 18:21:00;44;1.99;4.3;53
VGM-000508;PAT-0076;USR-00216;Iririú;Paranaguamirim;-26.271774627570768;-48.85560850183366;-26.344760537347295;-48.81084861179595;2024-02-09 22:16:00;2024-02-09 22:43:00;27;1.47;3.85;99
VGM-000509;PAT-0014;USR-00246;Jardim Iririú;Paranaguamirim;-26.26350200086708;-48.85653031145793;-26.339151721886942;-48.81145484564089;2024-04-24 22:25:00;2024-04-24 22:50:00;25;2.56;5.4;85
VGM-000510;PAT-0063;USR-00005;América;Saguaçu;-26.288742804916115;-48.847069097948044;-26.28058525762494;-48.846168244367604;2024-06-25 21:50:00;2024-06-25 22:23:00;33;2.99;4.98;23
VGM-000511;PAT-0053;USR-00048;Itaum;Iririú;-26.32886584804064;-48.82437542406381;-26.278255907328884;-48.85947667142699;2024-11-05 06:32:00;2024-11-05 06:43:00;11;5.52;8.27;90
VGM-000512;PAT-0015;USR-00115;América;Bucarein;-26.291817569637093;-48.84716535237014;-26.298283505092492;-48.83917151382013;2024-08-13 11:14:00;2024-08-13 11:21:00;7;4.57;6.41;63
VGM-000513;PAT-0076;USR-00289;Jardim Iririú;Itaum;-26.26367271516646;-48.8605168094463;-26.33408578008183;-48.816544891891596;2024-09-20 14:13:00;2024-09-20 14:25:00;12;4.6;7.03;32
VGM-000514;PAT-0072;USR-00102;Itaum;Saguaçu;-26.326339361104996;-48.819895675109954;-26.283743180877387;-48.84500917854228;2024-04-05 11:23:00;2024-04-05 12:04:00;41;6.63;10.06;44
VGM-000515;PAT-0054;USR-00256;Paranaguamirim;Centro;-26.344547813298938;-48.81373407488906;-26.303894683194038;-48.846115209646925;2024-03-01 13:26:00;2024-03-01 13:50:00;24;5.21;7.0;46
VGM-000516;PAT-0074;USR-00157;Paranaguamirim;Anita Garibaldi;-26.344736330255028;-48.810736173932696;-26.312926344757873;-48.837670981613506;2024-02-28 21:43:00;2024-02-28 22:16:00;33;2.2;4.94;33
VGM-000517;PAT-0031;USR-00245;Centro;Itaum;-26.30563536633122;-48.85100883905571;-26.32978622978526;-48.816546700243116;2024-09-02 12:37:00;2024-09-02 12:50:00;13;3.89;6.41;48
VGM-000518;PAT-0065;USR-00136;Anita Garibaldi;América;-26.308894466692184;-48.835231565316825;-26.28703425341531;-48.848728371902595;2024-11-27 19:01:00;2024-11-27 19:19:00;18;7.04;9.53;88
VGM-000519;PAT-0002;USR-00017;Saguaçu;América;-26.28012723870685;-48.846122779575694;-26.29403705697689;-48.846192388256114;2024-01-23 10:36:00;2024-01-23 11:16:00;40;4.74;6.72;25
VGM-000520;PAT-0009;USR-00246;Glória;Bucarein;-26.323495831088966;-48.827772930423016;-26.302774354882946;-48.84544307402244;2024-03-23 10:40:00;2024-03-23 11:15:00;35;5.3;7.34;25
VGM-000521;PAT-0028;USR-00255;Anita Garibaldi;Saguaçu;-26.31105869284648;-48.83307467568463;-26.28138335115301;-48.85074335416948;2024-01-21 10:03:00;2024-01-21 10:16:00;13;1.56;3.99;54
VGM-000522;PAT-0018;USR-00060;Glória;Paranaguamirim;-26.32119109143369;-48.833655648705914;-26.339228829176122;-48.81788201850118;2024-05-12 11:33:00;2024-05-12 12:01:00;28;7.52;9.53;93
VGM-000523;PAT-0043;USR-00058;Centro;Saguaçu;-26.299700856021854;-48.84820604411629;-26.281093415445383;-48.845074602323784;2024-11-02 06:56:00;2024-11-02 07:41:00;45;6.48;8.11;88
VGM-000524;PAT-0025;USR-00230;Saguaçu;Paranaguamirim;-26.281578810768643;-48.84941284474583;-26.33903054776587;-48.8181309270355;2024-05-25 08:13:00;2024-05-25 08:44:00;31;6.2;8.63;48
VGM-000525;PAT-0063;USR-00008;Centro;Itaum;-26.30101671295289;-48.84315562792321;-26.3268983891004;-48.824333401701765;2024-11-06 21:55:00;2024-11-06 22:28:00;33;7.48;9.84;40
VGM-000526;PAT-0074;USR-00142;Bucarein;Paranaguamirim;-26.29831306840205;-48.844212401275854;-26.340703266366447;-48.81001439193414;2024-03-28 13:53:00;2024-03-28 14:22:00;29;8.09;12.05;28
VGM-000527;PAT-0045;USR-00259;Itaum;América;-26.33085180497662;-48.82289295036133;-26.288501400687117;-48.85575182788555;2024-11-03 10:50:00;2024-11-03 11:30:00;40;0.64;3.09;30
VGM-000528;PAT-0018;USR-00223;Jardim Iririú;Paranaguamirim;-26.270265929280693;-48.85542551980962;-26.3358695853311;-48.81164755939841;2024-04-03 22:16:00;2024-04-03 22:29:00;13;7.17;10.11;42
VGM-000529;PAT-0004;USR-00129;Paranaguamirim;Centro;-26.344436245033492;-48.81991136714886;-26.30367877036278;-48.847546331584496;2024-12-17 16:59:00;2024-12-17 17:31:00;32;2.39;5.19;39
VGM-000530;PAT-0061;USR-00081;Paranaguamirim;Saguaçu;-26.33635277623745;-48.81002179144318;-26.288192148494375;-48.84458384540242;2024-11-01 08:14:00;2024-11-01 08:41:00;27;5.44;7.76;32
VGM-000531;PAT-0018;USR-00110;América;Jardim Iririú;-26.2878709899087;-48.849231787011426;-26.270312023849698;-48.85945379508789;2024-07-16 10:06:00;2024-07-16 10:10:00;4;3.79;6.94;42
VGM-000532;PAT-0001;USR-00295;Anita Garibaldi;Paranaguamirim;-26.30700282326714;-48.83171530700551;-26.343013554231025;-48.81098368770513;2024-04-13 22:55:00;2024-04-13 23:30:00;35;1.68;4.38;29
VGM-000533;PAT-0053;USR-00092;Jardim Iririú;Paranaguamirim;-26.263033631629263;-48.862053806036535;-26.342531429724044;-48.81073807013585;2024-12-16 19:52:00;2024-12-16 20:04:00;12;6.12;9.47;67
VGM-000534;PAT-0036;USR-00254;Paranaguamirim;Jardim Iririú;-26.339445682943975;-48.81985684722333;-26.26993584550649;-48.86490901818719;2024-11-06 09:11:00;2024-11-06 09:44:00;33;7.4;10.39;57
VGM-000535;PAT-0043;USR-00031;Itaum;Iririú;-26.327310125848193;-48.81762130481439;-26.274448662132468;-48.85924587824007;2024-11-10 07:56:00;2024-11-10 08:33:00;37;4.3;6.3;85
VGM-000536;PAT-0009;USR-00245;Paranaguamirim;Glória;-26.335552342701174;-48.81165855402999;-26.31912008370536;-48.83249641270429;2024-09-14 09:05:00;2024-09-14 09:38:00;33;2.69;5.15;34
VGM-000537;PAT-0019;USR-00060;Itaum;Bucarein;-26.326503526093223;-48.81759523868047;-26.29873500252758;-48.840306845836366;2024-12-03 10:57:00;2024-12-03 11:38:00;41;4.59;7.46;67
VGM-000538;PAT-0068;USR-00001;Itaum;Saguaçu;-26.332526518982565;-48.82357149712699;-26.28384579220179;-48.84411727803489;2024-10-03 06:57:00;2024-10-03 07:41:00;44;1.03;3.34;88
VGM-000539;PAT-0054;USR-00031;Saguaçu;Glória;-26.2854945586469;-48.845465720777426;-26.324184250743887;-48.83040058048706;2024-08-08 22:26:00;2024-08-08 22:52:00;26;6.3;7.69;39
VGM-000540;PAT-0044;USR-00238;Glória;Bucarein;-26.323708405848485;-48.82731077217892;-26.302122117629416;-48.840930268837255;2024-01-23 22:27:00;2024-01-23 22:44:00;17;8.17;11.9;75
VGM-000541;PAT-0009;USR-00046;Bucarein;Iririú;-26.29345948972741;-48.840414594843296;-26.278281705396424;-48.858115001472044;2024-09-03 18:22:00;2024-09-03 19:02:00;40;7.39;8.85;89
VGM-000542;PAT-0058;USR-00062;Anita Garibaldi;Bucarein;-26.310938253655493;-48.832338840672044;-26.297819225019595;-48.83895033166118;2024-12-22 09:27:00;2024-12-22 09:38:00;11;2.28;5.23;73
VGM-000543;PAT-0011;USR-00155;Centro;Iririú;-26.307113571944967;-48.842740785603226;-26.277860053213015;-48.850326718886464;2024-05-10 21:49:00;2024-05-10 22:06:00;17;7.27;8.68;88
VGM-000544;PAT-0014;USR-00110;Anita Garibaldi;Bucarein;-26.310282993155944;-48.83386395885763;-26.300167155965074;-48.84431401067085;2024-02-12 15:38:00;2024-02-12 16:15:00;37;4.36;7.25;83
VGM-000545;PAT-0035;USR-00281;Saguaçu;Jardim Iririú;-26.28381871759542;-48.8521139528603;-26.268996871638272;-48.860051740483996;2024-07-28 14:12:00;2024-07-28 14:15:00;3;6.05;8.02;71
VGM-000546;PAT-0004;USR-00284;Bucarein;Iririú;-26.29941837281967;-48.84212372190333;-26.271881338759894;-48.859138838894935;2024-12-29 06:36:00;2024-12-29 07:12:00;36;3.85;6.09;58
VGM-000547;PAT-0062;USR-00202;Saguaçu;América;-26.288864424078003;-48.85222350665328;-26.295861378640872;-48.85040863343537;2024-03-01 22:00:00;2024-03-01 22:27:00;27;0.76;3.21;21
VGM-000548;PAT-0014;USR-00124;Centro;Bucarein;-26.30268426804407;-48.847124569689676;-26.29650621179763;-48.84197216558153;2024-12-01 12:44:00;2024-12-01 13:07:00;23;1.16;3.54;33
VGM-000549;PAT-0072;USR-00023;Paranaguamirim;Jardim Iririú;-26.339796922990963;-48.815928935108744;-26.266311234689592;-48.86355563515845;2024-07-28 17:06:00;2024-07-28 17:18:00;12;6.61;9.06;94
VGM-000550;PAT-0014;USR-00003;Jardim Iririú;Itaum;-26.265276816082643;-48.864339901558594;-26.32701344219643;-48.82057933786882;2024-08-06 14:16:00;2024-08-06 14:53:00;37;7.21;9.45;34
VGM-000551;PAT-0011;USR-00054;Paranaguamirim;Iririú;-26.33979836498888;-48.8165117946603;-26.270672470609394;-48.85665895347913;2024-08-04 17:39:00;2024-08-04 17:59:00;20;6.31;9.9;87
VGM-000552;PAT-0019;USR-00147;Paranaguamirim;América;-26.336478184996814;-48.81889001901209;-26.295798621510507;-48.850781691246944;2024-12-14 18:48:00;2024-12-14 19:04:00;16;7.72;10.74;61
VGM-000553;PAT-0015;USR-00275;Glória;Iririú;-26.319480931612254;-48.826917647899904;-26.278462162944866;-48.85414345664571;2024-07-30 21:11:00;2024-07-30 21:37:00;26;5.55;8.43;53
VGM-000554;PAT-0011;USR-00292;Glória;Paranaguamirim;-26.319390620284647;-48.82552311974035;-26.33613828705944;-48.81991504421393;2024-10-13 21:16:00;2024-10-13 21:38:00;22;3.0;5.78;91
VGM-000555;PAT-0068;USR-00255;Bucarein;Paranaguamirim;-26.294233463973416;-48.84627683524742;-26.34041481437813;-48.812389940170505;2024-10-22 17:49:00;2024-10-22 18:17:00;28;5.77;7.81;88
VGM-000556;PAT-0069;USR-00016;Glória;América;-26.320965171337875;-48.825448847927085;-26.290354093610667;-48.84886985708138;2024-03-11 09:47:00;2024-03-11 10:04:00;17;2.36;5.06;27
VGM-000557;PAT-0042;USR-00030;Glória;Iririú;-26.323659847715493;-48.82977423400663;-26.273369727962766;-48.85633713613793;2024-08-16 11:06:00;2024-08-16 11:22:00;16;3.22;6.23;69
VGM-000558;PAT-0036;USR-00111;Paranaguamirim;Jardim Iririú;-26.344712173236868;-48.81700434322046;-26.266209333955043;-48.86447064064431;2024-09-17 18:50:00;2024-09-17 19:14:00;24;0.41;2.94;59
VGM-000559;PAT-0042;USR-00039;América;Saguaçu;-26.288448627443262;-48.855231379247236;-26.280682595966834;-48.84545067460215;2024-10-08 07:10:00;2024-10-08 07:37:00;27;6.15;8.32;59
VGM-000560;PAT-0075;USR-00117;Anita Garibaldi;Bucarein;-26.310796904486466;-48.834993757319296;-26.293030505825882;-48.83744824839522;2024-11-21 06:51:00;2024-11-21 06:59:00;8;4.28;6.59;37
VGM-000561;PAT-0065;USR-00075;Bucarein;Jardim Iririú;-26.295959202319008;-48.83905484455509;-26.26579842539069;-48.86259848403978;2024-03-15 21:59:00;2024-03-15 22:40:00;41;5.1;7.28;20
VGM-000562;PAT-0013;USR-00260;Centro;Itaum;-26.307270358384912;-48.844129135227334;-26.332127787907947;-48.82176475386263;2024-08-10 08:04:00;2024-08-10 08:23:00;19;2.12;4.24;25
VGM-000563;PAT-0004;USR-00062;Paranaguamirim;Bucarein;-26.34363628524413;-48.81949773988536;-26.294202475977055;-48.845161871105184;2024-04-23 17:05:00;2024-04-23 17:46:00;41;3.86;6.89;69
VGM-000564;PAT-0011;USR-00120;Bucarein;Saguaçu;-26.30285455334332;-48.84627098164632;-26.289507790854593;-48.847230638766554;2024-01-20 18:59:00;2024-01-20 19:27:00;28;2.48;5.28;42
VGM-000565;PAT-0058;USR-00285;Glória;Anita Garibaldi;-26.321494124411934;-48.83097126717367;-26.314689191471256;-48.83845158605352;2024-11-10 22:18:00;2024-11-10 22:59:00;41;8.48;10.61;92
VGM-000566;PAT-0076;USR-00235;Centro;Paranaguamirim;-26.303500823131454;-48.84824709505953;-26.336026142825364;-48.81643806056538;2024-01-30 11:40:00;2024-01-30 12:14:00;34;7.08;10.47;84
VGM-000567;PAT-0074;USR-00246;Anita Garibaldi;Bucarein;-26.313077559549004;-48.83767615676944;-26.300438084855603;-48.84002986986066;2024-08-12 06:12:00;2024-08-12 06:57:00;45;4.3;6.74;83
VGM-000568;PAT-0068;USR-00246;Glória;Itaum;-26.320625250779763;-48.83218995501091;-26.33279348940378;-48.81939884016991;2024-09-22 15:12:00;2024-09-22 15:17:00;5;5.27;8.75;76
VGM-000569;PAT-0009;USR-00212;Anita Garibaldi;Saguaçu;-26.307958413055065;-48.83196517256703;-26.288618747068597;-48.84913537435672;2024-11-02 22:33:00;2024-11-02 22:50:00;17;4.94;8.0;87
VGM-000570;PAT-0011;USR-00090;Glória;Anita Garibaldi;-26.321517445329768;-48.82570771946368;-26.30840888242353;-48.83579750398192;2024-11-10 11:43:00;2024-11-10 11:48:00;5;5.27;8.53;81
VGM-000571;PAT-0011;USR-00155;Centro;Saguaçu;-26.3042601051084;-48.84714897305473;-26.284999417408088;-48.84737889117377;2024-07-03 13:41:00;2024-07-03 13:44:00;3;7.44;9.79;51
VGM-000572;PAT-0034;USR-00230;Bucarein;Glória;-26.295163469872588;-48.83793888997867;-26.31825106796946;-48.834941352721124;2024-03-21 08:17:00;2024-03-21 08:45:00;28;5.77;9.0;60
VGM-000573;PAT-0035;USR-00223;Bucarein;Glória;-26.299034572176787;-48.84378504298752;-26.32260933615925;-48.83421490131546;2024-06-29 18:25:00;2024-06-29 19:05:00;40;0.65;3.21;86
VGM-000574;PAT-0010;USR-00117;Paranaguamirim;Iririú;-26.338779132997722;-48.81523563013656;-26.272419595789888;-48.851187419322365;2024-04-12 22:00:00;2024-04-12 22:07:00;7;1.18;3.78;61
VGM-000575;PAT-0013;USR-00012;América;Iririú;-26.287376362912532;-48.85373971002184;-26.27239994455038;-48.859221210109084;2024-02-16 15:46:00;2024-02-16 16:24:00;38;7.17;10.12;69
VGM-000576;PAT-0017;USR-00155;Centro;América;-26.299904793763424;-48.84479523957825;-26.29287401975092;-48.848931964037895;2024-10-25 17:22:00;2024-10-25 17:42:00;20;5.57;9.09;71
VGM-000577;PAT-0003;USR-00099;Iririú;América;-26.27852926519071;-48.85021018884825;-26.291893173669898;-48.84679961835891;2024-04-25 12:29:00;2024-04-25 12:57:00;28;1.11;3.72;56
VGM-000578;PAT-0011;USR-00015;Saguaçu;Itaum;-26.280734123748385;-48.84696506903956;-26.332903097225696;-48.822293163956985;2024-10-21 06:16:00;2024-10-21 06:30:00;14;1.08;3.74;71
VGM-000579;PAT-0061;USR-00300;Iririú;Itaum;-26.275078837069202;-48.856421859158864;-26.32523438976677;-48.82129508562941;2024-07-27 22:06:00;2024-07-27 22:44:00;38;8.23;9.69;59
VGM-000580;PAT-0072;USR-00176;Iririú;Paranaguamirim;-26.27741755611701;-48.85352182554009;-26.338543974229417;-48.81431078594155;2024-02-07 22:18:00;2024-02-07 22:42:00;24;2.26;5.09;35
VGM-000581;PAT-0003;USR-00036;América;Anita Garibaldi;-26.291408642437617;-48.854770793215344;-26.307654561192845;-48.83118291030362;2024-02-29 22:16:00;2024-02-29 22:53:00;37;5.06;6.88;96
VGM-000582;PAT-0038;USR-00276;Paranaguamirim;Saguaçu;-26.335199674247146;-48.81111340919735;-26.28696614456371;-48.843580944127396;2024-10-21 14:44:00;2024-10-21 15:15:00;31;6.12;8.01;75
VGM-000583;PAT-0013;USR-00157;Glória;Jardim Iririú;-26.32007381906007;-48.8299691604922;-26.265181090870033;-48.85760436751889;2024-07-12 21:49:00;2024-07-12 22:07:00;18;5.25;6.9;36
VGM-000584;PAT-0072;USR-00256;Anita Garibaldi;Bucarein;-26.313712483897127;-48.835506502579605;-26.29534141356115;-48.84613380239145;2024-06-22 20:43:00;2024-06-22 21:15:00;32;6.99;10.54;47
VGM-000585;PAT-0030;USR-00064;Itaum;Anita Garibaldi;-26.32866599145683;-48.819141352115466;-26.310083443481336;-48.833308458444655;2024-10-27 06:30:00;2024-10-27 06:40:00;10;6.19;8.28;57
VGM-000586;PAT-0065;USR-00045;Saguaçu;Jardim Iririú;-26.28759854381222;-48.8467521613721;-26.263343610247333;-48.860896962781275;2024-05-12 08:24:00;2024-05-12 09:07:00;43;0.63;3.01;43
VGM-000587;PAT-0074;USR-00164;Glória;Centro;-26.324241366718912;-48.834282241937736;-26.305464446638936;-48.84649299000509;2024-04-22 13:51:00;2024-04-22 14:14:00;23;5.61;7.3;34
VGM-000588;PAT-0046;USR-00215;Iririú;Anita Garibaldi;-26.278711202780894;-48.853173827787764;-26.315692826764103;-48.83950851609655;2024-07-30 17:33:00;2024-07-30 18:10:00;37;3.91;6.43;98
VGM-000589;PAT-0075;USR-00198;Centro;América;-26.308119541610424;-48.84878068319685;-26.28928291140756;-48.85408937860654;2024-01-05 14:15:00;2024-01-05 14:36:00;21;4.08;6.57;38
VGM-000590;PAT-0038;USR-00016;Centro;Itaum;-26.30788097306488;-48.844060473674936;-26.327706901995228;-48.817094863924666;2024-02-17 18:43:00;2024-02-17 19:07:00;24;7.38;9.22;75
VGM-000591;PAT-0022;USR-00122;Iririú;Glória;-26.278611728273503;-48.85177465205616;-26.319249394265412;-48.83046041166952;2024-02-08 11:30:00;2024-02-08 11:53:00;23;0.61;3.04;38
VGM-000592;PAT-0018;USR-00257;Bucarein;Paranaguamirim;-26.296591252551966;-48.83896041492447;-26.342931821068667;-48.81698337758369;2024-06-30 12:57:00;2024-06-30 13:36:00;39;3.57;5.61;42
VGM-000593;PAT-0061;USR-00268;Glória;Jardim Iririú;-26.323181199156007;-48.82947499032592;-26.267955440583307;-48.86115980926035;2024-05-17 11:47:00;2024-05-17 12:02:00;15;6.9;8.13;29
VGM-000594;PAT-0074;USR-00214;Anita Garibaldi;América;-26.313543327166762;-48.834798301076894;-26.292878102634308;-48.84745600486674;2024-09-12 12:15:00;2024-09-12 12:33:00;18;6.4;7.64;44
VGM-000595;PAT-0072;USR-00240;Glória;Anita Garibaldi;-26.31603211590094;-48.833571240386604;-26.312725334718333;-48.83251000982595;2024-05-15 12:14:00;2024-05-15 12:29:00;15;3.84;6.13;43
VGM-000596;PAT-0019;USR-00128;Centro;Centro;-26.304660383597373;-48.843446538495975;-26.302947814241556;-48.84847684602819;2024-05-07 17:09:00;2024-05-07 17:18:00;9;7.75;9.76;22
VGM-000597;PAT-0003;USR-00232;Paranaguamirim;Itaum;-26.33832442261479;-48.81728590619553;-26.32754785257309;-48.82382498159787;2024-03-02 08:43:00;2024-03-02 09:28:00;45;2.07;4.67;59
VGM-000598;PAT-0027;USR-00009;Saguaçu;Centro;-26.288276801287985;-48.84803304577182;-26.307077753090987;-48.848680017783565;2024-09-09 06:48:00;2024-09-09 07:25:00;37;1.78;4.16;28
VGM-000599;PAT-0053;USR-00081;América;Anita Garibaldi;-26.294077109811912;-48.85315725907073;-26.312946746393532;-48.83079243548946;2024-01-22 21:23:00;2024-01-22 22:05:00;42;5.47;7.1;25
VGM-000600;PAT-0018;USR-00238;Itaum;América;-26.334591313837333;-48.823661716370005;-26.293308384290086;-48.8501841116215;2024-06-10 21:57:00;2024-06-10 22:36:00;39;3.0;5.83;56
VGM-000601;PAT-0037;USR-00272;Glória;Anita Garibaldi;-26.32331064936928;-48.828704423031084;-26.315013683861384;-48.83466519791255;2024-05-20 21:11:00;2024-05-20 21:46:00;35;0.0;5.71;40
VGM-000602;PAT-0034;USR-00299;Saguaçu;Paranaguamirim;-26.28721409660968;-48.85245667965177;-26.337166127800042;-48.814036064003076;2024-05-23 18:14:00;2024-05-23 18:53:00;39;3.68;5.74;98
VGM-000603;PAT-0030;USR-00024;Paranaguamirim;Paranaguamirim;-26.343229895157233;-48.81251354765874;-26.33590747305563;-48.81633971734253;2024-03-06 07:33:00;2024-03-06 08:03:00;30;0.53;2.96;52
VGM-000604;PAT-0019;USR-00016;Bucarein;Itaum;-26.30211297466243;-48.84382413204739;-26.33129767814315;-48.8169289297968;2024-09-01 07:32:00;2024-09-01 07:57:00;25;4.04;6.83;88
VGM-000605;PAT-0049;USR-00003;Jardim Iririú;Itaum;-26.271793641288994;-48.864998653069954;-26.32748721075626;-48.819767137507;2024-07-20 11:29:00;2024-07-20 11:39:00;10;7.61;11.2;47
VGM-000606;PAT-0001;USR-00137;Bucarein;Iririú;-26.298392212319673;-48.84188870860763;-26.271030047106354;-48.85883252097231;2024-12-23 22:29:00;2024-12-23 22:52:00;23;3.24;6.06;34
VGM-000607;PAT-0065;USR-00100;Iririú;Anita Garibaldi;-26.27793666281594;-48.85953148091472;-26.3085387578947;-48.83870934875171;2024-12-18 06:00:00;2024-12-18 06:16:00;16;5.9;7.87;56
VGM-000608;PAT-0017;USR-00243;Glória;Itaum;-26.32135730138952;-48.832238304421786;-26.333171866114608;-48.819631408534974;2024-07-13 09:20:00;2024-07-13 09:46:00;26;3.19;5.55;82
VGM-000609;PAT-0042;USR-00225;Bucarein;Paranaguamirim;-26.29796582729145;-48.83993023512544;-26.335437081184867;-48.81063429781929;2024-11-09 14:11:00;2024-11-09 14:49:00;38;8.22;10.81;85
VGM-000610;PAT-0063;USR-00076;Saguaçu;Bucarein;-26.283096051713706;-48.85237310378378;-26.299233235595704;-48.843916478783235;2024-05-14 13:17:00;2024-05-14 13:50:00;33;2.57;5.16;92
VGM-000611;PAT-0065;USR-00104;Itaum;Glória;-26.334606878601587;-48.81660661507644;-26.32160759338826;-48.82630458831141;2024-11-09 16:23:00;2024-11-09 16:37:00;14;6.73;10.38;34
VGM-000612;PAT-0080;USR-00278;Anita Garibaldi;América;-26.30900589601091;-48.839961800773416;-26.295375686727223;-48.84835904413421;2024-09-12 19:13:00;2024-09-12 19:42:00;29;2.96;5.1;31
VGM-000613;PAT-0028;USR-00260;Jardim Iririú;Iririú;-26.266720996105093;-48.86253176130798;-26.27513826345895;-48.857521875570924;2024-12-24 17:23:00;2024-12-24 17:51:00;28;6.03;9.18;80
VGM-000614;PAT-0076;USR-00004;Bucarein;Iririú;-26.30218240968051;-48.839590959438475;-26.27890986384359;-48.859636592516836;2024-05-23 20:11:00;2024-05-23 20:50:00;39;5.51;8.52;98
VGM-000615;PAT-0046;USR-00073;Itaum;Saguaçu;-26.32626421375893;-48.82183729850271;-26.287514601790726;-48.85198152734858;2024-03-08 13:52:00;2024-03-08 14:01:00;9;6.6;7.88;77
VGM-000616;PAT-0010;USR-00249;Iririú;Saguaçu;-26.27079127599468;-48.858981076119335;-26.28683057378233;-48.845715060661526;2024-05-18 13:35:00;2024-05-18 14:05:00;30;1.62;4.42;39
VGM-000617;PAT-0014;USR-00209;Anita Garibaldi;Saguaçu;-26.31638922040145;-48.836397660812;-26.281911736765082;-48.851003302619596;2024-07-14 12:09:00;2024-07-14 12:21:00;12;4.88;7.56;72
VGM-000618;PAT-0075;USR-00041;Jardim Iririú;América;-26.27023122351853;-48.86229606713616;-26.28724511349604;-48.85228729079495;2024-08-30 06:11:00;2024-08-30 06:40:00;29;7.38;9.26;95
VGM-000619;PAT-0078;USR-00001;América;Centro;-26.28793798720207;-48.84757288097839;-26.306375336825386;-48.84618300833994;2024-09-12 10:57:00;2024-09-12 11:40:00;43;5.62;9.24;98
VGM-000620;PAT-0027;USR-00095;Jardim Iririú;América;-26.265517403096165;-48.86186652082415;-26.287413018787554;-48.848745318315494;2024-09-21 16:50:00;2024-09-21 17:24:00;34;6.37;8.76;96
VGM-000621;PAT-0017;USR-00121;Anita Garibaldi;Iririú;-26.31515478980644;-48.83211067528224;-26.2714276906263;-48.85886768776741;2024-06-02 14:35:00;2024-06-02 15:14:00;39;6.48;8.42;98
VGM-000622;PAT-0010;USR-00043;Jardim Iririú;Jardim Iririú;-26.270906506766632;-48.85608127855189;-26.265353490496153;-48.86093633594722;2024-01-25 18:06:00;2024-01-25 18:19:00;13;6.7;7.91;55
VGM-000623;PAT-0009;USR-00012;Anita Garibaldi;Itaum;-26.313295278972088;-48.83566182580424;-26.333533048859845;-48.82014927090857;2024-01-31 12:52:00;2024-01-31 13:11:00;19;1.71;4.27;93
VGM-000624;PAT-0027;USR-00075;Anita Garibaldi;Jardim Iririú;-26.31215477014809;-48.830900568561454;-26.266096771530993;-48.85959172936028;2024-08-31 09:28:00;2024-08-31 09:52:00;24;4.4;7.72;87
VGM-000625;PAT-0002;USR-00151;Bucarein;Itaum;-26.296817452284696;-48.84322681946037;-26.325549759354193;-48.816816393586045;2024-05-13 17:23:00;2024-05-13 18:01:00;38;1.03;3.35;32
VGM-000626;PAT-0078;USR-00015;Saguaçu;Glória;-26.286310863604303;-48.8433592158351;-26.31817459521233;-48.833283218049566;2024-10-12 14:22:00;2024-10-12 14:26:00;4;3.18;6.1;40
VGM-000627;PAT-0050;USR-00181;Jardim Iririú;Jardim Iririú;-26.26837465283867;-48.864107104754744;-26.26968383150892;-48.85692168548173;2024-07-29 09:22:00;2024-07-29 10:03:00;41;4.71;7.05;85
VGM-000628;PAT-0068;USR-00219;Anita Garibaldi;Anita Garibaldi;-26.309525290618662;-48.83312980733497;-26.31199420682569;-48.83307121572303;2024-04-11 11:49:00;2024-04-11 12:10:00;21;6.9;9.3;45
VGM-000629;PAT-0035;USR-00254;Glória;Anita Garibaldi;-26.324633167971093;-48.83006185959543;-26.31054274956649;-48.83444129185801;2024-06-30 16:43:00;2024-06-30 17:18:00;35;8.22;11.98;34
VGM-000630;PAT-0062;USR-00275;Centro;Saguaçu;-26.30687563055656;-48.84732351194545;-26.284894295912714;-48.84600472129598;2024-09-06 20:56:00;2024-09-06 21:04:00;8;2.9;5.48;90
VGM-000631;PAT-0046;USR-00099;Glória;Paranaguamirim;-26.317866504141154;-48.82867288121251;-26.34380047058269;-48.81587982261048;2024-07-14 15:29:00;2024-07-14 16:12:00;43;2.81;5.79;22
VGM-000632;PAT-0013;USR-00024;Anita Garibaldi;América;-26.30804793162313;-48.83296142908366;-26.29287935955348;-48.85461602414032;2024-03-15 11:40:00;2024-03-15 12:04:00;24;7.8;11.34;27
VGM-000633;PAT-0030;USR-00028;Anita Garibaldi;Anita Garibaldi;-26.311883225578846;-48.8399563673035;-26.308976039694464;-48.833342347597345;2024-08-03 18:54:00;2024-08-03 19:01:00;7;1.04;3.42;48
VGM-000634;PAT-0001;USR-00195;Itaum;Centro;-26.329678865147343;-48.82333046911253;-26.300785819539048;-48.845953276933145;2024-02-10 11:21:00;2024-02-10 11:38:00;17;3.63;5.79;75
VGM-000635;PAT-0053;USR-00103;Saguaçu;Saguaçu;-26.2889282798866;-48.845869539493656;-26.288626999672843;-48.84660625199457;2024-06-09 16:41:00;2024-06-09 17:02:00;21;5.4;8.75;74
VGM-000636;PAT-0065;USR-00228;Bucarein;Saguaçu;-26.298525876331762;-48.840336145864214;-26.280476132476014;-48.84962001218972;2024-12-29 14:38:00;2024-12-29 15:22:00;44;5.54;8.82;72
VGM-000637;PAT-0029;USR-00221;América;Iririú;-26.29067382733545;-48.84633952494871;-26.276711773821514;-48.8509313342266;2024-07-21 14:56:00;2024-07-21 15:27:00;31;6.5;9.82;22
VGM-000638;PAT-0013;USR-00035;Anita Garibaldi;Jardim Iririú;-26.314575294963653;-48.832389622097494;-26.266376862612695;-48.85912630131424;2024-07-04 22:28:00;2024-07-04 22:57:00;29;1.96;4.59;41
VGM-000639;PAT-0014;USR-00077;América;Itaum;-26.293307567690505;-48.84649227292269;-26.327481748540432;-48.824145975157094;2024-03-26 11:54:00;2024-03-26 11:58:00;4;7.32;10.05;20
VGM-000640;PAT-0058;USR-00235;Itaum;Iririú;-26.331227158368954;-48.817974594984655;-26.27188053765362;-48.85550196009295;2024-03-05 13:42:00;2024-03-05 14:01:00;19;4.28;6.6;27
VGM-000641;PAT-0027;USR-00117;Bucarein;Jardim Iririú;-26.30279928802222;-48.844019477913605;-26.263542502977742;-48.85743643945256;2024-12-24 08:13:00;2024-12-24 08:26:00;13;3.06;4.95;20
VGM-000642;PAT-0034;USR-00221;Jardim Iririú;Anita Garibaldi;-26.26977920834417;-48.86394635077749;-26.313870804519713;-48.83205865438268;2024-07-22 09:06:00;2024-07-22 09:13:00;7;3.89;5.97;64
VGM-000643;PAT-0013;USR-00221;Itaum;Paranaguamirim;-26.332885519930034;-48.81718176136655;-26.336414935454485;-48.81505402947236;2024-08-30 07:01:00;2024-08-30 07:29:00;28;3.26;5.4;45
VGM-000644;PAT-0002;USR-00059;América;Saguaçu;-26.29272502647822;-48.84955850778524;-26.288683130965637;-48.84405252429168;2024-09-25 08:06:00;2024-09-25 08:25:00;19;1.61;4.32;40
VGM-000645;PAT-0054;USR-00197;Paranaguamirim;Glória;-26.343802378681808;-48.81951813987607;-26.317949590936465;-48.83232331562805;2024-11-12 10:05:00;2024-11-12 10:49:00;44;1.68;4.0;89
VGM-000646;PAT-0018;USR-00124;Anita Garibaldi;América;-26.308094727192604;-48.83639949534099;-26.288580222704862;-48.85189401302762;2024-07-18 15:14:00;2024-07-18 15:32:00;18;0.43;2.84;63
VGM-000647;PAT-0069;USR-00120;Centro;Bucarein;-26.30346407546446;-48.84163200184516;-26.296222767587984;-48.83801403089431;2024-05-25 20:40:00;2024-05-25 20:51:00;11;1.86;4.02;44
VGM-000648;PAT-0032;USR-00275;Saguaçu;Glória;-26.283208976808556;-48.8479959885429;-26.322476852638648;-48.826037432835285;2024-03-08 22:53:00;2024-03-08 23:06:00;13;2.85;4.87;89
VGM-000649;PAT-0031;USR-00272;América;Jardim Iririú;-26.288108287613927;-48.8516727086398;-26.264269568529848;-48.85814287231175;2024-01-15 07:42:00;2024-01-15 08:07:00;25;4.45;7.49;70
VGM-000650;PAT-0072;USR-00085;Itaum;Iririú;-26.33001557801071;-48.820423003948406;-26.278311415366293;-48.851410194528775;2024-06-15 21:29:00;2024-06-15 22:06:00;37;5.57;8.15;44
VGM-000651;PAT-0034;USR-00130;Itaum;Centro;-26.334130797119123;-48.82291117275995;-26.308863652084792;-48.85031226733044;2024-05-19 20:08:00;2024-05-19 20:45:00;37;2.73;5.67;32
VGM-000652;PAT-0078;USR-00246;Centro;Saguaçu;-26.304028934581815;-48.84751292829136;-26.28282535009388;-48.84435005023792;2024-03-31 20:40:00;2024-03-31 21:23:00;43;4.89;8.25;20
VGM-000653;PAT-0008;USR-00204;América;Paranaguamirim;-26.29013158881979;-48.852301867440126;-26.340245242847672;-48.8167938009345;2024-10-15 19:33:00;2024-10-15 20:16:00;43;1.76;3.92;61
VGM-000654;PAT-0080;USR-00118;Centro;Paranaguamirim;-26.301945605258158;-48.85067644979813;-26.336509019800413;-48.818216684875715;2024-11-23 15:58:00;2024-11-23 16:23:00;25;5.37;8.66;100
VGM-000655;PAT-0074;USR-00050;Centro;Saguaçu;-26.305083404537704;-48.843524323714824;-26.286166028589417;-48.85060630163658;2024-09-03 13:51:00;2024-09-03 13:59:00;8;0.92;3.51;25
VGM-000656;PAT-0074;USR-00015;Anita Garibaldi;Paranaguamirim;-26.315724196972045;-48.83583495568096;-26.343317214114922;-48.81582031491986;2024-08-14 15:23:00;2024-08-14 15:52:00;29;1.07;3.68;61
VGM-000657;PAT-0063;USR-00126;Bucarein;Itaum;-26.30016224094201;-48.83877820113184;-26.3266355780753;-48.822488079953956;2024-05-13 10:19:00;2024-05-13 10:22:00;3;6.14;9.35;42
VGM-000658;PAT-0001;USR-00136;América;Glória;-26.292369177036015;-48.8474965199888;-26.3195109036836;-48.831794324139835;2024-01-01 22:52:00;2024-01-01 23:03:00;11;7.8;11.14;54
VGM-000659;PAT-0080;USR-00028;Glória;Iririú;-26.318540827586684;-48.83288005945301;-26.278108042076095;-48.85865021513928;2024-06-25 15:30:00;2024-06-25 16:07:00;37;5.74;8.61;51
VGM-000660;PAT-0019;USR-00012;Anita Garibaldi;Itaum;-26.311292216953312;-48.8334264651783;-26.327796160014135;-48.82203823234441;2024-01-05 21:48:00;2024-01-05 22:21:00;33;7.29;9.78;87
VGM-000661;PAT-0071;USR-00023;Saguaçu;Iririú;-26.286439032741022;-48.848277181958366;-26.274888863615104;-48.854277161854576;2024-06-02 06:49:00;2024-06-02 07:19:00;30;1.5;4.05;50
VGM-000662;PAT-0065;USR-00144;Centro;Anita Garibaldi;-26.29953484751207;-48.84239843262079;-26.3109568701776;-48.83558146291909;2024-05-29 13:50:00;2024-05-29 13:53:00;3;3.09;5.63;90
VGM-000663;PAT-0053;USR-00174;Centro;Anita Garibaldi;-26.30334225180643;-48.84904259320824;-26.312391016617937;-48.836532812387645;2024-10-07 17:12:00;2024-10-07 17:41:00;29;3.2;5.77;20
VGM-000664;PAT-0058;USR-00204;América;Centro;-26.29362773208264;-48.849221867996896;-26.30111291016182;-48.84373547871143;2024-10-14 19:25:00;2024-10-14 19:43:00;18;1.39;4.05;65
VGM-000665;PAT-0031;USR-00208;Paranaguamirim;Bucarein;-26.343982175273794;-48.81392247877747;-26.294704372843167;-48.838064900286064;2024-03-24 18:53:00;2024-03-24 19:20:00;27;3.46;6.45;90
VGM-000666;PAT-0013;USR-00004;Iririú;Itaum;-26.278471408608155;-48.85704698522428;-26.327906111781754;-48.817432107770976;2024-04-22 14:05:00;2024-04-22 14:35:00;30;7.23;10.96;40
VGM-000667;PAT-0076;USR-00232;América;Paranaguamirim;-26.293540422716156;-48.854633990963485;-26.343945986226036;-48.81667999297882;2024-11-16 13:33:00;2024-11-16 14:15:00;42;6.34;8.56;73
VGM-000668;PAT-0069;USR-00005;Bucarein;Glória;-26.301393186267404;-48.840483602395224;-26.31661146138096;-48.82755557832162;2024-12-21 14:18:00;2024-12-21 15:02:00;44;7.49;10.67;98
VGM-000669;PAT-0054;USR-00138;Anita Garibaldi;Saguaçu;-26.315134329759488;-48.83261402541868;-26.283289870194672;-48.85148019817526;2024-09-29 14:26:00;2024-09-29 14:41:00;15;6.85;8.47;41
VGM-000670;PAT-0044;USR-00207;Jardim Iririú;Saguaçu;-26.270149048313062;-48.86184372656236;-26.283029758339957;-48.85169682011909;2024-02-05 11:08:00;2024-02-05 11:29:00;21;5.33;8.16;92
VGM-000671;PAT-0002;USR-00151;Saguaçu;Iririú;-26.288266264047053;-48.84655167395977;-26.27637017159596;-48.856543729629635;2024-02-26 20:39:00;2024-02-26 21:10:00;31;8.26;9.15;98
VGM-000672;PAT-0076;USR-00298;Jardim Iririú;América;-26.264032345753737;-48.86104869092389;-26.28720720443843;-48.84792297630956;2024-05-19 21:12:00;2024-05-19 21:35:00;23;2.96;5.38;27
VGM-000673;PAT-0010;USR-00198;Anita Garibaldi;Iririú;-26.316197662543384;-48.83286793116717;-26.27274628399765;-48.85753651752757;2024-01-10 10:03:00;2024-01-10 10:40:00;37;2.14;4.49;27
VGM-000674;PAT-0020;USR-00023;Glória;Glória;-26.3197548861043;-48.83300784725106;-26.32387409533471;-48.834367465911015;2024-01-12 11:06:00;2024-01-12 11:27:00;21;7.07;8.85;77
VGM-000675;PAT-0042;USR-00028;Iririú;Anita Garibaldi;-26.275896031730102;-48.851097849973634;-26.31292221965594;-48.83868290464794;2024-05-17 10:45:00;2024-05-17 11:16:00;31;2.32;4.8;70
VGM-000676;PAT-0011;USR-00197;Jardim Iririú;América;-26.263176213830913;-48.862125904035345;-26.2871361963804;-48.8474125503147;2024-01-05 13:05:00;2024-01-05 13:17:00;12;1.57;3.82;88
VGM-000677;PAT-0014;USR-00136;Anita Garibaldi;Glória;-26.31587961097832;-48.83632214012244;-26.324528032983025;-48.82866216715252;2024-01-08 21:13:00;2024-01-08 21:37:00;24;8.44;12.4;75
VGM-000678;PAT-0025;USR-00259;Bucarein;Glória;-26.29902144400954;-48.846419080479194;-26.315385833803578;-48.8324679883663;2024-08-03 15:50:00;2024-08-03 16:24:00;34;0.52;3.07;40
VGM-000679;PAT-0018;USR-00155;Centro;Jardim Iririú;-26.29970529566725;-48.85008487787679;-26.266208374316804;-48.85944704174672;2024-07-09 20:44:00;2024-07-09 20:49:00;5;2.14;4.36;78
VGM-000680;PAT-0037;USR-00170;Paranaguamirim;Jardim Iririú;-26.33634492874106;-48.81484138097287;-26.266686240223567;-48.85972420377575;2024-06-18 08:53:00;2024-06-18 09:05:00;12;6.0;8.0;75
VGM-000681;PAT-0031;USR-00091;Glória;Bucarein;-26.31682927929051;-48.83232407323272;-26.300294407435118;-48.84044564021559;2024-01-29 14:49:00;2024-01-29 15:17:00;28;2.1;4.4;51
VGM-000682;PAT-0050;USR-00015;Paranaguamirim;Anita Garibaldi;-26.34242097172955;-48.81164519774258;-26.31451208211261;-48.83766812445578;2024-02-06 21:11:00;2024-02-06 21:26:00;15;7.48;8.97;49
VGM-000683;PAT-0029;USR-00280;América;Glória;-26.2942911241261;-48.85585306611345;-26.315579417805115;-48.826355970128056;2024-05-08 18:53:00;2024-05-08 18:56:00;3;3.91;6.29;42
VGM-000684;PAT-0049;USR-00254;Centro;Glória;-26.302713567800758;-48.84740905951328;-26.322017275457657;-48.8319063143792;2024-03-03 13:24:00;2024-03-03 13:55:00;31;6.95;10.09;91
VGM-000685;PAT-0032;USR-00084;Centro;Saguaçu;-26.300106240108725;-48.84782654453231;-26.28224494703281;-48.846058683460235;2024-05-06 07:12:00;2024-05-06 07:44:00;32;1.49;3.91;46
VGM-000686;PAT-0034;USR-00170;América;América;-26.290432371069862;-48.855806723690826;-26.292068782017928;-48.855838753536275;2024-02-18 22:42:00;2024-02-18 22:58:00;16;2.73;5.52;84
VGM-000687;PAT-0028;USR-00178;Paranaguamirim;Bucarein;-26.339283873105302;-48.818756316009996;-26.30160745929215;-48.84327342870106;2024-08-30 18:43:00;2024-08-30 19:05:00;22;8.21;10.02;98
VGM-000688;PAT-0075;USR-00092;Glória;Glória;-26.322200209063396;-48.83086357325081;-26.324892847023047;-48.83148290182041;2024-06-14 11:40:00;2024-06-14 11:45:00;5;7.33;11.29;69
VGM-000689;PAT-0013;USR-00250;América;Anita Garibaldi;-26.28830507066808;-48.85107135415552;-26.31155742662985;-48.834565155714174;2024-10-08 22:07:00;2024-10-08 22:26:00;19;4.26;7.09;46
VGM-000690;PAT-0019;USR-00245;Paranaguamirim;América;-26.343129562514424;-48.81595710252745;-26.28624221181451;-48.85527263738223;2024-09-03 15:12:00;2024-09-03 15:38:00;26;3.9;6.62;47
VGM-000691;PAT-0002;USR-00043;Itaum;Bucarein;-26.331763207635955;-48.81969062321588;-26.299308638061905;-48.83909868626274;2024-01-27 12:07:00;2024-01-27 12:25:00;18;4.86;6.54;81
VGM-000692;PAT-0024;USR-00259;Anita Garibaldi;Paranaguamirim;-26.312745635613837;-48.83404868325094;-26.34142807666007;-48.81782219198232;2024-11-20 19:20:00;2024-11-20 19:23:00;3;8.49;9.82;72
VGM-000693;PAT-0008;USR-00076;Centro;Paranaguamirim;-26.304323896213155;-48.85110076178872;-26.341559083821505;-48.81322962185118;2024-03-26 14:37:00;2024-03-26 14:47:00;10;1.88;4.1;30
VGM-000694;PAT-0074;USR-00237;Bucarein;Anita Garibaldi;-26.30057590267585;-48.84235904840546;-26.311794561626954;-48.83196787876756;2024-07-21 13:00:00;2024-07-21 13:05:00;5;1.83;4.65;84
VGM-000695;PAT-0076;USR-00067;Centro;Centro;-26.308251631752608;-48.84156500759113;-26.30499335116576;-48.84558123043759;2024-10-24 21:44:00;2024-10-24 22:25:00;41;4.55;7.88;63
VGM-000696;PAT-0014;USR-00204;Bucarein;Saguaçu;-26.29689379957558;-48.841809677198704;-26.28120085373273;-48.84559116793278;2024-03-20 17:49:00;2024-03-20 17:57:00;8;3.58;5.46;34
VGM-000697;PAT-0002;USR-00100;Itaum;Centro;-26.332113694467594;-48.81822457732541;-26.304344792082766;-48.84458139687786;2024-05-07 11:31:00;2024-05-07 11:39:00;8;5.02;8.06;100
VGM-000698;PAT-0014;USR-00106;Itaum;Paranaguamirim;-26.329187617785774;-48.82188136142083;-26.339922421618112;-48.81644470202848;2024-12-17 16:59:00;2024-12-17 17:42:00;43;7.7;11.0;89
VGM-000699;PAT-0043;USR-00209;Anita Garibaldi;Paranaguamirim;-26.315456372847258;-48.832260086218476;-26.343616284052793;-48.81191141460966;2024-01-31 07:22:00;2024-01-31 08:06:00;44;3.47;5.65;71
VGM-000700;PAT-0004;USR-00254;Iririú;Bucarein;-26.27518859898145;-48.85227078518123;-26.293172604590893;-48.84405298630114;2024-03-19 09:08:00;2024-03-19 09:42:00;34;2.44;4.63;42
VGM-000701;PAT-0037;USR-00130;Glória;Centro;-26.319674105674483;-48.82978703952346;-26.306900271091312;-48.84548787082249;2024-04-29 16:35:00;2024-04-29 17:19:00;44;6.83;10.05;70
VGM-000702;PAT-0011;USR-00078;Bucarein;Jardim Iririú;-26.302481764631775;-48.83723986176721;-26.272266359325403;-48.85754602260858;2024-06-26 20:46:00;2024-06-26 21:01:00;15;3.28;5.57;78
VGM-000703;PAT-0032;USR-00006;Itaum;Centro;-26.33163395721806;-48.823744497852374;-26.30276853751025;-48.847410440901875;2024-01-11 18:22:00;2024-01-11 18:33:00;11;6.87;9.37;33
VGM-000704;PAT-0061;USR-00001;América;Iririú;-26.294655853230612;-48.8558305233511;-26.27404633629843;-48.85697232392382;2024-05-08 07:31:00;2024-05-08 08:02:00;31;3.84;6.85;51
VGM-000705;PAT-0015;USR-00137;Jardim Iririú;Bucarein;-26.272366250295274;-48.857298417882426;-26.29884854346007;-48.84240653989827;2024-10-13 15:34:00;2024-10-13 16:08:00;34;3.29;5.84;75
VGM-000706;PAT-0043;USR-00175;Anita Garibaldi;Glória;-26.307100397676102;-48.83192844462635;-26.320778077661192;-48.826820365056506;2024-04-07 11:34:00;2024-04-07 11:59:00;25;7.89;10.42;90
VGM-000707;PAT-0020;USR-00163;América;Saguaçu;-26.292776461550254;-48.854797927708795;-26.282149360789536;-48.84370078236854;2024-06-14 20:17:00;2024-06-14 20:58:00;41;2.22;4.7;59
VGM-000708;PAT-0050;USR-00131;Bucarein;Itaum;-26.29490125554145;-48.844344171670414;-26.333042873599002;-48.8195491658714;2024-10-10 11:04:00;2024-10-10 11:40:00;36;4.73;7.45;33
VGM-000709;PAT-0044;USR-00275;América;Jardim Iririú;-26.293453593452362;-48.85582447636633;-26.264797466810553;-48.858385337946764;2024-03-20 20:18:00;2024-03-20 20:37:00;19;0.93;3.54;20
VGM-000710;PAT-0025;USR-00054;Glória;Paranaguamirim;-26.31818497277776;-48.83206691389219;-26.33851252886105;-48.810967263777606;2024-10-04 17:29:00;2024-10-04 17:32:00;3;5.98;8.14;29
VGM-000711;PAT-0004;USR-00116;Iririú;Anita Garibaldi;-26.272397721401102;-48.85226858126081;-26.312810302262207;-48.83901453148587;2024-11-22 22:24:00;2024-11-22 22:38:00;14;2.94;4.96;44
VGM-000712;PAT-0015;USR-00114;América;Jardim Iririú;-26.290043612593923;-48.850820394722874;-26.268419713834163;-48.86267921422134;2024-01-10 17:49:00;2024-01-10 18:31:00;42;7.09;8.67;39
VGM-000713;PAT-0058;USR-00003;Saguaçu;Glória;-26.2852842381145;-48.849519044068316;-26.32243352792814;-48.82791099993748;2024-05-02 16:46:00;2024-05-02 16:53:00;7;6.06;9.3;84
VGM-000714;PAT-0061;USR-00076;Iririú;América;-26.275881590858525;-48.856282607050936;-26.28847885667303;-48.847762555380875;2024-12-03 18:12:00;2024-12-03 18:48:00;36;6.82;9.44;40
VGM-000715;PAT-0004;USR-00055;América;América;-26.292511317334572;-48.855986463742845;-26.29087125257695;-48.84742970971669;2024-12-15 21:49:00;2024-12-15 22:27:00;38;5.05;7.05;45
VGM-000716;PAT-0038;USR-00230;Iririú;Jardim Iririú;-26.27070470855752;-48.85700199472434;-26.269791454572502;-48.86084892823145;2024-03-19 15:20:00;2024-03-19 15:49:00;29;1.09;3.38;48
VGM-000717;PAT-0072;USR-00121;América;Itaum;-26.287693805922125;-48.84953541258362;-26.329039498842388;-48.82410660097708;2024-11-24 16:07:00;2024-11-24 16:16:00;9;7.82;11.61;97
VGM-000718;PAT-0072;USR-00299;Centro;Jardim Iririú;-26.299749730893335;-48.84145805556184;-26.263042655479488;-48.860622185227;2024-09-24 08:02:00;2024-09-24 08:13:00;11;8.38;11.9;39
VGM-000719;PAT-0009;USR-00003;Saguaçu;Glória;-26.288757027765143;-48.84452939173016;-26.320647377203436;-48.832692654097926;2024-04-01 07:12:00;2024-04-01 07:21:00;9;6.11;9.33;32
VGM-000720;PAT-0037;USR-00028;Anita Garibaldi;América;-26.309691325247964;-48.839764050353544;-26.286793085992215;-48.853088035450035;2024-09-05 12:06:00;2024-09-05 12:11:00;5;4.69;6.41;89
VGM-000721;PAT-0037;USR-00176;Anita Garibaldi;Anita Garibaldi;-26.307616595431792;-48.831014393953254;-26.313549831600756;-48.83227732443162;2024-10-19 18:42:00;2024-10-19 19:16:00;34;1.16;3.46;85
VGM-000722;PAT-0054;USR-00075;Itaum;Glória;-26.33318766933834;-48.81716801586701;-26.32445267293075;-48.83424472913974;2024-09-26 14:03:00;2024-09-26 14:29:00;26;7.08;8.58;48
VGM-000723;PAT-0002;USR-00133;Paranaguamirim;América;-26.34433503732633;-48.81219623876429;-26.293957578936315;-48.84772418782519;2024-04-23 08:00:00;2024-04-23 08:16:00;16;2.17;4.38;64
VGM-000724;PAT-0036;USR-00110;Iririú;Iririú;-26.272588793507097;-48.85542004240996;-26.27581304856672;-48.85572330914176;2024-12-01 21:59:00;2024-12-01 22:07:00;8;3.16;6.06;43
VGM-000725;PAT-0020;USR-00088;Saguaçu;América;-26.2842552688682;-48.84901994707045;-26.293803650714054;-48.850039360688996;2024-08-27 07:23:00;2024-08-27 08:01:00;38;6.06;8.64;79
VGM-000726;PAT-0013;USR-00045;Anita Garibaldi;Bucarein;-26.308581712232417;-48.83697084271167;-26.302997729617815;-48.84610347768764;2024-07-31 17:50:00;2024-07-31 17:56:00;6;8.31;10.74;96
VGM-000727;PAT-0013;USR-00137;Itaum;América;-26.333602276233737;-48.82434305141046;-26.286849984622524;-48.85262640921643;2024-11-11 14:33:00;2024-11-11 14:38:00;5;7.03;10.72;28
VGM-000728;PAT-0027;USR-00063;Anita Garibaldi;Iririú;-26.3090473268814;-48.837717646365064;-26.27156120588769;-48.859102990809845;2024-02-06 15:04:00;2024-02-06 15:20:00;16;2.14;4.75;87
VGM-000729;PAT-0046;USR-00100;Glória;Anita Garibaldi;-26.322983726799524;-48.83253396365022;-26.30957707768513;-48.83038456277119;2024-09-22 09:06:00;2024-09-22 09:23:00;17;2.51;4.54;81
VGM-000730;PAT-0063;USR-00038;Saguaçu;Paranaguamirim;-26.28836344057134;-48.848159229302894;-26.34332185404354;-48.811927383506735;2024-09-29 18:12:00;2024-09-29 18:27:00;15;7.16;10.67;61
VGM-000731;PAT-0010;USR-00163;Glória;Iririú;-26.32335734202069;-48.82752555593403;-26.2787963642379;-48.85540367245643;2024-09-26 13:36:00;2024-09-26 14:19:00;43;4.07;7.05;22
VGM-000732;PAT-0030;USR-00193;Iririú;Glória;-26.271854252797684;-48.85526190171602;-26.324323952505278;-48.83276397451676;2024-04-01 19:47:00;2024-04-01 19:56:00;9;3.89;6.28;71
VGM-000733;PAT-0029;USR-00088;América;Jardim Iririú;-26.28934802779304;-48.85542155550553;-26.26575970811227;-48.8556654489475;2024-11-22 17:43:00;2024-11-22 18:15:00;32;5.15;8.28;81
VGM-000734;PAT-0024;USR-00063;Glória;Paranaguamirim;-26.31976934575231;-48.825422101990114;-26.33571192039312;-48.81655403404273;2024-12-25 19:56:00;2024-12-25 20:05:00;9;0.83;3.42;83
VGM-000735;PAT-0015;USR-00211;Jardim Iririú;América;-26.269411695158766;-48.85557275680906;-26.29169464179087;-48.85439015568313;2024-03-26 11:35:00;2024-03-26 12:03:00;28;8.47;10.64;69
VGM-000736;PAT-0068;USR-00023;Iririú;Iririú;-26.271227994591868;-48.85214810456851;-26.278808593280036;-48.85436835611546;2024-09-15 16:42:00;2024-09-15 16:55:00;13;0.48;2.92;32
VGM-000737;PAT-0062;USR-00228;Glória;Centro;-26.321075548925773;-48.82508672098436;-26.304276071792682;-48.84176225879656;2024-09-30 20:59:00;2024-09-30 21:24:00;25;3.98;6.67;25
VGM-000738;PAT-0063;USR-00063;América;Itaum;-26.287834005605283;-48.850555176671996;-26.331511680925413;-48.824961697095;2024-06-10 16:54:00;2024-06-10 17:20:00;26;5.63;8.09;74
VGM-000739;PAT-0001;USR-00237;Centro;América;-26.3050086509143;-48.84157231649747;-26.2922517507565;-48.85361875156746;2024-07-30 19:52:00;2024-07-30 20:15:00;23;7.65;10.41;100
VGM-000740;PAT-0020;USR-00207;Anita Garibaldi;Paranaguamirim;-26.31323055570575;-48.839243949593836;-26.338786693758443;-48.81061552359589;2024-11-07 13:36:00;2024-11-07 14:13:00;37;4.21;7.04;67
VGM-000741;PAT-0069;USR-00255;Anita Garibaldi;Iririú;-26.312373202143306;-48.83634319251739;-26.272812818867376;-48.85828914033142;2024-04-19 18:49:00;2024-04-19 19:27:00;38;6.09;9.75;94
VGM-000742;PAT-0071;USR-00280;Iririú;Bucarein;-26.27698622125836;-48.85774618731993;-26.301893964011267;-48.8458675654836;2024-05-10 17:28:00;2024-05-10 17:59:00;31;0.82;3.4;41
VGM-000743;PAT-0027;USR-00052;Anita Garibaldi;Paranaguamirim;-26.309523906198237;-48.838041669158656;-26.344644097691933;-48.814298127842;2024-07-22 06:46:00;2024-07-22 06:51:00;5;3.21;6.14;20
VGM-000744;PAT-0003;USR-00077;Itaum;Centro;-26.329972796099074;-48.823591970511075;-26.299456696973145;-48.842581561767055;2024-05-25 06:33:00;2024-05-25 06:44:00;11;8.13;12.04;88
VGM-000745;PAT-0022;USR-00283;Jardim Iririú;Centro;-26.270677873048534;-48.85877586358434;-26.307072716510845;-48.84642890182307;2024-06-03 06:19:00;2024-06-03 06:36:00;17;2.56;5.35;86
VGM-000746;PAT-0004;USR-00077;Jardim Iririú;Bucarein;-26.264004254267256;-48.85718678144253;-26.302461694750914;-48.83705435743315;2024-04-19 16:01:00;2024-04-19 16:21:00;20;2.37;4.92;32
VGM-000747;PAT-0011;USR-00106;América;Anita Garibaldi;-26.29216108778627;-48.85021701600579;-26.31510124670904;-48.83320828300462;2024-10-10 22:35:00;2024-10-10 23:14:00;39;7.65;10.02;54
VGM-000748;PAT-0002;USR-00115;América;Saguaçu;-26.290564471388862;-48.854530372904115;-26.289610421536516;-48.852259250927894;2024-10-19 10:06:00;2024-10-19 10:11:00;5;0.53;2.99;51
VGM-000749;PAT-0061;USR-00035;Saguaçu;Itaum;-26.280935278890354;-48.84488876230066;-26.331081891053827;-48.81507167868318;2024-08-23 17:09:00;2024-08-23 17:20:00;11;5.2;7.43;29
VGM-000750;PAT-0032;USR-00025;Itaum;Bucarein;-26.328757620040857;-48.81864045292836;-26.294975982155485;-48.842921057632196;2024-05-15 17:56:00;2024-05-15 18:36:00;40;3.83;6.94;99
VGM-000751;PAT-0035;USR-00004;Glória;Bucarein;-26.323831019592916;-48.83111834293873;-26.29958755550242;-48.844125974661544;2024-05-07 13:16:00;2024-05-07 13:38:00;22;6.57;7.85;132
VGM-000752;PAT-0044;USR-00265;Anita Garibaldi;Glória;-26.307601678763866;-48.83325869704464;-26.320558165931217;-48.82942120816422;2024-02-17 18:36:00;2024-02-17 18:52:00;16;1.39;3.72;79
VGM-000753;PAT-0053;USR-00282;América;Jardim Iririú;-26.289722919469288;-48.85340095020757;-26.266244132264326;-48.86195692408179;2024-02-09 16:50:00;2024-02-09 17:23:00;33;3.55;6.15;97
VGM-000754;PAT-0076;USR-00012;Iririú;Anita Garibaldi;-26.27665094385343;-48.85654807791506;-26.3119110592993;-48.8391354249288;2024-03-29 21:52:00;2024-03-29 22:31:00;39;5.73;7.12;76
VGM-000755;PAT-0062;USR-00207;Anita Garibaldi;Jardim Iririú;-26.31560727927337;-48.83082514156868;-26.264385543139788;-48.86498571656921;2024-02-18 15:02:00;2024-02-18 15:41:00;39;2.84;5.53;72
VGM-000756;PAT-0038;USR-00014;Anita Garibaldi;Anita Garibaldi;-26.3090597481073;-48.83709495494329;-26.308339643249543;-48.8355041664708;2024-07-14 08:49:00;2024-07-14 08:55:00;6;6.02;8.21;34
VGM-000757;PAT-0032;USR-00232;Itaum;Jardim Iririú;-26.328799272440712;-48.82030011731842;-26.27290089304509;-48.85663136577773;2024-06-20 17:56:00;2024-06-20 18:26:00;30;2.8;5.12;78
VGM-000758;PAT-0037;USR-00148;Iririú;Glória;-26.274665389080237;-48.85109858862604;-26.31721953693517;-48.8292768481437;2024-08-01 09:55:00;2024-08-01 10:12:00;17;2.21;4.93;84
VGM-000759;PAT-0078;USR-00243;Iririú;Anita Garibaldi;-26.271061074169488;-48.852922786497324;-26.312392663997585;-48.83000792701057;2024-11-30 06:40:00;2024-11-30 07:23:00;43;6.85;8.0;34
VGM-000760;PAT-0028;USR-00015;Jardim Iririú;Bucarein;-26.265114027887755;-48.86437796773835;-26.29311159458696;-48.844131533543525;2024-07-14 07:19:00;2024-07-14 07:55:00;36;4.47;6.64;65
VGM-000761;PAT-0061;USR-00124;Itaum;América;-26.333483251202672;-48.82352696955721;-26.291167679241244;-48.8531954493524;2024-01-22 16:34:00;2024-01-22 17:13:00;39;3.64;6.09;95
VGM-000762;PAT-0008;USR-00085;Jardim Iririú;Paranaguamirim;-26.269882779322046;-48.86492158409228;-26.335131040546116;-48.81840250539766;2024-03-17 16:32:00;2024-03-17 16:49:00;17;6.58;8.12;73
VGM-000763;PAT-0032;USR-00002;Itaum;Bucarein;-26.332515108601854;-48.81869078209771;-26.295454306387942;-48.84535936411734;2024-03-19 07:43:00;2024-03-19 08:11:00;28;8.34;9.49;94
VGM-000764;PAT-0038;USR-00231;Saguaçu;Centro;-26.282560537074275;-48.8485232657459;-26.306913951153867;-48.8483481340399;2024-08-16 22:05:00;2024-08-16 22:22:00;17;5.11;7.65;88
VGM-000765;PAT-0054;USR-00276;Iririú;Itaum;-26.27966467565264;-48.858657251490975;-26.32961605020713;-48.81707159954726;2024-08-09 15:50:00;2024-08-09 16:18:00;28;7.37;10.65;51
VGM-000766;PAT-0068;USR-00195;Anita Garibaldi;América;-26.311301103151287;-48.830420658789436;-26.286078643605215;-48.846942432093634;2024-03-16 10:21:00;2024-03-16 10:29:00;8;8.26;11.07;89
VGM-000767;PAT-0076;USR-00200;Bucarein;Jardim Iririú;-26.29537541314259;-48.841703402760544;-26.264424693922482;-48.85524912830292;2024-08-31 07:35:00;2024-08-31 08:03:00;28;0.73;3.22;58
VGM-000768;PAT-0031;USR-00146;Itaum;Paranaguamirim;-26.32623234363238;-48.82258106705887;-26.34402633106209;-48.81767710345903;2024-05-14 08:25:00;2024-05-14 09:00:00;35;6.49;9.13;64
VGM-000769;PAT-0032;USR-00186;Itaum;Saguaçu;-26.33157918251284;-48.81999396428845;-26.2829362800319;-48.84418702454386;2024-08-10 10:48:00;2024-08-10 10:59:00;11;5.12;7.73;83
VGM-000770;PAT-0027;USR-00087;Paranaguamirim;Bucarein;-26.33678742695328;-48.813203796672646;-26.29954420414129;-48.843717449107224;2024-09-03 12:31:00;2024-09-03 12:59:00;28;6.65;9.85;42
VGM-000771;PAT-0037;USR-00085;Jardim Iririú;Anita Garibaldi;-26.27189368263045;-48.864237607820264;-26.3169301773812;-48.83887159455483;2024-11-29 12:35:00;2024-11-29 13:17:00;42;0.88;3.25;22
VGM-000772;PAT-0017;USR-00004;Paranaguamirim;Centro;-26.336535477082656;-48.81725296184952;-26.305365190309733;-48.8424997507448;2024-09-25 13:15:00;2024-09-25 13:22:00;7;0.82;3.42;39
VGM-000773;PAT-0022;USR-00052;Paranaguamirim;Itaum;-26.34372511337668;-48.811930345091156;-26.33265245578275;-48.81863894365356;2024-05-16 19:20:00;2024-05-16 19:59:00;39;3.69;6.61;70
VGM-000774;PAT-0024;USR-00040;Jardim Iririú;Glória;-26.269027127094397;-48.86040335129597;-26.316811307294795;-48.83335269103919;2024-02-15 09:42:00;2024-02-15 10:11:00;29;1.62;4.21;68
VGM-000775;PAT-0043;USR-00032;Paranaguamirim;Saguaçu;-26.337027046342204;-48.814534228579674;-26.286626693911543;-48.84870168742487;2024-08-04 17:22:00;2024-08-04 17:37:00;15;1.9;4.21;67
VGM-000776;PAT-0010;USR-00135;Paranaguamirim;Itaum;-26.34350082572651;-48.8156718399779;-26.32672476306046;-48.82212742305123;2024-06-13 17:38:00;2024-06-13 18:22:00;44;8.33;10.95;71
VGM-000777;PAT-0013;USR-00137;Bucarein;Saguaçu;-26.30070748604767;-48.846561000573566;-26.28999402061165;-48.845632054312894;2024-01-13 15:10:00;2024-01-13 15:35:00;25;6.64;8.94;88
VGM-000778;PAT-0080;USR-00157;Itaum;Bucarein;-26.32777747431607;-48.8233425022018;-26.299921808499736;-48.84246583769376;2024-11-11 20:39:00;2024-11-11 20:51:00;12;8.41;9.36;69
VGM-000779;PAT-0024;USR-00077;América;Iririú;-26.28879963463454;-48.85154458361258;-26.27758834785692;-48.85010720054893;2024-08-13 07:59:00;2024-08-13 08:16:00;17;7.15;8.52;41
VGM-000780;PAT-0042;USR-00284;Saguaçu;Jardim Iririú;-26.283588523671146;-48.85090814534592;-26.270664326389316;-48.864452550177404;2024-04-12 17:09:00;2024-04-12 17:17:00;8;0.54;3.13;98
VGM-000781;PAT-0037;USR-00046;Itaum;Paranaguamirim;-26.32806051555533;-48.824500209713406;-26.344318133802346;-48.81644984733864;2024-02-27 07:15:00;2024-02-27 07:57:00;42;7.92;10.94;65
VGM-000782;PAT-0001;USR-00221;Paranaguamirim;Anita Garibaldi;-26.339572755566525;-48.81156350335948;-26.315128757295895;-48.8351809983289;2024-03-16 15:00:00;2024-03-16 15:24:00;24;6.28;10.03;93
VGM-000783;PAT-0011;USR-00002;Saguaçu;Glória;-26.28748200941093;-48.84318807470836;-26.319444504301146;-48.829968664452515;2024-12-21 09:19:00;2024-12-21 09:50:00;31;3.02;5.76;32
VGM-000784;PAT-0003;USR-00099;Bucarein;Bucarein;-26.299543040064957;-48.83906857126003;-26.30008638927162;-48.84384064177614;2024-08-29 06:21:00;2024-08-29 06:37:00;16;1.07;3.71;37
VGM-000785;PAT-0050;USR-00243;América;Glória;-26.294184022831985;-48.84746215078295;-26.32082605217671;-48.827707597509026;2024-10-02 12:13:00;2024-10-02 12:50:00;37;3.61;6.83;61
VGM-000786;PAT-0004;USR-00116;Bucarein;Jardim Iririú;-26.293915494386663;-48.84458022869683;-26.26923133119653;-48.85625252926511;2024-09-24 14:35:00;2024-09-24 15:08:00;33;6.05;8.02;77
VGM-000787;PAT-0076;USR-00162;Iririú;Jardim Iririú;-26.274166082052336;-48.85039373024487;-26.26424095075;-48.85561280698022;2024-11-14 10:44:00;2024-11-14 11:29:00;45;5.92;9.25;46
VGM-000788;PAT-0011;USR-00116;Centro;Itaum;-26.305391485832363;-48.84923074295547;-26.325947010009894;-48.816949066232006;2024-01-10 18:37:00;2024-01-10 19:22:00;45;6.9;10.73;59
VGM-000789;PAT-0080;USR-00273;Bucarein;Saguaçu;-26.298379941963557;-48.837485701896384;-26.28507043028344;-48.844494198026936;2024-09-26 07:16:00;2024-09-26 07:29:00;13;3.43;6.58;98
VGM-000790;PAT-0078;USR-00202;Centro;Iririú;-26.299927166603883;-48.841251807060345;-26.276698440496844;-48.8544945469938;2024-01-31 15:12:00;2024-01-31 15:54:00;42;4.19;6.46;84
VGM-000791;PAT-0045;USR-00200;Iririú;Paranaguamirim;-26.27846648596884;-48.85288277194254;-26.343931992959977;-48.81174111773573;2024-05-18 07:29:00;2024-05-18 08:13:00;44;7.25;9.75;95
VGM-000792;PAT-0011;USR-00283;Paranaguamirim;Jardim Iririú;-26.33913770167983;-48.81018856268208;-26.26346597120618;-48.86196496090852;2024-01-05 08:24:00;2024-01-05 09:09:00;45;1.8;4.47;92
VGM-000793;PAT-0003;USR-00197;Jardim Iririú;Glória;-26.267941113211155;-48.859304602204325;-26.324397730551;-48.83101521237891;2024-05-18 17:55:00;2024-05-18 18:04:00;9;2.85;5.24;40
VGM-000794;PAT-0019;USR-00160;Anita Garibaldi;América;-26.310885457645654;-48.83740458216824;-26.29302349722432;-48.85283086986181;2024-01-10 15:55:00;2024-01-10 16:39:00;44;1.75;3.92;63
VGM-000795;PAT-0002;USR-00112;América;Bucarein;-26.29581889816179;-48.851630041143345;-26.3000193379883;-48.84232612664552;2024-07-16 13:24:00;2024-07-16 13:59:00;35;3.83;6.0;61
VGM-000796;PAT-0080;USR-00202;Centro;América;-26.30067876091056;-48.845264390646214;-26.292795987138597;-48.853144203837616;2024-12-29 09:57:00;2024-12-29 10:20:00;23;2.37;4.57;48
VGM-000797;PAT-0074;USR-00063;Iririú;Glória;-26.270678817175163;-48.85926918437973;-26.323357131567278;-48.82538388557745;2024-09-05 08:11:00;2024-09-05 08:26:00;15;1.04;3.37;97
VGM-000798;PAT-0078;USR-00032;Iririú;Itaum;-26.274348668164105;-48.853776567353826;-26.32716838569076;-48.821871553719944;2024-09-13 20:35:00;2024-09-13 20:39:00;4;2.44;4.59;54
VGM-000799;PAT-0036;USR-00058;Anita Garibaldi;Jardim Iririú;-26.31003349176123;-48.830188221632376;-26.27177502138034;-48.86401955461889;2024-01-21 13:59:00;2024-01-21 14:35:00;36;1.94;4.46;75
VGM-000800;PAT-0050;USR-00214;Glória;Iririú;-26.31577500618823;-48.83309892350216;-26.27365093340847;-48.854731828339496;2024-06-05 16:31:00;2024-06-05 16:59:00;28;3.18;5.81;100
VGM-000801;PAT-0020;USR-00265;Jardim Iririú;Bucarein;-26.265927613656867;-48.85707404883711;-26.30176153973294;-48.84642900921555;2024-03-21 06:22:00;2024-03-21 06:47:00;25;5.61;7.21;21
VGM-000802;PAT-0010;USR-00214;Anita Garibaldi;Itaum;-26.31547460957086;-48.830921012062205;-26.33429464362407;-48.82389456833691;2024-06-30 15:15:00;2024-06-30 15:50:00;35;0.97;3.32;76
VGM-000803;PAT-0038;USR-00278;Paranaguamirim;América;-26.339237116398333;-48.810562984071794;-26.286905704963143;-48.85380610610804;2024-05-21 07:40:00;2024-05-21 07:59:00;19;4.0;7.26;58
VGM-000804;PAT-0035;USR-00149;Itaum;Anita Garibaldi;-26.32893284953617;-48.815398643955945;-26.315098712336813;-48.83535649750118;2024-07-17 06:35:00;2024-07-17 06:55:00;20;1.07;3.68;37
VGM-000805;PAT-0025;USR-00107;Bucarein;Jardim Iririú;-26.298758693286974;-48.84178540361278;-26.264787498454403;-48.86066749067691;2024-04-25 10:21:00;2024-04-25 10:49:00;28;2.41;4.73;94
VGM-000806;PAT-0075;USR-00056;Bucarein;Iririú;-26.295635557643752;-48.83722692092008;-26.274553691288926;-48.85200308137997;2024-12-02 10:05:00;2024-12-02 10:32:00;27;7.51;8.88;97
VGM-000807;PAT-0009;USR-00138;Bucarein;América;-26.293656329852308;-48.839426897928654;-26.295221434803913;-48.84860525346116;2024-09-23 13:26:00;2024-09-23 13:44:00;18;0.8;3.32;22
VGM-000808;PAT-0044;USR-00015;Centro;Iririú;-26.300144314870934;-48.849583285637635;-26.27044551808562;-48.85573681706009;2024-10-20 10:27:00;2024-10-20 10:49:00;22;4.87;7.53;76
VGM-000809;PAT-0015;USR-00081;Anita Garibaldi;Itaum;-26.31249160628596;-48.83523099893532;-26.332530388330078;-48.82166295792425;2024-11-05 16:28:00;2024-11-05 17:05:00;37;5.9;7.41;54
VGM-000810;PAT-0037;USR-00084;América;Anita Garibaldi;-26.29486761954159;-48.84881668824628;-26.308403546546476;-48.83683531215939;2024-03-08 12:41:00;2024-03-08 12:52:00;11;1.08;3.39;100
VGM-000811;PAT-0046;USR-00148;Anita Garibaldi;Jardim Iririú;-26.307151588010377;-48.83752659684181;-26.271311899942155;-48.857260049127056;2024-10-24 12:55:00;2024-10-24 13:06:00;11;0.31;2.79;80
VGM-000812;PAT-0003;USR-00239;Itaum;Jardim Iririú;-26.326611019135537;-48.81859384816451;-26.26446057117858;-48.86447927593779;2024-06-07 22:58:00;2024-06-07 23:09:00;11;8.38;11.75;38
VGM-000813;PAT-0049;USR-00286;Centro;Saguaçu;-26.30815337318797;-48.84453399520954;-26.289867711870947;-48.852871783504895;2024-08-08 10:41:00;2024-08-08 11:20:00;39;0.4;2.94;99
VGM-000814;PAT-0001;USR-00060;Itaum;Itaum;-26.325791581173824;-48.823373002561915;-26.329882195434305;-48.81704455608073;2024-03-21 16:04:00;2024-03-21 16:42:00;38;2.98;5.97;72
VGM-000815;PAT-0046;USR-00285;Iririú;Bucarein;-26.271301036379377;-48.85434914687547;-26.295305574205784;-48.84222853624011;2024-09-29 09:11:00;2024-09-29 09:34:00;23;2.81;4.84;74
VGM-000816;PAT-0010;USR-00003;Centro;Centro;-26.30421161942874;-48.84348373089022;-26.300052044825073;-48.849891188614464;2024-03-15 06:48:00;2024-03-15 07:11:00;23;6.86;9.94;95
VGM-000817;PAT-0080;USR-00250;América;Glória;-26.29008724564255;-48.85101104335464;-26.315907978637934;-48.832644340654056;2024-07-30 19:19:00;2024-07-30 19:50:00;31;4.96;8.32;58
VGM-000818;PAT-0072;USR-00048;Saguaçu;Glória;-26.2860099729613;-48.852878968832236;-26.316803751304523;-48.82567496046902;2024-11-22 14:09:00;2024-11-22 14:24:00;15;3.37;6.37;28
VGM-000819;PAT-0065;USR-00163;América;Paranaguamirim;-26.29545238361178;-48.85590961530921;-26.336118086503387;-48.81140497024375;2024-02-24 10:11:00;2024-02-24 10:15:00;4;0.87;3.39;76
VGM-000820;PAT-0032;USR-00129;Jardim Iririú;Bucarein;-26.269648027583543;-48.8614297065603;-26.301007803141626;-48.83990214949776;2024-11-09 14:38:00;2024-11-09 15:17:00;39;1.71;4.49;93
VGM-000821;PAT-0038;USR-00122;Saguaçu;Itaum;-26.28197146551402;-48.84373805931568;-26.33215815704288;-48.820177747696626;2024-11-09 13:38:00;2024-11-09 13:55:00;17;5.52;8.37;99
VGM-000822;PAT-0010;USR-00189;Anita Garibaldi;Centro;-26.316953679769956;-48.83771323220397;-26.306510314750792;-48.84599676373809;2024-04-28 06:22:00;2024-04-28 06:30:00;8;4.39;6.19;70
VGM-000823;PAT-0014;USR-00063;Centro;Paranaguamirim;-26.30606500828309;-48.84485636311128;-26.341229460689984;-48.810247554647155;2024-12-18 21:08:00;2024-12-18 21:43:00;35;4.69;7.01;82
VGM-000824;PAT-0054;USR-00029;Anita Garibaldi;Iririú;-26.31301831306409;-48.83777924129307;-26.276066793296145;-48.850342295561155;2024-11-05 21:45:00;2024-11-05 22:29:00;44;8.3;12.23;22
VGM-000825;PAT-0002;USR-00088;Iririú;Glória;-26.27462604397062;-48.8567833001034;-26.319554446753454;-48.83284730954214;2024-07-10 11:54:00;2024-07-10 12:21:00;27;1.1;3.52;91
VGM-000826;PAT-0072;USR-00164;Anita Garibaldi;Iririú;-26.307801443835874;-48.83151957910398;-26.278401202366336;-48.85188895433694;2024-09-08 21:08:00;2024-09-08 21:21:00;13;5.9;9.29;20
VGM-000827;PAT-0010;USR-00164;América;Itaum;-26.29253654005634;-48.848711385577296;-26.328087533362137;-48.82302757333833;2024-04-08 13:02:00;2024-04-08 13:31:00;29;1.57;3.81;90
VGM-000828;PAT-0030;USR-00008;Bucarein;Itaum;-26.299530467981036;-48.84604600722687;-26.333324334606953;-48.82286462522116;2024-01-08 14:26:00;2024-01-08 14:43:00;17;3.37;5.65;96
VGM-000829;PAT-0071;USR-00250;América;Jardim Iririú;-26.288624987518904;-48.851712979790136;-26.269896915178954;-48.85823906965835;2024-12-09 12:48:00;2024-12-09 13:04:00;16;1.75;4.42;78
VGM-000830;PAT-0004;USR-00215;Centro;Itaum;-26.304877820591102;-48.85090830236355;-26.329966548693935;-48.820949989014125;2024-02-03 11:59:00;2024-02-03 12:30:00;31;3.91;5.84;59
VGM-000831;PAT-0042;USR-00043;Saguaçu;Itaum;-26.2877539517706;-48.84819109853397;-26.327035594384764;-48.81568455592893;2024-11-11 21:44:00;2024-11-11 22:07:00;23;7.24;8.57;83
VGM-000832;PAT-0009;USR-00001;Itaum;Glória;-26.33047560483867;-48.81837565988299;-26.317605307667613;-48.834109902651036;2024-08-22 13:27:00;2024-08-22 13:55:00;28;6.63;10.31;52
VGM-000833;PAT-0018;USR-00157;Anita Garibaldi;Centro;-26.315591429796203;-48.838814973764016;-26.302944656435894;-48.84608474359191;2024-01-22 18:46:00;2024-01-22 19:09:00;23;4.46;6.08;91
VGM-000834;PAT-0045;USR-00040;Anita Garibaldi;Glória;-26.315236130134938;-48.83711115061091;-26.3234422673942;-48.82581478469557;2024-07-20 22:41:00;2024-07-20 22:46:00;5;6.98;10.57;65
VGM-000835;PAT-0003;USR-00034;Jardim Iririú;Jardim Iririú;-26.268016322272604;-48.861021633744976;-26.267529546543845;-48.8559588633952;2024-09-23 09:28:00;2024-09-23 10:00:00;32;3.95;5.73;99
VGM-000836;PAT-0036;USR-00286;Anita Garibaldi;Bucarein;-26.312810745504954;-48.83080468975344;-26.302125534982;-48.84543470786584;2024-01-22 13:33:00;2024-01-22 14:10:00;37;5.4;8.57;93
VGM-000837;PAT-0038;USR-00120;Paranaguamirim;Iririú;-26.335851540989317;-48.81006744984577;-26.27622636823203;-48.85633362299903;2024-07-21 07:35:00;2024-07-21 08:02:00;27;7.97;10.17;56
VGM-000838;PAT-0010;USR-00055;Glória;Centro;-26.321376061008834;-48.83455088701004;-26.305264834697102;-48.84500878599954;2024-09-21 07:12:00;2024-09-21 07:33:00;21;7.58;8.89;71
VGM-000839;PAT-0022;USR-00078;Jardim Iririú;Glória;-26.26719411649722;-48.857389920765044;-26.324601885605542;-48.83340605115228;2024-08-13 18:56:00;2024-08-13 19:18:00;22;6.81;8.38;55
VGM-000840;PAT-0004;USR-00258;Itaum;Jardim Iririú;-26.328677357120803;-48.82128275933598;-26.2702601190053;-48.855319778279544;2024-05-26 20:10:00;2024-05-26 20:40:00;30;1.29;4.02;29
VGM-000841;PAT-0042;USR-00272;Iririú;Itaum;-26.279869055434116;-48.8560754181377;-26.325443505327332;-48.81585250671272;2024-05-30 07:44:00;2024-05-30 08:20:00;36;7.96;11.72;85
VGM-000842;PAT-0071;USR-00198;Jardim Iririú;Bucarein;-26.266364626279834;-48.85745735026653;-26.2934636739217;-48.845330498209655;2024-03-13 20:53:00;2024-03-13 21:37:00;44;7.97;9.67;44
VGM-000843;PAT-0020;USR-00002;Centro;Saguaçu;-26.307619640331303;-48.84201573567855;-26.286476729457476;-48.85178844538739;2024-08-19 08:46:00;2024-08-19 09:21:00;35;1.18;3.6;97
VGM-000844;PAT-0030;USR-00062;Glória;Anita Garibaldi;-26.315389296825305;-48.82549071405497;-26.31656899891052;-48.83914591517192;2024-02-27 11:49:00;2024-02-27 12:29:00;40;5.9;7.66;84
VGM-000845;PAT-0009;USR-00064;América;Paranaguamirim;-26.29451337272247;-48.850228774139616;-26.343209050606717;-48.81090556335963;2024-12-22 10:25:00;2024-12-22 10:54:00;29;5.14;8.5;58
VGM-000846;PAT-0004;USR-00152;Anita Garibaldi;Bucarein;-26.31285375876273;-48.836428788407;-26.299077822065662;-48.84506376190205;2024-06-14 20:01:00;2024-06-14 20:15:00;14;1.67;4.3;34
VGM-000847;PAT-0027;USR-00255;Centro;América;-26.308546503319214;-48.84332450914142;-26.286522203020308;-48.85183715071456;2024-08-20 12:56:00;2024-08-20 13:28:00;32;1.12;3.44;72
VGM-000848;PAT-0032;USR-00058;Centro;Saguaçu;-26.29943125748154;-48.84868998616738;-26.288588009364627;-48.848511486343476;2024-02-16 14:20:00;2024-02-16 15:04:00;44;1.88;4.61;79
VGM-000849;PAT-0046;USR-00036;Saguaçu;Saguaçu;-26.284978049896687;-48.847359259711666;-26.282364841563318;-48.84700988955786;2024-12-30 11:45:00;2024-12-30 11:55:00;10;1.57;4.05;51
VGM-000850;PAT-0025;USR-00233;Anita Garibaldi;Iririú;-26.3110461498268;-48.83641421538475;-26.278913174606252;-48.85928264656252;2024-02-16 09:45:00;2024-02-16 10:16:00;31;5.33;8.32;56
VGM-000851;PAT-0044;USR-00284;Paranaguamirim;Anita Garibaldi;-26.344329235226116;-48.81343368926292;-26.30718742422609;-48.837732413826;2024-11-20 17:05:00;2024-11-20 17:41:00;36;3.07;5.11;78
VGM-000852;PAT-0028;USR-00218;Anita Garibaldi;Saguaçu;-26.30950039529601;-48.83759601087107;-26.28618383500891;-48.84368509613081;2024-12-28 18:46:00;2024-12-28 19:21:00;35;4.03;6.91;86
VGM-000853;PAT-0018;USR-00261;Centro;Paranaguamirim;-26.307300944069045;-48.84928407054265;-26.33724765461101;-48.81091589892731;2024-11-09 11:24:00;2024-11-09 12:02:00;38;5.7;8.93;100
VGM-000854;PAT-0080;USR-00237;Itaum;Centro;-26.32601945710559;-48.81581760913325;-26.30597408917189;-48.84338709352595;2024-07-13 07:49:00;2024-07-13 08:02:00;13;7.12;10.14;63
VGM-000855;PAT-0035;USR-00058;Itaum;Centro;-26.332948603595177;-48.8239819631705;-26.30312331122841;-48.85100598754382;2024-06-20 10:10:00;2024-06-20 10:22:00;12;6.73;8.53;46
VGM-000856;PAT-0017;USR-00025;Jardim Iririú;Itaum;-26.271093122793364;-48.85994042092265;-26.3330798391526;-48.82172993231504;2024-04-01 07:26:00;2024-04-01 07:48:00;22;8.04;10.24;71
VGM-000857;PAT-0011;USR-00122;Paranaguamirim;América;-26.34463450332152;-48.81779147217037;-26.29453978980703;-48.84972041264657;2024-06-07 20:18:00;2024-06-07 21:01:00;43;5.78;8.7;94
VGM-000858;PAT-0071;USR-00190;Glória;Iririú;-26.3202793305489;-48.83461070036674;-26.270619358604318;-48.85724809788226;2024-04-02 09:57:00;2024-04-02 10:08:00;11;0.84;3.47;88
VGM-000859;PAT-0018;USR-00282;Saguaçu;Iririú;-26.284351588667374;-48.852639811817085;-26.270823527220955;-48.85090413304946;2024-04-13 06:39:00;2024-04-13 06:58:00;19;2.32;4.89;88
VGM-000860;PAT-0002;USR-00042;Paranaguamirim;Paranaguamirim;-26.344342913605715;-48.81824778227894;-26.336125310597872;-48.81366110538168;2024-01-07 20:31:00;2024-01-07 21:05:00;34;1.46;4.09;33
VGM-000861;PAT-0002;USR-00189;Glória;América;-26.31724472383305;-48.826332296454936;-26.289745665498334;-48.85528093282684;2024-10-05 06:38:00;2024-10-05 07:12:00;34;8.18;11.8;68
VGM-000862;PAT-0053;USR-00207;Bucarein;Centro;-26.298467111652517;-48.84417521256023;-26.30131731788784;-48.84210994411165;2024-05-01 12:37:00;2024-05-01 13:22:00;45;4.32;6.81;57
VGM-000863;PAT-0037;USR-00175;Itaum;Paranaguamirim;-26.329756097306724;-48.81549540829425;-26.344309630630885;-48.81042233341824;2024-08-31 20:26:00;2024-08-31 20:57:00;31;6.81;8.6;94
VGM-000864;PAT-0017;USR-00261;Anita Garibaldi;Bucarein;-26.31259237253062;-48.83418377707011;-26.299652109581093;-48.84622287581608;2024-02-10 06:15:00;2024-02-10 06:53:00;38;0.64;3.12;88
VGM-000865;PAT-0031;USR-00002;Glória;Iririú;-26.32099236939125;-48.83063385810231;-26.276862968752425;-48.85467639765138;2024-05-22 12:03:00;2024-05-22 12:17:00;14;0.78;3.32;23
VGM-000866;PAT-0049;USR-00246;América;Paranaguamirim;-26.290403596686918;-48.8501991116533;-26.338643546780474;-48.816966357177854;2024-03-16 07:41:00;2024-03-16 08:06:00;25;8.36;10.49;53
VGM-000867;PAT-0046;USR-00128;Paranaguamirim;Bucarein;-26.343447597540692;-48.81483301614774;-26.29944042226529;-48.84307160923518;2024-01-19 10:54:00;2024-01-19 10:59:00;5;4.24;7.29;57
VGM-000868;PAT-0068;USR-00202;Itaum;Anita Garibaldi;-26.333180718695047;-48.81741223746243;-26.315514932183564;-48.83820348782045;2024-12-07 15:21:00;2024-12-07 15:29:00;8;7.22;9.12;60
VGM-000869;PAT-0031;USR-00035;Anita Garibaldi;Paranaguamirim;-26.308382143789867;-48.83717503934027;-26.339035329245863;-48.81421927897988;2024-01-26 09:26:00;2024-01-26 09:40:00;14;5.71;7.38;21
VGM-000870;PAT-0038;USR-00154;Bucarein;Itaum;-26.293538845378663;-48.843469496084;-26.32685616079331;-48.815420206467515;2024-03-23 15:39:00;2024-03-23 16:24:00;45;6.49;10.22;97
VGM-000871;PAT-0037;USR-00038;Itaum;Bucarein;-26.3312669068372;-48.816059056974666;-26.299178765055398;-48.841969273997286;2024-12-20 11:29:00;2024-12-20 12:09:00;40;5.15;7.47;41
VGM-000872;PAT-0071;USR-00278;Saguaçu;Glória;-26.287292553268564;-48.84353543486849;-26.323677312849014;-48.834170854186056;2024-07-03 07:05:00;2024-07-03 07:27:00;22;7.25;9.98;85
VGM-000873;PAT-0037;USR-00039;Centro;Anita Garibaldi;-26.302960004567613;-48.842274417725136;-26.31503311802687;-48.83379998666523;2024-06-14 17:57:00;2024-06-14 18:24:00;27;1.05;3.45;70
VGM-000874;PAT-0058;USR-00178;Bucarein;Iririú;-26.298912658289016;-48.84280552006042;-26.277625166948305;-48.85659777005549;2024-02-04 19:53:00;2024-02-04 20:31:00;38;5.67;8.43;21
VGM-000875;PAT-0024;USR-00154;Itaum;Iririú;-26.334746136443396;-48.81719634496993;-26.277001024070053;-48.85144074810408;2024-02-03 15:30:00;2024-02-03 15:41:00;11;7.78;11.49;61
VGM-000876;PAT-0044;USR-00075;Anita Garibaldi;Itaum;-26.31543847402634;-48.83523664266699;-26.328572049294934;-48.82065321851684;2024-03-03 14:21:00;2024-03-03 14:57:00;36;4.92;7.83;41
VGM-000877;PAT-0002;USR-00193;Paranaguamirim;Bucarein;-26.337840277711525;-48.815024601478534;-26.29699054515462;-48.845071603910576;2024-07-30 22:13:00;2024-07-30 22:29:00;16;6.06;7.97;35
VGM-000878;PAT-0019;USR-00130;Saguaçu;Paranaguamirim;-26.2834107605809;-48.85095319890942;-26.33803920138433;-48.818088943773084;2024-11-09 07:06:00;2024-11-09 07:45:00;39;4.58;7.27;24
VGM-000879;PAT-0011;USR-00116;América;Bucarein;-26.295729040074967;-48.85008869696741;-26.299374980154685;-48.839312358192785;2024-11-18 22:05:00;2024-11-18 22:38:00;33;6.51;7.71;40
VGM-000880;PAT-0050;USR-00198;Jardim Iririú;Centro;-26.27078027838067;-48.863138641022466;-26.301160023481202;-48.84854412401693;2024-12-18 15:27:00;2024-12-18 16:08:00;41;5.57;7.21;71
VGM-000881;PAT-0001;USR-00198;Jardim Iririú;Centro;-26.27068925203412;-48.86168435300933;-26.307359123388444;-48.843527666058414;2024-06-11 14:33:00;2024-06-11 15:12:00;39;2.62;5.22;37
VGM-000882;PAT-0030;USR-00030;Iririú;Centro;-26.27328107256401;-48.851449697983796;-26.30470959252482;-48.849141126892334;2024-11-15 17:59:00;2024-11-15 18:10:00;11;1.41;4.05;78
VGM-000883;PAT-0018;USR-00262;Itaum;Paranaguamirim;-26.334802894622456;-48.82292924190789;-26.336990612784586;-48.816783136312985;2024-11-10 21:33:00;2024-11-10 22:16:00;43;6.56;9.56;25
VGM-000884;PAT-0065;USR-00212;Itaum;América;-26.33395891418015;-48.82428841714827;-26.294198413522675;-48.851345130275604;2024-09-11 21:51:00;2024-09-11 22:05:00;14;2.7;5.28;70
VGM-000885;PAT-0080;USR-00110;Anita Garibaldi;Paranaguamirim;-26.309000839146268;-48.83930992407387;-26.343901368862593;-48.81056804150306;2024-11-08 13:45:00;2024-11-08 14:06:00;21;5.44;8.62;71
VGM-000886;PAT-0076;USR-00204;Centro;Itaum;-26.30761455337946;-48.84179215479497;-26.32616316032312;-48.81568268575246;2024-04-09 06:07:00;2024-04-09 06:11:00;4;3.61;6.23;57
VGM-000887;PAT-0018;USR-00271;Iririú;Jardim Iririú;-26.27347253892148;-48.854930795620376;-26.26957070337241;-48.86293128124578;2024-08-26 09:47:00;2024-08-26 10:03:00;16;3.39;6.52;90
VGM-000888;PAT-0058;USR-00164;Itaum;Centro;-26.33261817218953;-48.82090587928183;-26.30256129875091;-48.847617809587575;2024-11-11 19:26:00;2024-11-11 19:31:00;5;4.32;6.39;97
VGM-000889;PAT-0035;USR-00249;Bucarein;Anita Garibaldi;-26.302005586072404;-48.83889121418992;-26.316746513957362;-48.838506006115466;2024-06-19 17:35:00;2024-06-19 18:18:00;43;4.33;7.2;27
VGM-000890;PAT-0015;USR-00166;Glória;Glória;-26.322568278090007;-48.826641740720895;-26.318099531115905;-48.829900149206864;2024-04-18 06:40:00;2024-04-18 06:55:00;15;2.94;5.12;22
VGM-000891;PAT-0080;USR-00056;América;Glória;-26.288777330681445;-48.85267808966884;-26.32183898688453;-48.83039417449305;2024-12-19 15:16:00;2024-12-19 15:23:00;7;4.27;6.34;89
VGM-000892;PAT-0038;USR-00256;América;Centro;-26.287443035318937;-48.84906381942526;-26.308842591464128;-48.842192398375495;2024-06-06 15:32:00;2024-06-06 16:10:00;38;3.49;5.36;42
VGM-000893;PAT-0024;USR-00249;América;Bucarein;-26.28769780135433;-48.84828877184148;-26.296901872384517;-48.83769994622209;2024-06-14 06:07:00;2024-06-14 06:31:00;24;4.38;6.13;54
VGM-000894;PAT-0037;USR-00035;Iririú;Bucarein;-26.276028164703813;-48.85345349313134;-26.300591961839267;-48.843164326089926;2024-06-23 18:46:00;2024-06-23 19:25:00;39;6.75;8.97;88
VGM-000895;PAT-0035;USR-00133;Saguaçu;Centro;-26.283319148634295;-48.851484049252;-26.305531927579484;-48.846282620569816;2024-11-11 06:53:00;2024-11-11 07:07:00;14;2.65;5.64;52
VGM-000896;PAT-0037;USR-00200;Iririú;Glória;-26.27795015704584;-48.85124116916483;-26.324194191877137;-48.826037637508534;2024-04-09 16:53:00;2024-04-09 17:17:00;24;5.91;7.88;65
VGM-000897;PAT-0014;USR-00188;Centro;América;-26.30646852269739;-48.845809054472646;-26.29452836748905;-48.84793292192255;2024-12-10 21:58:00;2024-12-10 22:31:00;33;0.75;3.13;86
VGM-000898;PAT-0009;USR-00015;Bucarein;Itaum;-26.294036641814788;-48.8441752757363;-26.33202022764504;-48.824963436886556;2024-01-19 10:30:00;2024-01-19 10:42:00;12;7.12;8.2;33
VGM-000899;PAT-0031;USR-00257;Glória;Itaum;-26.32486998076489;-48.83074771814562;-26.334102404994397;-48.82179940435817;2024-11-17 20:57:00;2024-11-17 21:34:00;37;1.84;4.13;48
VGM-000900;PAT-0054;USR-00016;Anita Garibaldi;Anita Garibaldi;-26.316144914691456;-48.839624289096015;-26.30789173735314;-48.83578225758064;2024-06-20 20:50:00;2024-06-20 21:19:00;29;1.03;3.37;20
VGM-000901;PAT-0008;USR-00272;Paranaguamirim;Glória;-26.34292113744854;-48.818721331987774;-26.32493952956816;-48.83270283716317;2024-01-29 22:19:00;2024-01-29 22:58:00;39;7.62;-1.0;91
VGM-000902;PAT-0046;USR-00278;América;América;-26.295734677961264;-48.84834453249484;-26.291161397811358;-48.85400428384104;2024-12-13 16:35:00;2024-12-13 17:12:00;37;6.43;8.71;89
VGM-000903;PAT-0022;USR-00117;América;América;-26.2941856456491;-48.855999883652444;-26.294767525418674;-48.85562215493404;2024-01-10 12:36:00;2024-01-10 13:00:00;24;4.98;7.16;93
VGM-000904;PAT-0013;USR-00083;Bucarein;América;-26.2971695843903;-48.842834341715175;-26.292923209105222;-48.8495663027493;2024-06-30 08:09:00;2024-06-30 08:29:00;20;1.72;4.18;91
VGM-000905;PAT-0069;USR-00170;Saguaçu;Paranaguamirim;-26.285785754494075;-48.847774898189144;-26.335739404401817;-48.81737489709516;2024-01-16 16:24:00;2024-01-16 17:07:00;43;2.87;4.96;44
VGM-000906;PAT-0043;USR-00192;Centro;Itaum;-26.300473282889232;-48.850653655799995;-26.33338305446726;-48.82447652821569;2024-09-30 11:36:00;2024-09-30 12:17:00;41;0.69;3.23;25
VGM-000907;PAT-0002;USR-00276;Glória;Centro;-26.316825564382615;-48.82526921837027;-26.299741676802817;-48.84889020689472;2024-07-18 11:38:00;2024-07-18 11:48:00;10;0.53;2.95;62
VGM-000908;PAT-0003;USR-00289;Bucarein;Centro;-26.29958182648302;-48.844738746687504;-26.307342056230105;-48.84318086047164;2024-06-06 16:45:00;2024-06-06 16:50:00;5;8.23;10.3;81
VGM-000909;PAT-0004;USR-00255;Paranaguamirim;Paranaguamirim;-26.34240576566569;-48.81695801280363;-26.33758433891533;-48.81148510818353;2024-05-19 19:05:00;2024-05-19 19:39:00;34;3.46;6.62;59
VGM-000910;PAT-0025;USR-00217;Bucarein;Saguaçu;-26.299203075918324;-48.84396057487745;-26.284533227351027;-48.848169337548065;2024-05-01 17:28:00;2024-05-01 17:50:00;22;3.18;5.53;89
VGM-000911;PAT-0035;USR-00076;Centro;Anita Garibaldi;-26.303497050574855;-48.848895833378826;-26.308155212724035;-48.83583929329591;2024-04-20 22:19:00;2024-04-20 22:33:00;14;4.71;7.25;90
VGM-000912;PAT-0036;USR-00025;Bucarein;América;-26.30031936359177;-48.84698526177914;-26.290460067444968;-48.84622146306498;2024-02-27 17:50:00;2024-02-27 17:55:00;5;7.05;8.92;50
VGM-000913;PAT-0037;USR-00198;Glória;Saguaçu;-26.31875851092151;-48.82770655205912;-26.284654407808436;-48.85099435340412;2024-04-13 08:28:00;2024-04-13 09:03:00;35;5.91;8.8;99
VGM-000914;PAT-0010;USR-00131;América;Itaum;-26.291905883478087;-48.84633154500201;-26.333045419996314;-48.822846407171454;2024-01-13 21:57:00;2024-01-13 22:32:00;35;3.86;6.91;96
VGM-000915;PAT-0028;USR-00218;Saguaçu;Bucarein;-26.28447952819148;-48.85075706516715;-26.30133770637948;-48.844081328229635;2024-03-19 12:21:00;2024-03-19 12:54:00;33;4.47;6.34;80
VGM-000916;PAT-0030;USR-00053;Saguaçu;Saguaçu;-26.285638734708648;-48.846369528081965;-26.280835108488844;-48.85127242681719;2024-09-25 15:49:00;2024-09-25 16:12:00;23;7.26;9.44;53
VGM-000917;PAT-0062;USR-00186;Centro;Glória;-26.306455342404583;-48.84378103673042;-26.3217216180115;-48.83120634401796;2024-03-14 09:52:00;2024-03-14 10:28:00;36;4.47;6.41;33
VGM-000918;PAT-0054;USR-00209;Saguaçu;Iririú;-26.280515466930378;-48.84451574620909;-26.27627917745037;-48.8508916577301;2024-12-12 10:13:00;2024-12-12 10:18:00;5;5.89;8.78;90
VGM-000919;PAT-0002;USR-00170;Jardim Iririú;Itaum;-26.265363942058404;-48.86077370802986;-26.327401763415715;-48.81884652159371;2024-08-23 18:45:00;2024-08-23 19:21:00;36;0.67;3.29;64
VGM-000920;PAT-0075;USR-00059;Centro;Paranaguamirim;-26.307998868242336;-48.8481706909436;-26.34161176517577;-48.81588053451387;2024-02-29 06:19:00;2024-02-29 06:24:00;5;2.06;4.35;73
VGM-000921;PAT-0008;USR-00286;Centro;Centro;-26.30071532024102;-48.847947048659776;-26.29987937553361;-48.84185589205429;2024-12-17 08:21:00;2024-12-17 08:53:00;32;4.05;6.53;50
VGM-000922;PAT-0078;USR-00186;Iririú;Glória;-26.275125688017503;-48.852873786669015;-26.31762072231001;-48.83451535767524;2024-01-24 09:33:00;2024-01-24 10:18:00;45;1.82;4.16;21
VGM-000923;PAT-0011;USR-00094;América;Glória;-26.287054477731058;-48.847832205334946;-26.319025707574266;-48.83289723822098;2024-06-08 06:36:00;2024-06-08 06:58:00;22;2.12;4.24;39
VGM-000924;PAT-0004;USR-00115;Glória;Jardim Iririú;-26.31700144744053;-48.833183860322436;-26.264191048394554;-48.85934111394898;2024-11-23 12:20:00;2024-11-23 12:35:00;15;2.93;4.85;77
VGM-000925;PAT-0038;USR-00107;Centro;Bucarein;-26.30514786495531;-48.84749058991842;-26.302503940916502;-48.840844473768065;2024-04-08 15:17:00;2024-04-08 15:54:00;37;6.16;8.57;67
VGM-000926;PAT-0054;USR-00017;Iririú;América;-26.279775306916797;-48.85098059803251;-26.29342937307811;-48.85560442493437;2024-06-12 20:42:00;2024-06-12 20:52:00;10;4.36;6.1;21
VGM-000927;PAT-0044;USR-00236;Glória;Glória;-26.322313226406152;-48.82693306480305;-26.32034963665779;-48.83096961242093;2024-05-19 10:10:00;2024-05-19 10:30:00;20;4.98;8.25;26
VGM-000928;PAT-0065;USR-00035;Itaum;Saguaçu;-26.32958365785339;-48.81515141597237;-26.287730214605286;-48.84650846035169;2024-02-28 06:39:00;2024-02-28 07:17:00;38;5.33;6.89;20
VGM-000929;PAT-0042;USR-00187;Paranaguamirim;Jardim Iririú;-26.33866521780174;-48.812457517403175;-26.26556094812698;-48.858019294535964;2024-09-20 09:13:00;2024-09-20 09:50:00;37;0.67;3.16;47
VGM-000930;PAT-0011;USR-00047;Bucarein;Itaum;-26.300421123145668;-48.84306804798972;-26.32580791968946;-48.81861860097484;2024-06-28 16:17:00;2024-06-28 16:29:00;12;3.43;5.64;25
VGM-000931;PAT-0024;USR-00058;Iririú;Glória;-26.27860643925927;-48.85409362166005;-26.32076229880069;-48.83179436775639;2024-12-26 15:36:00;2024-12-26 15:54:00;18;7.68;9.91;64
VGM-000932;PAT-0003;USR-00260;Itaum;Itaum;-26.326650697632004;-48.818389857457525;-26.33157867399888;-48.82406479876402;2024-03-28 08:19:00;2024-03-28 09:01:00;42;1.25;3.94;69
VGM-000933;PAT-0002;USR-00273;Iririú;América;-26.270155978192964;-48.859215441836824;-26.286384492678625;-48.851728875535805;2024-06-22 20:03:00;2024-06-22 20:14:00;11;2.68;4.79;71
VGM-000934;PAT-0074;USR-00170;Anita Garibaldi;Bucarein;-26.311743098176976;-48.834555030408964;-26.298551475671722;-48.84571245562632;2024-01-15 21:57:00;2024-01-15 22:03:00;6;7.72;9.54;33
VGM-000935;PAT-0063;USR-00055;América;Itaum;-26.29428320714152;-48.84890679171527;-26.330109515995506;-48.815523763414795;2024-02-24 18:03:00;2024-02-24 18:11:00;8;5.71;8.04;95
VGM-000936;PAT-0024;USR-00001;Iririú;Paranaguamirim;-26.277276926734803;-48.858326786959985;-26.34148350127658;-48.81524829133977;2024-08-06 18:11:00;2024-08-06 18:52:00;41;7.81;8.79;96
VGM-000937;PAT-0054;USR-00017;Itaum;Glória;-26.334816093234522;-48.817193682825746;-26.315904515269878;-48.83182740825643;2024-10-30 20:39:00;2024-10-30 21:04:00;25;3.01;5.85;65
VGM-000938;PAT-0022;USR-00060;Paranaguamirim;Jardim Iririú;-26.335857011934394;-48.81416227219486;-26.267310445167183;-48.85733695928881;2024-06-08 16:52:00;2024-06-08 17:07:00;15;1.75;4.27;46
VGM-000939;PAT-0049;USR-00199;América;Glória;-26.2948224891711;-48.846477782143026;-26.317378254128183;-48.83002051407418;2024-12-09 08:59:00;2024-12-09 09:31:00;32;3.5;6.12;22
VGM-000940;PAT-0076;USR-00075;Paranaguamirim;Paranaguamirim;-26.339234835244856;-48.81957577701793;-26.336881932816492;-48.816899659759876;2024-10-17 10:05:00;2024-10-17 10:37:00;32;2.17;4.54;65
VGM-000941;PAT-0050;USR-00221;Anita Garibaldi;Paranaguamirim;-26.31425944779313;-48.83734673862445;-26.341581509580827;-48.81188032257609;2024-02-19 20:19:00;2024-02-19 21:03:00;44;7.82;10.77;69
VGM-000942;PAT-0008;USR-00102;Centro;Bucarein;-26.303858219974842;-48.845184461207005;-26.298663056686795;-48.838328478489984;2024-12-29 20:30:00;2024-12-29 20:47:00;17;3.6;6.03;57
VGM-000943;PAT-0071;USR-00193;Saguaçu;Itaum;-26.28348579611648;-48.85003440087794;-26.326515282255937;-48.818269918337116;2024-04-24 10:55:00;2024-04-24 11:37:00;42;1.58;4.2;32
VGM-000944;PAT-0053;USR-00043;Itaum;Centro;-26.326702581962927;-48.817855758359286;-26.305767446483244;-48.85073035577593;2024-05-12 17:25:00;2024-05-12 17:39:00;14;5.21;7.24;91
VGM-000945;PAT-0075;USR-00228;Jardim Iririú;Jardim Iririú;-26.270935787282394;-48.85740994717478;-26.265060648665482;-48.859336771198336;2024-12-24 16:50:00;2024-12-24 17:13:00;23;5.4;7.85;53
VGM-000946;PAT-0069;USR-00079;Saguaçu;Itaum;-26.289890041713416;-48.85197484035933;-26.325590076774255;-48.81736705088003;2024-08-20 21:01:00;2024-08-20 21:08:00;7;2.42;4.81;92
VGM-000947;PAT-0071;USR-00046;Centro;Iririú;-26.308031143699314;-48.84606145535793;-26.27376789626932;-48.85863496987916;2024-08-31 09:22:00;2024-08-31 09:55:00;33;7.86;9.29;44
VGM-000948;PAT-0062;USR-00237;Glória;Paranaguamirim;-26.31599981358152;-48.829911094444086;-26.33758372712548;-48.817713292486154;2024-08-24 11:18:00;2024-08-24 11:43:00;25;5.88;7.72;76
VGM-000949;PAT-0069;USR-00053;Anita Garibaldi;América;-26.308261099224374;-48.836307192297845;-26.287949026879588;-48.84717504894932;2024-11-05 10:32:00;2024-11-05 10:41:00;9;6.12;9.61;89
VGM-000950;PAT-0025;USR-00023;Anita Garibaldi;Jardim Iririú;-26.311025868978298;-48.830670751374306;-26.264549603511036;-48.86479878278147;2024-07-26 09:20:00;2024-07-26 09:58:00;38;7.7;8.71;57
VGM-000951;PAT-0053;USR-00087;Jardim Iririú;Bucarein;-26.266994831395664;-48.856724936801264;-26.29904946662143;-48.839472728621736;2024-11-28 08:50:00;2024-11-28 09:12:00;22;2.84;5.04;75
VGM-000952;PAT-0001;USR-00032;América;Saguaçu;-26.289349633254538;-48.8490279061809;-26.28948736540824;-48.84826226707486;2024-09-29 20:25:00;2024-09-29 21:05:00;40;8.01;10.46;77
VGM-000953;PAT-0029;USR-00095;América;Centro;-26.294246287213767;-48.84885673364265;-26.305381237287634;-48.84673227841161;2024-07-30 13:39:00;2024-07-30 13:57:00;18;5.66;7.52;92
VGM-000954;PAT-0022;USR-00095;Bucarein;Itaum;-26.29385588054075;-48.84238283856187;-26.328262437702158;-48.82492903467505;2024-10-07 11:30:00;2024-10-07 11:57:00;27;7.79;11.69;26
VGM-000955;PAT-0065;USR-00174;Bucarein;Bucarein;-26.298812294751077;-48.83779005478903;-26.29849649614219;-48.83880601769033;2024-02-03 16:13:00;2024-02-03 16:53:00;40;3.66;6.17;84
VGM-000956;PAT-0071;USR-00095;Anita Garibaldi;Jardim Iririú;-26.313168614717505;-48.833054045727465;-26.265510368491398;-48.861401750993636;2024-08-08 19:36:00;2024-08-08 20:00:00;24;0.38;2.95;81
VGM-000957;PAT-0008;USR-00235;Anita Garibaldi;Iririú;-26.311810822947173;-48.83271018938344;-26.27643017570531;-48.85459234368699;2024-10-05 13:11:00;2024-10-05 13:56:00;45;7.05;8.45;22
VGM-000958;PAT-0029;USR-00075;Paranaguamirim;Jardim Iririú;-26.34453034033225;-48.811383090962124;-26.26665255858896;-48.85822699313664;2024-12-08 08:47:00;2024-12-08 09:26:00;39;3.39;6.19;35
VGM-000959;PAT-0078;USR-00263;Paranaguamirim;Saguaçu;-26.343337166312438;-48.817259284106576;-26.288135801951462;-48.84597370423562;2024-09-06 09:37:00;2024-09-06 10:18:00;41;7.21;9.77;87
VGM-000960;PAT-0017;USR-00045;Saguaçu;América;-26.282619663835735;-48.84492929096133;-26.28850630563355;-48.84644019941174;2024-08-25 16:35:00;2024-08-25 16:44:00;9;1.85;4.49;80
VGM-000961;PAT-0003;USR-00271;Paranaguamirim;Glória;-26.344172013320748;-48.818047593970434;-26.31954304031187;-48.82968660046763;2024-08-15 11:19:00;2024-08-15 11:47:00;28;6.69;8.58;40
VGM-000962;PAT-0024;USR-00190;Iririú;Iririú;-26.273968478905335;-48.85654658047755;-26.277959356114533;-48.85600280449025;2024-02-05 09:43:00;2024-02-05 10:24:00;41;2.38;5.03;73
VGM-000963;PAT-0061;USR-00271;Jardim Iririú;Anita Garibaldi;-26.270546508903188;-48.8616438954573;-26.314080888265025;-48.83046296373509;2024-07-13 16:31:00;2024-07-13 17:15:00;44;0.39;2.94;24
VGM-000964;PAT-0058;USR-00039;Anita Garibaldi;América;-26.31310704385958;-48.83021474531611;-26.288513912914183;-48.84957889764974;2024-12-04 07:05:00;2024-12-04 07:21:00;16;5.98;9.07;23
VGM-000965;PAT-0045;USR-00024;Iririú;América;-26.277113062632292;-48.851434627762515;-26.291173987643386;-48.85301849643724;2024-03-12 06:48:00;2024-03-12 07:00:00;12;0.64;3.02;34
VGM-000966;PAT-0003;USR-00148;Glória;Paranaguamirim;-26.32144327283535;-48.827988301384096;-26.34283968559607;-48.81873535754596;2024-12-04 10:28:00;2024-12-04 11:05:00;37;6.59;9.27;100
VGM-000967;PAT-0080;USR-00126;Iririú;Anita Garibaldi;-26.272809540948156;-48.852729432383846;-26.3073272880963;-48.83157445498535;2024-05-29 18:39:00;2024-05-29 19:18:00;39;1.36;4.07;46
VGM-000968;PAT-0054;USR-00208;Saguaçu;Bucarein;-26.28702878284377;-48.847379272055974;-26.29584874980183;-48.84337818397206;2024-08-16 12:13:00;2024-08-16 12:36:00;23;5.95;7.83;74
VGM-000969;PAT-0028;USR-00217;Itaum;Jardim Iririú;-26.32933595359703;-48.81552909332891;-26.2634286516746;-48.858395302786356;2024-06-02 15:58:00;2024-06-02 16:28:00;30;0.88;3.3;67
VGM-000970;PAT-0063;USR-00257;Centro;Saguaçu;-26.30463949597801;-48.84623741247118;-26.285728949546396;-48.84829183580634;2024-06-25 08:37:00;2024-06-25 08:40:00;3;1.24;3.89;35
VGM-000971;PAT-0058;USR-00068;Itaum;Bucarein;-26.32836328834637;-48.821194822901305;-26.29824899659308;-48.845010702202046;2024-11-09 22:25:00;2024-11-09 22:36:00;11;1.6;4.26;26
VGM-000972;PAT-0044;USR-00255;Bucarein;América;-26.29363170260675;-48.84536964663068;-26.28702044783815;-48.849983133913796;2024-05-30 07:23:00;2024-05-30 08:01:00;38;6.79;9.75;49
VGM-000973;PAT-0035;USR-00003;Bucarein;Anita Garibaldi;-26.295674279027896;-48.83913794347739;-26.311749506597547;-48.8393931693105;2024-01-28 06:45:00;2024-01-28 07:23:00;38;0.85;3.37;54
VGM-000974;PAT-0078;USR-00240;Saguaçu;Itaum;-26.287850596214092;-48.84565556067924;-26.32792721088094;-48.82086657540129;2024-07-02 09:55:00;2024-07-02 10:16:00;21;4.7;7.41;57
VGM-000975;PAT-0058;USR-00043;Saguaçu;Saguaçu;-26.289688168649388;-48.84915644961476;-26.287478271225044;-48.84753385060336;2024-01-16 13:27:00;2024-01-16 14:07:00;40;1.67;4.37;58
VGM-000976;PAT-0046;USR-00265;América;Jardim Iririú;-26.293377359557002;-48.8557480658604;-26.268532735312974;-48.860639530258815;2024-07-20 16:45:00;2024-07-20 17:12:00;27;6.37;8.95;52
VGM-000977;PAT-0044;USR-00228;Anita Garibaldi;Paranaguamirim;-26.311049220692997;-48.83161002672282;-26.343765501341895;-48.812513278247486;2024-07-26 18:27:00;2024-07-26 19:04:00;37;8.13;9.6;36
VGM-000978;PAT-0062;USR-00265;Saguaçu;Saguaçu;-26.289485741865157;-48.85288582016546;-26.28794019964123;-48.84472075045455;2024-04-18 11:30:00;2024-04-18 11:41:00;11;6.16;8.65;96
VGM-000979;PAT-0020;USR-00004;Jardim Iririú;Bucarein;-26.268036337527988;-48.85796300220371;-26.30299056584732;-48.83928756925967;2024-04-06 18:53:00;2024-04-06 19:19:00;26;6.0;8.57;96
VGM-000980;PAT-0063;USR-00043;América;Centro;-26.29003157151083;-48.84629742890274;-26.309007349483515;-48.85081187052189;2024-08-01 10:18:00;2024-08-01 11:03:00;45;2.64;4.77;25
VGM-000981;PAT-0008;USR-00013;Centro;Jardim Iririú;-26.30605756109183;-48.84682338671852;-26.26322716176823;-48.86305871229554;2024-03-05 10:00:00;2024-03-05 10:07:00;7;2.65;4.64;70
VGM-000982;PAT-0018;USR-00230;Anita Garibaldi;Glória;-26.309290877962543;-48.83765026595004;-26.322576463048634;-48.82963392490736;2024-11-27 06:09:00;2024-11-27 06:43:00;34;7.32;10.61;81
VGM-000983;PAT-0042;USR-00074;Glória;Itaum;-26.323934017468662;-48.827951289899566;-26.32836689290496;-48.81565177959556;2024-12-02 19:08:00;2024-12-02 19:16:00;8;2.44;5.2;55
VGM-000984;PAT-0054;USR-00016;Paranaguamirim;Glória;-26.344248622182644;-48.81182871857984;-26.316609003012005;-48.82665043224948;2024-03-11 19:55:00;2024-03-11 20:27:00;32;6.54;8.83;63
VGM-000985;PAT-0038;USR-00094;América;Iririú;-26.288718112437966;-48.85053569683922;-26.27449339540763;-48.851574654916476;2024-12-22 19:39:00;2024-12-22 19:53:00;14;3.54;5.82;74
VGM-000986;PAT-0068;USR-00258;Jardim Iririú;Anita Garibaldi;-26.26804508683794;-48.85532964724744;-26.31546855499916;-48.836967918062406;2024-08-20 22:27:00;2024-08-20 23:05:00;38;7.56;10.0;91
VGM-000987;PAT-0011;USR-00254;América;Centro;-26.289115976035724;-48.85548331278342;-26.30211883562664;-48.846905521029214;2024-08-18 18:22:00;2024-08-18 18:39:00;17;1.96;4.21;71
VGM-000988;PAT-0036;USR-00052;Jardim Iririú;Iririú;-26.268651726613964;-48.85995204401696;-26.273997485899002;-48.85529294052684;2024-04-05 19:38:00;2024-04-05 19:41:00;3;1.01;3.6;67
VGM-000989;PAT-0034;USR-00077;Iririú;Saguaçu;-26.277535979667608;-48.85281546052677;-26.282687494106526;-48.8514262841665;2024-10-22 21:54:00;2024-10-22 22:12:00;18;7.24;10.38;41
VGM-000990;PAT-0058;USR-00045;Anita Garibaldi;Saguaçu;-26.308808976823258;-48.83137359528851;-26.28230253377143;-48.85268931869756;2024-12-30 22:17:00;2024-12-30 22:46:00;29;1.95;4.39;58
VGM-000991;PAT-0050;USR-00045;Glória;Itaum;-26.31700584121031;-48.83320744388092;-26.32524589632315;-48.815530971005394;2024-10-06 17:02:00;2024-10-06 17:07:00;5;4.55;7.41;24
VGM-000992;PAT-0074;USR-00259;Anita Garibaldi;Centro;-26.310053035291457;-48.83199996518236;-26.303664367199733;-48.84879287414337;2024-10-17 21:45:00;2024-10-17 22:11:00;26;0.59;3.04;68
VGM-000993;PAT-0027;USR-00155;América;Glória;-26.2932785486277;-48.85047292924281;-26.321583588873093;-48.83260051096276;2024-02-27 21:44:00;2024-02-27 21:52:00;8;4.23;6.22;38
VGM-000994;PAT-0010;USR-00177;Glória;Bucarein;-26.319097693331308;-48.831034463180096;-26.296515354430994;-48.84616620946231;2024-03-13 22:54:00;2024-03-13 23:14:00;20;1.21;3.66;36
VGM-000995;PAT-0036;USR-00124;Saguaçu;Paranaguamirim;-26.2863902610306;-48.85168284971421;-26.344315592907574;-48.81071492248056;2024-08-26 22:05:00;2024-08-26 22:41:00;36;0.61;3.19;34
VGM-000996;PAT-0034;USR-00043;Iririú;Jardim Iririú;-26.279084179266732;-48.85134704241091;-26.264026026816786;-48.8592026288506;2024-11-08 08:15:00;2024-11-08 08:48:00;33;3.48;6.12;61
VGM-000997;PAT-0010;USR-00254;Iririú;Paranaguamirim;-26.270826864245375;-48.8584272679182;-26.343806189886617;-48.81332963142874;2024-11-18 08:43:00;2024-11-18 09:26:00;43;0.99;3.52;64
VGM-000998;PAT-0014;USR-00037;América;Jardim Iririú;-26.29463181369081;-48.85290212140791;-26.269721571621144;-48.85588423112737;2024-10-03 15:39:00;2024-10-03 15:45:00;6;5.99;7.52;98
VGM-000999;PAT-0019;USR-00085;América;Iririú;-26.28649762646179;-48.853099544680376;-26.27184254619374;-48.85654379831099;2024-06-24 06:30:00;2024-06-24 07:02:00;32;0.85;3.34;96
VGM-001000;PAT-0044;USR-00130;Anita Garibaldi;Bucarein;-23.0;-43.0;-26.29702687621669;-48.84078492688862;2024-09-19 21:36:00;2024-09-19 22:00:00;24;3.87;5.9;75
VGM-001001;PAT-0027;USR-00259;Jardim Iririú;Iririú;-26.271148670711614;-48.85827297005791;-26.276063644797222;-48.85961200545271;2024-08-03 17:51:00;2024-08-03 18:12:00;21;3.34;5.5;81
VGM-001002;PAT-0004;USR-00067;Glória;Jardim Iririú;-26.319580990526216;-48.82703318602808;-26.26826564340625;-48.863132274717685;2024-05-28 11:02:00;2024-05-28 11:43:00;41;6.35;7.7;37
VGM-001003;PAT-0044;USR-00014;Jardim Iririú;Jardim Iririú;-26.26427054164124;-48.86249532101208;-26.26445452606798;-48.8566875419491;2024-06-04 14:03:00;2024-06-04 14:46:00;43;3.92;6.16;60
VGM-001004;PAT-0043;USR-00279;Glória;Paranaguamirim;-26.317677751135903;-48.82875125900393;-26.3415999561394;-48.81233231643662;2024-08-30 11:36:00;2024-08-30 11:42:00;6;6.61;9.03;74
VGM-001005;PAT-0053;USR-00275;Jardim Iririú;Paranaguamirim;-26.264934388521386;-48.859282540168564;-26.33630350315188;-48.816493573085424;2024-12-02 15:51:00;2024-12-02 16:33:00;42;5.74;7.65;42
VGM-001006;PAT-0025;USR-00045;Anita Garibaldi;América;-26.310412166332895;-48.83167169623212;-26.295118655690235;-48.852231893722255;2024-01-14 15:31:00;2024-01-14 15:39:00;8;4.43;6.63;43
VGM-001007;PAT-0022;USR-00178;América;América;-26.28907723435482;-48.84693912939519;-26.288232015627916;-48.850664455664464;2024-03-05 22:04:00;2024-03-05 22:24:00;20;8.29;9.89;43
VGM-001008;PAT-0020;USR-00034;Saguaçu;Itaum;-26.281508043484347;-48.85287843228522;-26.326524523669452;-48.82499758995315;2024-05-09 10:39:00;2024-05-09 10:59:00;20;6.6;10.31;35
VGM-001009;PAT-0017;USR-00147;Jardim Iririú;América;-26.27050331991141;-48.858259800809414;-26.29418182347163;-48.85358755663962;2024-05-20 14:00:00;2024-05-20 14:10:00;10;6.24;7.53;97
VGM-001010;PAT-0075;USR-00116;Centro;Itaum;-26.30450575036357;-48.85068164200881;-26.330696534676278;-48.82291768191392;2024-11-05 11:58:00;2024-11-05 12:38:00;40;0.66;3.05;21
VGM-001011;PAT-0029;USR-00016;Iririú;Anita Garibaldi;-26.277787905581803;-48.85451141334922;-26.315345002253366;-48.837495170532506;2024-03-18 20:23:00;2024-03-18 20:37:00;14;0.42;2.93;62
VGM-001012;PAT-0037;USR-00144;Glória;Centro;-26.315123319920033;-48.832123672709564;-26.302333958710058;-48.84314094157467;2024-05-13 13:31:00;2024-05-13 13:45:00;14;1.55;3.82;50
VGM-001013;PAT-0017;USR-00087;Itaum;Anita Garibaldi;-26.325559406603134;-48.82193223400478;-26.311646522319386;-48.83720326143454;2024-09-27 07:21:00;2024-09-27 07:29:00;8;7.35;9.59;47
VGM-001014;PAT-0019;USR-00138;Itaum;Paranaguamirim;-26.334605731886313;-48.821470414965475;-26.338646766532918;-48.818084786779494;2024-03-15 10:53:00;2024-03-15 11:27:00;34;2.36;4.43;57
VGM-001015;PAT-0074;USR-00068;Saguaçu;América;-26.282944248274845;-48.8467870755095;-26.29403513033044;-48.85095736539207;2024-07-30 18:15:00;2024-07-30 19:00:00;45;1.74;4.22;76
VGM-001016;PAT-0069;USR-00001;Anita Garibaldi;Anita Garibaldi;-26.307747516825845;-48.836659500343316;-26.314882541379475;-48.83134354963627;2024-08-13 11:13:00;2024-08-13 11:52:00;39;4.09;6.65;23
VGM-001017;PAT-0045;USR-00245;Jardim Iririú;Bucarein;-26.271194246548728;-48.8576730094941;-26.3025850267449;-48.844586502961626;2024-06-25 07:41:00;2024-06-25 08:00:00;19;7.69;10.92;53
VGM-001018;PAT-0065;USR-00298;Iririú;Jardim Iririú;-26.274320547694472;-48.85595472614426;-26.269779324648045;-48.86421463757207;2024-02-29 07:10:00;2024-02-29 07:42:00;32;0.76;3.14;83
VGM-001019;PAT-0054;USR-00022;Paranaguamirim;América;-26.33584511702412;-48.8193164679969;-26.290402553386663;-48.8524359526415;2024-07-23 21:19:00;2024-07-23 21:52:00;33;3.42;6.59;59
VGM-001020;PAT-0058;USR-00120;Saguaçu;Centro;-26.289660540214143;-48.84516240157516;-26.30082065086003;-48.84372348175435;2024-09-29 13:24:00;2024-09-29 13:51:00;27;8.06;10.72;81
VGM-001021;PAT-0027;USR-00259;Iririú;Itaum;-26.27302579732753;-48.85714241675407;-26.32833072552541;-48.81949309455305;2024-08-30 14:09:00;2024-08-30 14:45:00;36;4.45;7.34;69
VGM-001022;PAT-0054;USR-00284;Iririú;Jardim Iririú;-26.277026509926273;-48.855672331204005;-26.268646036766004;-48.85683206630426;2024-08-10 06:18:00;2024-08-10 06:49:00;31;2.15;4.41;58
VGM-001023;PAT-0053;USR-00215;América;Anita Garibaldi;-26.286756038046235;-48.84914556116778;-26.30746879885606;-48.830404078523905;2024-07-14 16:33:00;2024-07-14 16:38:00;5;5.44;7.32;89
VGM-001024;PAT-0011;USR-00081;Itaum;Paranaguamirim;-26.325289417548344;-48.821675438428514;-26.33780754799424;-48.81207337523248;2024-02-19 17:54:00;2024-02-19 18:24:00;30;3.05;5.39;56
VGM-001025;PAT-0061;USR-00299;Paranaguamirim;Jardim Iririú;-26.335557335108867;-48.81943414343853;-26.263698347971374;-48.85896196921156;2024-11-08 14:21:00;2024-11-08 14:41:00;20;6.21;7.56;61
VGM-001026;PAT-0038;USR-00155;Jardim Iririú;Anita Garibaldi;-26.268257857833426;-48.86126078952987;-26.31172412026728;-48.835066584119474;2024-05-16 09:16:00;2024-05-16 10:00:00;44;0.51;2.91;67
VGM-001027;PAT-0080;USR-00162;Glória;Paranaguamirim;-26.316379573490106;-48.825555514173054;-26.342410957252067;-48.819599309136514;2024-10-26 18:29:00;2024-10-26 18:47:00;18;3.91;6.55;96
VGM-001028;PAT-0001;USR-00163;Centro;Itaum;-26.30095450601465;-48.844782656027014;-26.33447173313635;-48.81515678021186;2024-12-10 12:33:00;2024-12-10 12:57:00;24;7.22;8.62;48
VGM-001029;PAT-0008;USR-00124;Saguaçu;Itaum;-26.286808995267567;-48.84628520851333;-26.32773915148516;-48.82116518877425;2024-12-12 11:20:00;2024-12-12 11:58:00;38;5.23;7.27;96
VGM-001030;PAT-0071;USR-00138;Centro;Centro;-26.301110845258496;-48.844877178463626;-26.308186970019946;-48.849677717860835;2024-01-06 06:53:00;2024-01-06 07:00:00;7;2.66;5.25;75
VGM-001031;PAT-0024;USR-00211;Bucarein;Glória;-26.302629923652844;-48.84501007861041;-26.32197224871728;-48.82833291144603;2024-01-07 19:06:00;2024-01-07 19:42:00;36;1.62;4.09;61
VGM-001032;PAT-0015;USR-00035;Paranaguamirim;América;-26.33903730121518;-48.81581666135897;-26.29067529092116;-48.85315711710904;2024-02-23 20:22:00;2024-02-23 20:39:00;17;4.79;6.73;41
VGM-001033;PAT-0037;USR-00219;Centro;Itaum;-26.307099911627123;-48.84369060201637;-26.3293558341222;-48.81914221729069;2024-05-25 14:12:00;2024-05-25 14:17:00;5;2.9;5.22;32
VGM-001034;PAT-0065;USR-00193;Anita Garibaldi;Glória;-26.31579433114223;-48.83898627102447;-26.31899416803013;-48.82913232092155;2024-01-13 08:03:00;2024-01-13 08:44:00;41;1.21;3.58;49
VGM-001035;PAT-0013;USR-00078;América;Glória;-26.295230467983707;-48.8532214722391;-26.323337446696502;-48.83054270179097;2024-12-02 12:38:00;2024-12-02 13:21:00;43;0.83;3.2;88
VGM-001036;PAT-0002;USR-00045;Glória;Paranaguamirim;-26.318037112241218;-48.83223680891534;-26.341202625951784;-48.811638813844546;2024-03-03 09:05:00;2024-03-03 09:46:00;41;4.55;7.61;48
VGM-001037;PAT-0019;USR-00277;Itaum;Iririú;-26.33160125036232;-48.82067981072406;-26.273828057728828;-48.857350329384445;2024-03-07 18:42:00;2024-03-07 19:26:00;44;0.44;2.99;60
VGM-001038;PAT-0042;USR-00028;Anita Garibaldi;Saguaçu;-26.309752332284713;-48.83019631259058;-26.280301811353663;-48.84851367408382;2024-10-16 11:57:00;2024-10-16 12:07:00;10;6.21;8.8;20
VGM-001039;PAT-0004;USR-00246;Saguaçu;Iririú;-26.289346436592012;-48.85232497453316;-26.272723688623003;-48.854623078714084;2024-12-22 11:16:00;2024-12-22 11:37:00;21;6.24;9.06;82
VGM-001040;PAT-0045;USR-00006;Itaum;Saguaçu;-26.331847096621694;-48.81981299005619;-26.28077396242906;-48.84636375279233;2024-08-27 08:40:00;2024-08-27 09:12:00;32;2.94;5.75;30
VGM-001041;PAT-0042;USR-00234;América;Anita Garibaldi;-26.290605087076248;-48.854206353179876;-26.30937787941686;-48.83216028149494;2024-05-21 19:44:00;2024-05-21 20:29:00;45;0.62;3.01;37
VGM-001042;PAT-0049;USR-00055;Bucarein;Anita Garibaldi;-26.29509276835161;-48.8372932345459;-26.311082830311076;-48.83605192717122;2024-06-14 14:10:00;2024-06-14 14:17:00;7;7.69;10.77;56
VGM-001043;PAT-0015;USR-00216;Itaum;Glória;-26.33181247497068;-48.82386696495273;-26.323079766308638;-48.828539530559034;2024-05-21 07:24:00;2024-05-21 07:51:00;27;5.91;8.51;62
VGM-001044;PAT-0010;USR-00032;Jardim Iririú;Paranaguamirim;-26.26674108623563;-48.86096398997638;-26.338333143481076;-48.81849389046931;2024-06-19 07:16:00;2024-06-19 07:35:00;19;0.35;2.87;64
VGM-001045;PAT-0009;USR-00147;América;Bucarein;-26.28714022251764;-48.84862115015165;-26.2967662043404;-48.83767351899457;2024-04-01 20:04:00;2024-04-01 20:38:00;34;0.33;2.86;47
VGM-001046;PAT-0036;USR-00245;Iririú;Saguaçu;-26.273841368118177;-48.852954455719726;-26.283975308295428;-48.84916941193579;2024-04-12 18:11:00;2024-04-12 18:55:00;44;0.78;3.13;33
VGM-001047;PAT-0004;USR-00294;Jardim Iririú;Iririú;-26.270670405252464;-48.86077271363106;-26.275102141320115;-48.85270478578023;2024-09-08 09:09:00;2024-09-08 09:46:00;37;3.48;6.46;41
VGM-001048;PAT-0015;USR-00246;Jardim Iririú;Paranaguamirim;-26.272755992184436;-48.861534758320474;-26.339713433960107;-48.81979658918117;2024-08-08 12:39:00;2024-08-08 13:23:00;44;4.95;8.08;96
VGM-001049;PAT-0065;USR-00268;Paranaguamirim;Saguaçu;-26.33629901126099;-48.816023876214466;-26.28665557472882;-48.85094812857095;2024-02-24 20:45:00;2024-02-24 21:04:00;19;7.33;9.0;27
VGM-001050;PAT-0065;USR-00028;Jardim Iririú;Glória;-26.272787305891498;-48.862357237368414;-26.319806873073578;-48.83012917455676;2024-02-22 07:04:00;2024-02-22 07:11:00;7;6.55;8.82;20
VGM-001051;PAT-0065;USR-00166;América;Jardim Iririú;-26.28725298327316;-48.853946670612935;-26.271024440943215;-48.85621747532267;2024-10-19 14:49:00;2024-10-19 15:20:00;31;0.59;3.05;51
VGM-001052;PAT-0002;USR-00103;América;Jardim Iririú;-26.290710628659728;-48.85116960302441;-26.264948256026397;-48.85972744850049;2024-01-10 21:09:00;2024-01-10 21:53:00;44;4.77;6.49;70
VGM-001053;PAT-0062;USR-00131;Anita Garibaldi;Bucarein;-26.307609323014873;-48.837314662439326;-26.30114223045301;-48.83770129517706;2024-11-23 06:59:00;2024-11-23 07:04:00;5;0.46;2.98;36
VGM-001054;PAT-0080;USR-00218;América;Iririú;-26.288012167642265;-48.85312538335103;-26.279150337101104;-48.85516203103417;2024-12-06 18:17:00;2024-12-06 18:29:00;12;7.06;10.76;43
VGM-001055;PAT-0065;USR-00014;Itaum;Anita Garibaldi;-26.325020658894665;-48.81843243936525;-26.31263753973643;-48.83509550903264;2024-12-24 16:57:00;2024-12-24 17:25:00;28;4.21;6.34;31
VGM-001056;PAT-0062;USR-00054;Itaum;Anita Garibaldi;-26.33149288184548;-48.815314626683;-26.31041692560494;-48.838802532115;2024-10-21 06:32:00;2024-10-21 07:06:00;34;4.99;7.34;28
VGM-001057;PAT-0024;USR-00211;Bucarein;Paranaguamirim;-26.29532811711069;-48.840963627994405;-26.340622831750665;-48.81197343755848;2024-09-01 19:25:00;2024-09-01 19:32:00;7;3.47;5.76;80
VGM-001058;PAT-0010;USR-00271;Itaum;Jardim Iririú;-26.330980690863907;-48.82423020532935;-26.27023245868049;-48.86253034587533;2024-10-03 13:00:00;2024-10-03 13:27:00;27;5.92;8.08;50
VGM-001059;PAT-0049;USR-00191;Iririú;Centro;-26.27520124379696;-48.859244163861455;-26.303818288161096;-48.84220387510628;2024-12-18 21:07:00;2024-12-18 21:46:00;39;3.47;5.9;38
VGM-001060;PAT-0080;USR-00076;América;Iririú;-26.289724945367816;-48.84648576779154;-26.276529976645875;-48.850891757796695;2024-10-01 17:21:00;2024-10-01 17:43:00;22;7.76;10.87;79
VGM-001061;PAT-0009;USR-00041;Iririú;Itaum;-26.271263228858135;-48.85702709209692;-26.32567132309873;-48.81556689888126;2024-07-24 07:40:00;2024-07-24 08:24:00;44;2.25;4.32;83
VGM-001062;PAT-0022;USR-00282;Iririú;Anita Garibaldi;-26.270159165308005;-48.859079330139174;-26.307773548603965;-48.83479769510897;2024-02-16 17:34:00;2024-02-16 17:58:00;24;4.32;6.12;40
VGM-001063;PAT-0032;USR-00009;Saguaçu;Anita Garibaldi;-26.282317265861355;-48.8470095541285;-26.31197628180028;-48.833229062152164;2024-02-11 20:48:00;2024-02-11 21:09:00;21;2.35;4.97;74
VGM-001064;PAT-0068;USR-00091;Jardim Iririú;Jardim Iririú;-26.268822332178328;-48.858763512217095;-26.269721160059817;-48.85721484119938;2024-11-27 12:11:00;2024-11-27 12:49:00;38;8.34;9.24;54
VGM-001065;PAT-0069;USR-00086;Bucarein;América;-26.298786429977227;-48.84051495179881;-26.288628675860434;-48.8546898538135;2024-01-21 18:42:00;2024-01-21 18:57:00;15;5.52;7.52;88
VGM-001066;PAT-0075;USR-00266;Jardim Iririú;Centro;-26.26562417698411;-48.862325979721426;-26.309032870565172;-48.84519042805003;2024-06-02 18:57:00;2024-06-02 19:06:00;9;4.23;6.18;89
VGM-001067;PAT-0061;USR-00195;América;Glória;-26.29361222854232;-48.855848893157855;-26.320252309939562;-48.83465702098697;2024-11-18 17:31:00;2024-11-18 17:39:00;8;7.67;9.12;51
VGM-001068;PAT-0053;USR-00297;Glória;Bucarein;-26.323895258868685;-48.82534984630546;-26.299636766057294;-48.84202433916611;2024-11-19 20:47:00;2024-11-19 21:02:00;15;4.02;6.9;99
VGM-001069;PAT-0045;USR-00094;Jardim Iririú;Bucarein;-26.269453778423593;-48.86249106954309;-26.293794641148974;-48.845451573183794;2024-03-12 07:12:00;2024-03-12 07:16:00;4;7.51;10.71;64
VGM-001070;PAT-0058;USR-00025;Centro;América;-26.30652761008346;-48.84443973711948;-26.295879969727274;-48.85417077074038;2024-10-30 13:31:00;2024-10-30 13:58:00;27;2.14;4.38;91
VGM-001071;PAT-0045;USR-00223;Paranaguamirim;Paranaguamirim;-26.34203691879544;-48.81293370130121;-26.339471851242816;-48.81634952433307;2024-02-02 15:31:00;2024-02-02 16:08:00;37;2.65;4.84;61
VGM-001072;PAT-0076;USR-00136;Anita Garibaldi;Jardim Iririú;-26.3146639224895;-48.83389992582921;-26.265593364189336;-48.860675628332835;2024-08-18 06:02:00;2024-08-18 06:26:00;24;6.29;7.87;61
VGM-001073;PAT-0054;USR-00137;Jardim Iririú;Iririú;-26.27257906810364;-48.86187092605786;-26.275149820124756;-48.853768275754675;2024-01-29 16:50:00;2024-01-29 16:55:00;5;8.2;10.57;90
VGM-001074;PAT-0038;USR-00055;Anita Garibaldi;América;-26.316821260652667;-48.83728903746236;-26.295145969698375;-48.855255715815616;2024-07-26 09:13:00;2024-07-26 09:57:00;44;3.49;6.22;61
VGM-001075;PAT-0014;USR-00052;Bucarein;Centro;-26.29312277610264;-48.84102331717297;-26.29967538609972;-48.846163082387626;2024-12-07 22:29:00;2024-12-07 23:06:00;37;2.41;4.65;41
VGM-001076;PAT-0011;USR-00204;Iririú;Saguaçu;-26.27572226866264;-48.85133904366388;-26.28481989568624;-48.85117374869747;2024-03-17 13:59:00;2024-03-17 14:06:00;7;1.61;3.87;43
VGM-001077;PAT-0009;USR-00030;Saguaçu;Jardim Iririú;-26.286156733528404;-48.843532662710764;-26.26685813755681;-48.85926024824968;2024-01-19 10:31:00;2024-01-19 11:15:00;44;6.37;7.9;94
VGM-001078;PAT-0038;USR-00286;Centro;Saguaçu;-26.30260352717307;-48.850140941955964;-26.287633902172924;-48.846625953877385;2024-01-10 21:58:00;2024-01-10 22:40:00;42;3.84;6.97;59
VGM-001079;PAT-0002;USR-00071;Saguaçu;Anita Garibaldi;-26.28781746112135;-48.85145171387402;-26.31216501914893;-48.834432907434476;2024-01-24 13:44:00;2024-01-24 14:28:00;44;2.76;4.93;41
VGM-001080;PAT-0072;USR-00041;Itaum;América;-26.325500388160496;-48.81555263741217;-26.29170850508042;-48.848617044895214;2024-03-07 06:11:00;2024-03-07 06:54:00;43;0.65;3.18;64
VGM-001081;PAT-0049;USR-00148;Centro;Iririú;-26.301536549855847;-48.843834647716655;-26.27925104157998;-48.85664390755759;2024-01-26 15:52:00;2024-01-26 16:01:00;9;3.67;6.73;37
VGM-001082;PAT-0045;USR-00174;Iririú;Paranaguamirim;-26.279105889976876;-48.8511700617517;-26.343938396464527;-48.812348934083666;2024-08-21 11:53:00;2024-08-21 12:33:00;40;7.51;9.41;60
VGM-001083;PAT-0062;USR-00004;Itaum;Bucarein;-26.330824192242147;-48.822973673658645;-26.29462527480381;-48.84267232918292;2024-02-02 09:07:00;2024-02-02 09:41:00;34;7.28;10.32;32
VGM-001084;PAT-0054;USR-00178;Jardim Iririú;Iririú;-26.26420881692438;-48.8591241412889;-26.27760180047793;-48.855158155016774;2024-10-31 13:04:00;2024-10-31 13:19:00;15;8.4;9.74;71
VGM-001085;PAT-0027;USR-00022;Bucarein;Centro;-26.293552679777083;-48.839988604055826;-26.307450417285015;-48.84471897872739;2024-08-06 16:51:00;2024-08-06 17:19:00;28;1.33;3.6;34
VGM-001086;PAT-0065;USR-00128;Centro;Bucarein;-26.3047259848875;-48.84439888114554;-26.2979508854875;-48.84681641616001;2024-06-15 09:43:00;2024-06-15 10:22:00;39;5.44;8.81;84
VGM-001087;PAT-0045;USR-00142;Bucarein;Glória;-26.29686588610789;-48.84291848309133;-26.317312528686376;-48.8284600577858;2024-10-06 10:20:00;2024-10-06 10:36:00;16;2.01;4.49;61
VGM-001088;PAT-0002;USR-00200;Centro;Glória;-26.30772966053908;-48.85104605108309;-26.32438053481421;-48.828814148509274;2024-01-24 11:21:00;2024-01-24 11:28:00;7;3.63;5.42;82
VGM-001089;PAT-0008;USR-00129;Itaum;Itaum;-26.32508831373863;-48.81917073943196;-26.329231920803615;-48.82190152883247;2024-03-02 14:09:00;2024-03-02 14:38:00;29;7.55;9.67;67
VGM-001090;PAT-0049;USR-00147;Glória;Saguaçu;-26.322683282986166;-48.832468984608205;-26.288807895571594;-48.852142057151006;2024-03-27 17:35:00;2024-03-27 17:48:00;13;4.08;6.63;98
VGM-001091;PAT-0035;USR-00137;Glória;Glória;-26.315572682258647;-48.83049745753857;-26.324635389491743;-48.834090645500865;2024-08-12 13:59:00;2024-08-12 14:39:00;40;4.01;6.81;30
VGM-001092;PAT-0024;USR-00163;Anita Garibaldi;Iririú;-26.310503533510076;-48.83042418984916;-26.279472560478375;-48.85076776253015;2024-01-21 10:06:00;2024-01-21 10:49:00;43;8.11;11.88;77
VGM-001093;PAT-0028;USR-00272;América;Saguaçu;-26.289922632051212;-48.852009646823575;-26.281658358917916;-48.84610720678774;2024-11-09 18:49:00;2024-11-09 19:02:00;13;4.1;5.96;28
VGM-001094;PAT-0049;USR-00014;Anita Garibaldi;Itaum;-26.311873114889835;-48.83160198393335;-26.333820275163717;-48.823728973862295;2024-01-09 21:05:00;2024-01-09 21:08:00;3;3.07;5.89;27
VGM-001095;PAT-0013;USR-00135;América;Glória;-26.293693301882822;-48.854114593942505;-26.324548486355877;-48.83143276830691;2024-01-04 11:59:00;2024-01-04 12:07:00;8;5.76;7.6;63
VGM-001096;PAT-0015;USR-00081;Glória;Paranaguamirim;-26.323234719679945;-48.828275395019745;-26.34062100112857;-48.81407517006098;2024-12-27 15:26:00;2024-12-27 15:59:00;33;1.39;3.7;26
VGM-001097;PAT-0075;USR-00255;Itaum;Paranaguamirim;-26.332795137909297;-48.81522993045561;-26.33656006528058;-48.81164428294909;2024-12-20 10:13:00;2024-12-20 10:25:00;12;4.65;6.42;87
VGM-001098;PAT-0011;USR-00137;América;Bucarein;-26.294135617378558;-48.85498106899127;-26.300375916235105;-48.846563390712866;2024-11-23 14:33:00;2024-11-23 15:04:00;31;2.32;4.57;26
VGM-001099;PAT-0038;USR-00053;Glória;América;-26.31720415526433;-48.83491680057772;-26.29178287382474;-48.8536336686853;2024-07-29 13:11:00;2024-07-29 13:53:00;42;6.14;9.41;66
VGM-001100;PAT-0031;USR-00031;Jardim Iririú;Saguaçu;-26.269498747408335;-48.860664172073676;-26.289600774674362;-48.844102510097045;2024-12-20 07:38:00;2024-12-20 07:52:00;14;4.96;7.0;59
VGM-001101;PAT-0046;USR-00207;Itaum;Anita Garibaldi;-26.334421573234366;-48.824073745169486;-26.312509214858654;-48.83990834449816;2024-09-12 08:40:00;2024-09-12 09:02:00;22;8.07;10.64;96
VGM-001102;PAT-0045;USR-00187;Paranaguamirim;América;-26.33530897369859;-48.812516156503236;-26.29022386919363;-48.85398600897206;2024-06-27 19:00:00;2024-06-27 19:38:00;38;6.28;8.92;31
VGM-001103;PAT-0074;USR-00286;Bucarein;Bucarein;-26.294162141150363;-48.83785451336151;-26.297290929462477;-48.83740975824027;2024-04-30 12:07:00;2024-04-30 12:43:00;36;6.73;9.71;53
VGM-001104;PAT-0020;USR-00137;Glória;Glória;-26.31572247716805;-48.83065979027291;-26.321675733078255;-48.828865981534776;2024-02-18 17:55:00;2024-02-18 18:32:00;37;3.28;6.37;77
VGM-001105;PAT-0053;USR-00126;Anita Garibaldi;Anita Garibaldi;-26.307050921773538;-48.837412883578445;-26.31384466819337;-48.837383286333626;2024-09-16 13:29:00;2024-09-16 14:12:00;43;4.1;7.31;78
VGM-001106;PAT-0038;USR-00126;Centro;Glória;-26.307661047507807;-48.84685596680994;-26.323933763810633;-48.83433008905604;2024-12-03 12:17:00;2024-12-03 12:23:00;6;7.37;11.05;59
VGM-001107;PAT-0045;USR-00023;América;Saguaçu;-26.292037579810973;-48.8487655218215;-26.286332016793537;-48.85271808659553;2024-04-09 09:50:00;2024-04-09 10:02:00;12;6.8;10.43;54
VGM-001108;PAT-0032;USR-00104;Itaum;América;-26.327417615242958;-48.8249094583842;-26.29500505331127;-48.85355254920363;2024-12-16 21:31:00;2024-12-16 21:45:00;14;3.37;6.52;80
VGM-001109;PAT-0038;USR-00209;Iririú;Anita Garibaldi;-26.27303979381946;-48.85410546010515;-26.30933404055288;-48.83118514180411;2024-03-22 07:03:00;2024-03-22 07:47:00;44;2.82;5.76;49
VGM-001110;PAT-0001;USR-00100;Glória;Paranaguamirim;-26.323461040936603;-48.828867083151124;-26.33533725702252;-48.81584086345702;2024-07-05 15:13:00;2024-07-05 15:43:00;30;3.52;5.54;66
VGM-001111;PAT-0049;USR-00280;Anita Garibaldi;Saguaçu;-26.308841668750095;-48.83362311753104;-26.280299255433334;-48.84579666630834;2024-05-08 16:39:00;2024-05-08 17:11:00;32;4.16;7.49;47
VGM-001112;PAT-0017;USR-00276;Bucarein;Itaum;-26.300755594281632;-48.84457977920019;-26.326349289006245;-48.8158171496462;2024-01-23 09:47:00;2024-01-23 09:53:00;6;4.75;7.31;65
VGM-001113;PAT-0004;USR-00281;Iririú;Iririú;-26.277761823851773;-48.85285947276621;-26.273992078506602;-48.855919595383966;2024-10-02 11:10:00;2024-10-02 11:14:00;4;4.01;6.62;38
VGM-001114;PAT-0080;USR-00088;Itaum;Saguaçu;-26.329630255771065;-48.824086085136685;-26.28299134302756;-48.85108722628963;2024-09-05 22:07:00;2024-09-05 22:14:00;7;7.72;11.62;58
VGM-001115;PAT-0002;USR-00103;Jardim Iririú;Saguaçu;-26.267070600651582;-48.86300729663533;-26.287147941973195;-48.84782882069143;2024-04-30 20:37:00;2024-04-30 21:17:00;40;8.14;10.4;76
VGM-001116;PAT-0024;USR-00235;Jardim Iririú;Saguaçu;-26.267199137921622;-48.856225299533456;-26.283692295798275;-48.8439191631294;2024-06-15 19:12:00;2024-06-15 19:35:00;23;7.43;10.26;87
VGM-001117;PAT-0049;USR-00013;Paranaguamirim;Glória;-26.344085131626024;-48.812612768492734;-26.3204435045056;-48.82695625585862;2024-04-27 09:20:00;2024-04-27 09:37:00;17;3.68;6.61;57
VGM-001118;PAT-0003;USR-00155;Anita Garibaldi;Saguaçu;-26.308225391373696;-48.83986254445989;-26.28517982660223;-48.85234170156637;2024-02-20 13:47:00;2024-02-20 14:16:00;29;1.94;4.27;34
VGM-001119;PAT-0036;USR-00152;Itaum;Jardim Iririú;-26.33234399957411;-48.8225162373963;-26.265422234396247;-48.85807427199922;2024-04-12 18:57:00;2024-04-12 19:14:00;17;3.07;5.28;79
VGM-001120;PAT-0043;USR-00137;Iririú;Bucarein;-26.27870485078717;-48.857855935170065;-26.300180816444026;-48.84128102477541;2024-02-07 21:37:00;2024-02-07 22:11:00;34;7.6;9.23;35
VGM-001121;PAT-0029;USR-00068;Saguaçu;Anita Garibaldi;-26.28111251920131;-48.85029193671963;-26.313819603883054;-48.830925368236535;2024-01-28 19:09:00;2024-01-28 19:25:00;16;5.71;8.74;65
VGM-001122;PAT-0043;USR-00246;Itaum;Centro;-26.3254434850177;-48.822524402297205;-26.300153582088715;-48.849975185831504;2024-11-08 20:11:00;2024-11-08 20:38:00;27;7.98;11.35;94
VGM-001123;PAT-0065;USR-00106;Centro;Bucarein;-26.300778723827346;-48.85057473704258;-26.30243775705149;-48.84165963886795;2024-07-10 10:29:00;2024-07-10 10:44:00;15;3.84;5.6;58
VGM-001124;PAT-0009;USR-00217;Paranaguamirim;Bucarein;-26.33690483925275;-48.81541059483403;-26.298143657015864;-48.83820537306488;2024-11-19 17:17:00;2024-11-19 17:32:00;15;8.03;10.23;93
VGM-001125;PAT-0017;USR-00278;Saguaçu;América;-26.28344758019361;-48.84567266525214;-26.286871991995923;-48.85189976213258;2024-06-20 10:02:00;2024-06-20 10:41:00;39;0.5;2.98;78
VGM-001126;PAT-0018;USR-00064;Bucarein;Saguaçu;-26.297491426293906;-48.84093268275282;-26.28389636992182;-48.84818005082267;2024-01-31 14:08:00;2024-01-31 14:18:00;10;1.99;4.52;45
VGM-001127;PAT-0034;USR-00259;América;Anita Garibaldi;-26.295130132400885;-48.84927128331402;-26.31153592925788;-48.83929539322333;2024-08-26 20:26:00;2024-08-26 20:39:00;13;4.95;8.3;53
VGM-001128;PAT-0053;USR-00078;Saguaçu;Anita Garibaldi;-26.285915467869295;-48.85218850821464;-26.314502558207707;-48.83721856359551;2024-06-24 13:56:00;2024-06-24 14:17:00;21;1.71;4.47;57
VGM-001129;PAT-0009;USR-00204;Saguaçu;Anita Garibaldi;-26.28627311482988;-48.843485092898234;-26.313567245109358;-48.83675493350831;2024-11-05 11:50:00;2024-11-05 12:33:00;43;8.37;9.58;97
VGM-001130;PAT-0028;USR-00147;Anita Garibaldi;Jardim Iririú;-26.3144024621624;-48.83161508166157;-26.264479515841956;-48.85554877551255;2024-11-09 11:36:00;2024-11-09 12:14:00;38;5.88;8.84;46
VGM-001131;PAT-0058;USR-00120;Iririú;Centro;-26.272765798863112;-48.85194909681504;-26.303807818682316;-48.848373326394594;2024-04-27 08:26:00;2024-04-27 09:02:00;36;6.61;10.17;24
VGM-001132;PAT-0035;USR-00003;Iririú;Iririú;-26.275041242649213;-48.85177016194958;-26.27485257806243;-48.8553913126473;2024-09-07 12:37:00;2024-09-07 13:10:00;33;5.56;7.46;62
VGM-001133;PAT-0009;USR-00104;Centro;América;-26.308589537840923;-48.84187289491867;-26.2950042028646;-48.849286955764356;2024-08-24 14:00:00;2024-08-24 14:30:00;30;5.02;7.92;49
VGM-001134;PAT-0075;USR-00233;Anita Garibaldi;Centro;-26.314798167980502;-48.834557460338864;-26.30923971843545;-48.849578166275926;2024-05-06 13:20:00;2024-05-06 13:50:00;30;6.87;10.61;82
VGM-001135;PAT-0063;USR-00217;Jardim Iririú;Anita Garibaldi;-26.266167412363405;-48.86299717982132;-26.30736314811313;-48.83513557612858;2024-10-23 13:57:00;2024-10-23 14:37:00;40;1.54;3.8;85
VGM-001136;PAT-0065;USR-00131;Anita Garibaldi;Paranaguamirim;-26.316238691405097;-48.83383216392148;-26.34123013832713;-48.81261460960524;2024-03-17 06:26:00;2024-03-17 06:31:00;5;2.9;5.38;88
VGM-001137;PAT-0009;USR-00056;Jardim Iririú;Jardim Iririú;-26.264487930859513;-48.85757118506332;-26.266967869379005;-48.85633144786973;2024-01-21 21:46:00;2024-01-21 22:21:00;35;2.31;5.19;23
VGM-001138;PAT-0015;USR-00162;Iririú;Itaum;-26.27504853472986;-48.852620826066456;-26.334202849268124;-48.81873740725337;2024-01-18 19:33:00;2024-01-18 20:01:00;28;6.36;9.07;48
VGM-001139;PAT-0045;USR-00064;América;Jardim Iririú;-26.291194134226735;-48.85078550975833;-26.26616885714277;-48.85830946484683;2024-09-02 09:28:00;2024-09-02 10:02:00;34;6.55;9.67;44
VGM-001140;PAT-0044;USR-00045;Itaum;Iririú;-26.329075922153404;-48.82431541280666;-26.27067433291294;-48.85873716527415;2024-05-03 08:35:00;2024-05-03 08:38:00;3;4.29;6.16;35
VGM-001141;PAT-0068;USR-00058;Glória;Glória;-26.316753190340748;-48.831288870615694;-26.319243347470024;-48.825542235027534;2024-12-20 19:13:00;2024-12-20 19:24:00;11;5.3;7.84;87
VGM-001142;PAT-0054;USR-00135;Paranaguamirim;Paranaguamirim;-26.341521907920978;-48.810792333915366;-26.343738846776247;-48.818674259225155;2024-07-02 15:15:00;2024-07-02 15:59:00;44;6.56;9.16;47
VGM-001143;PAT-0025;USR-00046;Centro;América;-26.30261983847441;-48.84535551090243;-26.290182784725264;-48.848253270628184;2024-02-16 06:30:00;2024-02-16 07:15:00;45;4.65;6.65;73
VGM-001144;PAT-0078;USR-00154;Jardim Iririú;Bucarein;-26.26734268036004;-48.85961668056744;-26.29533652786895;-48.84435183678222;2024-06-05 11:45:00;2024-06-05 12:17:00;32;5.45;7.14;30
VGM-001145;PAT-0015;USR-00300;Anita Garibaldi;Paranaguamirim;-26.314329717298307;-48.83731146485618;-26.34093583463426;-48.810664068562986;2024-10-19 06:29:00;2024-10-19 07:01:00;32;0.59;3.19;28
VGM-001146;PAT-0058;USR-00041;Jardim Iririú;Itaum;-26.264213700136448;-48.861315510800836;-26.326201622520582;-48.8178004046063;2024-03-11 18:11:00;2024-03-11 18:37:00;26;1.1;3.6;45
VGM-001147;PAT-0065;USR-00032;Saguaçu;Itaum;-26.28202573978393;-48.84404653910847;-26.328513170466426;-48.81746186287022;2024-11-16 20:45:00;2024-11-16 21:28:00;43;0.84;3.38;50
VGM-001148;PAT-0037;USR-00102;América;Itaum;-26.289415481653418;-48.84933536952473;-26.326007510817107;-48.8228094082694;2024-01-01 08:24:00;2024-01-01 08:48:00;24;0.48;3.05;86
VGM-001149;PAT-0050;USR-00050;Centro;Jardim Iririú;-26.300894182709058;-48.84332612973248;-26.266764946887527;-48.860569600233646;2024-09-28 07:18:00;2024-09-28 07:48:00;30;7.85;9.54;96
VGM-001150;PAT-0045;USR-00088;Bucarein;Iririú;-26.2943270579904;-48.84245654576932;-26.27868712027995;-48.853821868054105;2024-05-18 12:50:00;2024-05-18 12:58:00;8;7.43;10.09;43
VGM-001151;PAT-0014;USR-00076;Bucarein;Glória;-26.29591637023285;-48.84069752780544;-26.321903082888948;-48.82730026381793;2024-11-13 16:47:00;2024-11-13 16:53:00;6;3.02;5.33;74
VGM-001152;PAT-0042;USR-00282;Itaum;Paranaguamirim;-26.326629866716363;-48.82251616391257;-26.342982050517474;-48.818960406240876;2024-09-20 17:56:00;2024-09-20 18:02:00;6;1.04;3.56;24
VGM-001153;PAT-0072;USR-00146;Paranaguamirim;Iririú;-26.338025285383306;-48.81294539169716;-26.27091173502283;-48.85037634683545;2024-02-26 18:23:00;2024-02-26 18:55:00;32;7.94;9.68;85
VGM-001154;PAT-0075;USR-00238;Anita Garibaldi;Paranaguamirim;-26.310198592282397;-48.83572398666297;-26.337395999327125;-48.81109779329445;2024-11-12 07:23:00;2024-11-12 07:49:00;26;3.22;5.5;80
VGM-001155;PAT-0035;USR-00047;Saguaçu;América;-26.28381388621785;-48.84857454485185;-26.289236016310902;-48.85329651409504;2024-03-30 08:35:00;2024-03-30 08:51:00;16;6.4;7.97;84
VGM-001156;PAT-0054;USR-00299;Itaum;Saguaçu;-26.32747283360442;-48.818506776754234;-26.286990336803683;-48.84477239756968;2024-03-11 16:15:00;2024-03-11 16:52:00;37;8.16;9.61;88
VGM-001157;PAT-0065;USR-00266;Bucarein;Bucarein;-26.30141394894707;-48.83763719378531;-26.301159552279497;-48.8418167607696;2024-02-28 21:47:00;2024-02-28 22:27:00;40;2.82;5.24;42
VGM-001158;PAT-0043;USR-00118;Iririú;Anita Garibaldi;-26.27119129240801;-48.85935993653391;-26.309435489120112;-48.83538193518438;2024-12-25 12:48:00;2024-12-25 13:05:00;17;0.84;3.46;91
VGM-001159;PAT-0065;USR-00235;Bucarein;Glória;-26.294281564722546;-48.83875256762653;-26.320258420541208;-48.83185565894188;2024-06-13 17:57:00;2024-06-13 18:17:00;20;5.41;7.27;28
VGM-001160;PAT-0062;USR-00200;Bucarein;Anita Garibaldi;-26.30270752716965;-48.844076168895874;-26.314742104478494;-48.834190314133686;2024-09-14 19:17:00;2024-09-14 19:23:00;6;2.89;5.74;65
VGM-001161;PAT-0004;USR-00254;Saguaçu;Itaum;-26.28174183249435;-48.84856080545494;-26.328833780218346;-48.817701108822966;2024-02-02 17:22:00;2024-02-02 17:53:00;31;7.72;9.36;42
VGM-001162;PAT-0025;USR-00112;Centro;Paranaguamirim;-26.308111301325265;-48.850980866712256;-26.344596661478615;-48.81589067095037;2024-09-05 22:33:00;2024-09-05 22:43:00;10;3.96;6.68;81
VGM-001163;PAT-0003;USR-00092;Iririú;Jardim Iririú;-26.276648811457406;-48.85698953922165;-26.26973829745872;-48.858707808069916;2024-08-28 15:28:00;2024-08-28 16:10:00;42;3.08;5.6;89
VGM-001164;PAT-0054;USR-00240;Iririú;Jardim Iririú;-26.272564917437084;-48.8549736875737;-26.26831443005409;-48.858006870788444;2024-07-07 08:12:00;2024-07-07 08:44:00;32;1.74;4.33;80
VGM-001165;PAT-0031;USR-00052;Centro;Glória;-26.307792401039517;-48.85063823922653;-26.323520416658905;-48.82788878182985;2024-02-14 08:25:00;2024-02-14 08:39:00;14;2.79;4.81;45
VGM-001166;PAT-0020;USR-00036;Glória;América;-26.31682032975881;-48.83008904270616;-26.286153455224092;-48.85548033901869;2024-05-27 08:06:00;2024-05-27 08:19:00;13;6.88;9.99;21
VGM-001167;PAT-0071;USR-00243;Glória;Paranaguamirim;-26.31667865822042;-48.825728893711414;-26.342909026354103;-48.811402521943144;2024-05-21 09:44:00;2024-05-21 09:56:00;12;1.61;4.14;56
VGM-001168;PAT-0011;USR-00187;Paranaguamirim;Itaum;-26.339925322662392;-48.81894606781892;-26.333696468699564;-48.82041746685235;2024-09-11 10:55:00;2024-09-11 11:11:00;16;7.52;10.74;91
VGM-001169;PAT-0024;USR-00187;América;Iririú;-26.295936141282834;-48.848355592719244;-26.27796465126113;-48.857375839183035;2024-09-23 06:18:00;2024-09-23 06:47:00;29;1.64;4.02;75
VGM-001170;PAT-0078;USR-00230;Jardim Iririú;Anita Garibaldi;-26.27012961866825;-48.860903289466236;-26.309309388668403;-48.8375823549252;2024-12-15 10:30:00;2024-12-15 10:55:00;25;1.27;3.6;43
VGM-001171;PAT-0009;USR-00014;Jardim Iririú;Centro;-26.266830730816242;-48.85844826285476;-26.30514494340728;-48.84636985887156;2024-08-03 20:47:00;2024-08-03 21:31:00;44;7.76;9.57;60
VGM-001172;PAT-0078;USR-00192;Itaum;Iririú;-26.325188138219723;-48.82239763402015;-26.27434584060247;-48.851131684605306;2024-01-11 15:12:00;2024-01-11 15:19:00;7;3.66;6.67;28
VGM-001173;PAT-0054;USR-00265;Itaum;Jardim Iririú;-26.32868186472983;-48.82340507737459;-26.272789908430138;-48.86121652418317;2024-01-12 13:53:00;2024-01-12 14:29:00;36;4.91;6.49;60
VGM-001174;PAT-0037;USR-00176;Iririú;Iririú;-26.277401964189355;-48.858395373857284;-26.279655686914264;-48.85250274253216;2024-11-26 16:26:00;2024-11-26 17:06:00;40;5.46;8.54;43
VGM-001175;PAT-0011;USR-00215;Iririú;Itaum;-26.273659942969;-48.85929508054357;-26.33054174450173;-48.82403181269013;2024-06-24 16:31:00;2024-06-24 17:11:00;40;6.04;9.22;35
VGM-001176;PAT-0031;USR-00246;Paranaguamirim;Bucarein;-26.33960014620284;-48.818143532950984;-26.29483344756798;-48.84223943297849;2024-12-06 22:53:00;2024-12-06 23:31:00;38;2.61;5.4;76
VGM-001177;PAT-0037;USR-00223;Itaum;Saguaçu;-26.327201546048485;-48.81835780615011;-26.281147611212923;-48.84308313859607;2024-08-15 20:19:00;2024-08-15 20:58:00;39;7.25;10.3;59
VGM-001178;PAT-0003;USR-00036;Paranaguamirim;Paranaguamirim;-26.34393019361173;-48.81118309388156;-26.344132934324044;-48.812295621972076;2024-03-08 15:10:00;2024-03-08 15:29:00;19;2.34;5.18;72
VGM-001179;PAT-0044;USR-00266;Iririú;Bucarein;-26.272389720974978;-48.851858743144085;-26.29761636897899;-48.84489471511559;2024-04-26 21:23:00;2024-04-26 21:44:00;21;1.23;3.84;61
VGM-001180;PAT-0050;USR-00225;América;Itaum;-26.29058733421324;-48.84914865690126;-26.325867703137206;-48.81998558526302;2024-01-25 10:22:00;2024-01-25 10:43:00;21;8.05;9.21;47
VGM-001181;PAT-0063;USR-00144;Anita Garibaldi;Iririú;-26.307370079961412;-48.83889568136589;-26.27612027245602;-48.857663752363514;2024-08-21 11:39:00;2024-08-21 11:52:00;13;7.76;9.22;61
VGM-001182;PAT-0022;USR-00050;Jardim Iririú;Anita Garibaldi;-26.269581278339615;-48.86210812553704;-26.30870434168572;-48.83590439072738;2024-12-30 15:11:00;2024-12-30 15:25:00;14;1.1;3.71;48
VGM-001183;PAT-0017;USR-00231;Itaum;Centro;-26.32867378106866;-48.82190193124678;-26.308063043456006;-48.843399159762654;2024-12-28 10:10:00;2024-12-28 10:28:00;18;0.62;3.15;81
VGM-001184;PAT-0044;USR-00084;Iririú;Bucarein;-26.270679718944898;-48.85750043053602;-26.29364605510332;-48.839287751847095;2024-02-29 07:20:00;2024-02-29 07:59:00;39;7.52;8.76;85
VGM-001185;PAT-0027;USR-00261;Anita Garibaldi;Jardim Iririú;-26.315974902720093;-48.8348499434029;-26.26548576682469;-48.86271899622098;2024-03-05 20:16:00;2024-03-05 20:42:00;26;4.18;6.99;26
VGM-001186;PAT-0068;USR-00107;Paranaguamirim;Iririú;-26.335627715127636;-48.8146444618512;-26.27058665607213;-48.850777766818446;2024-04-04 12:35:00;2024-04-04 12:40:00;5;4.21;6.68;32
VGM-001187;PAT-0080;USR-00297;Saguaçu;Paranaguamirim;-26.28312114277699;-48.849431140248285;-26.338233827664475;-48.81407431817235;2024-12-06 16:22:00;2024-12-06 16:34:00;12;6.59;9.89;85
VGM-001188;PAT-0069;USR-00258;Anita Garibaldi;Bucarein;-26.31632162940895;-48.83646210841264;-26.299365960680003;-48.84320075709038;2024-07-09 20:34:00;2024-07-09 20:47:00;13;5.11;7.49;92
VGM-001189;PAT-0050;USR-00031;Paranaguamirim;Centro;-26.34199036433053;-48.811714444020936;-26.300018188274755;-48.846180644192195;2024-09-30 15:07:00;2024-09-30 15:11:00;4;8.4;12.22;33
VGM-001190;PAT-0050;USR-00236;Itaum;Saguaçu;-26.327918279113547;-48.8171070715168;-26.28724433223691;-48.84694928746562;2024-07-26 21:49:00;2024-07-26 22:01:00;12;3.27;5.96;65
VGM-001191;PAT-0020;USR-00216;Itaum;Glória;-26.334326493985312;-48.821922041683194;-26.321678274779384;-48.82940109468154;2024-08-22 16:09:00;2024-08-22 16:12:00;3;3.92;5.73;74
VGM-001192;PAT-0030;USR-00207;Glória;Iririú;-26.31917829539824;-48.825862115561264;-26.272991915819983;-48.855135949644634;2024-10-06 22:21:00;2024-10-06 23:05:00;44;4.99;7.75;81
VGM-001193;PAT-0072;USR-00245;Itaum;América;-26.33154116943047;-48.815471849829976;-26.288346837004745;-48.850950671959104;2024-12-27 15:30:00;2024-12-27 15:51:00;21;3.97;7.21;44
VGM-001194;PAT-0034;USR-00133;Glória;Iririú;-26.318790844822324;-48.831732574579696;-26.270705965161508;-48.85823588089572;2024-10-20 10:51:00;2024-10-20 11:30:00;39;0.46;2.87;57
VGM-001195;PAT-0031;USR-00091;Saguaçu;Glória;-26.289542579661877;-48.84945575051207;-26.322951975909437;-48.82687267095695;2024-08-14 16:44:00;2024-08-14 16:54:00;10;4.33;6.22;55
VGM-001196;PAT-0010;USR-00077;América;Paranaguamirim;-26.287284631938476;-48.85094365846578;-26.337020019647806;-48.81458239680059;2024-09-02 07:08:00;2024-09-02 07:46:00;38;5.81;7.97;68
VGM-001197;PAT-0076;USR-00071;América;Centro;-26.286265110308225;-48.84658879187466;-26.302014539466033;-48.84988920138296;2024-02-29 15:01:00;2024-02-29 15:29:00;28;3.12;5.47;83
VGM-001198;PAT-0042;USR-00201;América;Saguaçu;-26.286311221447143;-48.84723680566858;-26.289362054437465;-48.84533842898417;2024-11-12 13:28:00;2024-11-12 13:53:00;25;3.09;5.11;31
VGM-001199;PAT-0054;USR-00117;América;Glória;-26.28850348168257;-48.85497432037416;-26.3211277685879;-48.825675560216226;2024-02-17 16:03:00;2024-02-17 16:44:00;41;1.0;3.67;81
VGM-001200;PAT-0080;USR-00289;Centro;Centro;-26.308099137598695;-48.84727269256729;-26.3065723454294;-48.841726931007635;2024-11-24 12:37:00;2024-11-24 13:13:00;36;3.33;6.02;76
VGM-001201;PAT-0080;USR-00084;Saguaçu;Glória;-26.28241736804071;-48.8474662881025;-26.32195509575646;-48.831309822675884;2024-04-23 14:12:00;2024-04-23 14:16:00;4;1.75;4.43;68
VGM-001202;PAT-0065;USR-00046;Itaum;Jardim Iririú;-26.33475413083541;-48.81996867527449;-26.263170531204455;-48.863644831264395;2024-02-12 20:43:00;2024-02-12 21:28:00;45;5.42;7.4;40
VGM-001203;PAT-0065;USR-00260;América;Itaum;-26.29577876448471;-48.85406136932063;-26.328572225865198;-48.81981600373367;2024-02-14 22:25:00;2024-02-14 22:40:00;15;5.85;7.38;95
VGM-001204;PAT-0063;USR-00099;Jardim Iririú;Centro;-26.269763897808506;-48.856411832288316;-26.302223238422066;-48.85007390770651;2024-09-08 16:38:00;2024-09-08 17:19:00;41;7.82;11.3;70
VGM-001205;PAT-0035;USR-00163;Saguaçu;Glória;-26.285113568095955;-48.84623059217003;-26.31523382362685;-48.82566012581487;2024-09-18 07:58:00;2024-09-18 08:43:00;45;1.21;3.76;95
VGM-001206;PAT-0017;USR-00063;Paranaguamirim;Glória;-26.337295925821923;-48.81162091625148;-26.321227982175422;-48.83316420372645;2024-07-03 18:09:00;2024-07-03 18:39:00;30;7.97;10.71;28
VGM-001207;PAT-0027;USR-00128;América;Centro;-26.289167046233935;-48.8474123572065;-26.301381598315473;-48.848672341400494;2024-07-08 18:23:00;2024-07-08 18:26:00;3;8.18;10.6;59
VGM-001208;PAT-0062;USR-00238;Jardim Iririú;Saguaçu;-26.268540972936233;-48.85751644146334;-26.285654690366954;-48.84893363473115;2024-05-25 17:22:00;2024-05-25 17:44:00;22;1.92;4.41;48
VGM-001209;PAT-0003;USR-00022;Paranaguamirim;Centro;-26.342263733337184;-48.8156078939875;-26.300704663281852;-48.84736835531441;2024-08-16 08:13:00;2024-08-16 08:44:00;31;5.5;8.9;46
VGM-001210;PAT-0058;USR-00128;Saguaçu;Jardim Iririú;-26.280028754998423;-48.846894532449845;-26.271193424586887;-48.85705337107602;2024-07-31 20:18:00;2024-07-31 20:31:00;13;2.7;4.74;70
VGM-001211;PAT-0036;USR-00192;Centro;Saguaçu;-26.30513818697764;-48.84959634593881;-26.280523138229356;-48.84843683179449;2024-08-05 19:08:00;2024-08-05 19:48:00;40;6.8;8.42;37
VGM-001212;PAT-0069;USR-00083;Glória;Jardim Iririú;-26.320486129756702;-48.82826354582525;-26.27081228291589;-48.86329231739997;2024-11-02 08:09:00;2024-11-02 08:25:00;16;6.75;9.96;95
VGM-001213;PAT-0062;USR-00078;Itaum;Jardim Iririú;-26.333363761788082;-48.82320746744261;-26.26973779493019;-48.86232790104514;2024-06-04 21:55:00;2024-06-04 22:31:00;36;3.21;5.71;97
VGM-001214;PAT-0027;USR-00085;Bucarein;Anita Garibaldi;-26.295051904512498;-48.8400605040949;-26.309438077658932;-48.834908866148126;2024-06-20 08:59:00;2024-06-20 09:39:00;40;8.37;11.84;93
VGM-001215;PAT-0061;USR-00090;Bucarein;Jardim Iririú;-26.296063177742184;-48.844704018392456;-26.269062448584346;-48.86352546082574;2024-07-11 08:00:00;2024-07-11 08:29:00;29;4.36;6.54;52
VGM-001216;PAT-0034;USR-00071;Jardim Iririú;Paranaguamirim;-26.270792303872113;-48.863824486998496;-26.338917886232334;-48.81388344324354;2024-11-23 14:26:00;2024-11-23 14:40:00;14;5.4;7.83;68
VGM-001217;PAT-0034;USR-00294;Paranaguamirim;América;-26.34417618954384;-48.81834715509857;-26.291554264989305;-48.85034252693449;2024-10-11 20:45:00;2024-10-11 21:24:00;39;5.14;7.65;100
VGM-001218;PAT-0049;USR-00012;Itaum;Centro;-26.32819500697925;-48.82498007864781;-26.301976300629104;-48.84405297683618;2024-03-11 12:11:00;2024-03-11 12:38:00;27;8.43;10.82;75
VGM-001219;PAT-0022;USR-00292;América;Iririú;-26.28945488785719;-48.848812603821465;-26.277716687476314;-48.850622953846205;2024-05-28 21:02:00;2024-05-28 21:24:00;22;3.29;5.19;53
VGM-001220;PAT-0072;USR-00249;Bucarein;Centro;-26.300267404730015;-48.839675989509416;-26.308815420127633;-48.84207745438899;2024-10-26 15:31:00;2024-10-26 16:09:00;38;2.37;4.44;63
VGM-001221;PAT-0024;USR-00084;Jardim Iririú;Saguaçu;-26.263491364377497;-48.85985066650087;-26.28700070602527;-48.84353924381931;2024-08-25 13:01:00;2024-08-25 13:04:00;3;4.51;7.3;26
VGM-001222;PAT-0061;USR-00029;América;Anita Garibaldi;-26.29448942108219;-48.85438637198944;-26.312256913351316;-48.837552844029766;2024-03-19 14:19:00;2024-03-19 15:02:00;43;8.35;12.14;98
VGM-001223;PAT-0037;USR-00030;Iririú;Anita Garibaldi;-26.275676651989574;-48.85916445662489;-26.315319799478075;-48.838684346933604;2024-11-21 21:07:00;2024-11-21 21:51:00;44;7.72;9.84;95
VGM-001224;PAT-0002;USR-00256;Jardim Iririú;Anita Garibaldi;-26.263563840798323;-48.86480871033562;-26.313452027103438;-48.83697723299504;2024-12-06 15:26:00;2024-12-06 15:40:00;14;0.49;3.02;93
VGM-001225;PAT-0025;USR-00300;Itaum;América;-26.330802726830736;-48.82334251823035;-26.292000169817065;-48.84704914827233;2024-09-08 13:01:00;2024-09-08 13:11:00;10;2.91;4.93;94
VGM-001226;PAT-0038;USR-00128;Itaum;Itaum;-26.328614740523356;-48.81609144465017;-26.334426081563116;-48.81527946525377;2024-05-21 21:04:00;2024-05-21 21:45:00;41;1.67;4.32;23
VGM-001227;PAT-0045;USR-00239;Centro;América;-26.305424056020374;-48.84878463158299;-26.290166927518158;-48.84740675048929;2024-07-04 21:36:00;2024-07-04 22:06:00;30;5.63;7.62;24
VGM-001228;PAT-0028;USR-00191;Iririú;Centro;-26.27725784797651;-48.856457286727824;-26.30055656572029;-48.85009982278873;2024-05-12 21:44:00;2024-05-12 21:54:00;10;6.04;7.69;34
VGM-001229;PAT-0014;USR-00177;Bucarein;Jardim Iririú;-26.2931602235204;-48.845946545155186;-26.27148257087047;-48.8555257200194;2024-07-10 22:46:00;2024-07-10 23:25:00;39;2.46;4.84;26
VGM-001230;PAT-0008;USR-00142;Paranaguamirim;Centro;-26.34090665993685;-48.81777638695252;-26.303421919865986;-48.84696641972649;2024-01-09 14:10:00;2024-01-09 14:50:00;40;8.47;9.69;88
VGM-001231;PAT-0038;USR-00009;Glória;Iririú;-26.316059007963208;-48.8298077542922;-26.27335260795089;-48.85990689709237;2024-01-30 10:20:00;2024-01-30 10:52:00;32;3.07;5.46;96
VGM-001232;PAT-0001;USR-00130;Glória;América;-26.32270045394109;-48.828922473169044;-26.291806653195806;-48.851576062592514;2024-12-20 10:22:00;2024-12-20 10:35:00;13;2.54;5.34;90
VGM-001233;PAT-0014;USR-00260;Glória;Paranaguamirim;-26.322868952959748;-48.83254647685833;-26.337989024126358;-48.81953930830324;2024-01-28 14:23:00;2024-01-28 14:52:00;29;8.46;11.0;63
VGM-001234;PAT-0050;USR-00092;Glória;Glória;-26.324688659171155;-48.83442267840775;-26.32089268456509;-48.829561220788385;2024-11-21 17:03:00;2024-11-21 17:24:00;21;5.68;9.29;81
VGM-001235;PAT-0030;USR-00129;Itaum;Bucarein;-26.328483331746238;-48.82108967130873;-26.297953627120226;-48.84361445972563;2024-05-29 22:40:00;2024-05-29 22:47:00;7;5.71;7.91;49
VGM-001236;PAT-0010;USR-00165;Bucarein;Saguaçu;-26.29931473656276;-48.84465796629073;-26.289926469554455;-48.84826565066406;2024-09-20 12:49:00;2024-09-20 13:32:00;43;3.03;4.98;93
VGM-001237;PAT-0034;USR-00280;Centro;Centro;-26.300756417501606;-48.8490044607677;-26.302482798858655;-48.84506829639257;2024-04-03 09:38:00;2024-04-03 09:51:00;13;0.56;3.02;22
VGM-001238;PAT-0014;USR-00262;Itaum;Iririú;-26.330267900933084;-48.81540137197287;-26.27338657321055;-48.85131198904182;2024-10-05 16:55:00;2024-10-05 17:18:00;23;7.45;8.97;88
VGM-001239;PAT-0015;USR-00136;Centro;Iririú;-26.299718065720853;-48.845036995140745;-26.279615991226734;-48.85338098423528;2024-12-16 15:17:00;2024-12-16 15:43:00;26;7.9;10.64;49
VGM-001240;PAT-0031;USR-00249;Centro;Anita Garibaldi;-26.30754474484297;-48.84563121556828;-26.31331749892605;-48.83565951131522;2024-02-19 17:52:00;2024-02-19 18:04:00;12;0.39;2.93;63
VGM-001241;PAT-0054;USR-00202;Centro;Saguaçu;-26.300713768320445;-48.84704224896477;-26.280209681592083;-48.844805721463295;2024-01-07 10:33:00;2024-01-07 10:54:00;21;5.0;7.61;40
VGM-001242;PAT-0075;USR-00240;Anita Garibaldi;Iririú;-26.309234031472084;-48.8357105566657;-26.275792634374312;-48.85094417862427;2024-07-09 21:26:00;2024-07-09 21:50:00;24;2.78;4.77;32
VGM-001243;PAT-0022;USR-00092;Iririú;Paranaguamirim;-26.272290781553558;-48.85459094996162;-26.33998054594868;-48.81880240033568;2024-03-24 09:13:00;2024-03-24 09:25:00;12;1.94;4.42;30
VGM-001244;PAT-0062;USR-00177;Paranaguamirim;Centro;-26.336552167718832;-48.813035701929635;-26.300300698418404;-48.845880670224474;2024-09-14 13:53:00;2024-09-14 14:08:00;15;4.15;6.5;89
VGM-001245;PAT-0036;USR-00115;Saguaçu;Itaum;-26.28238976009057;-48.84597853903818;-26.32782738124134;-48.82215488040258;2024-10-13 22:54:00;2024-10-13 23:31:00;37;3.48;5.62;96
VGM-001246;PAT-0025;USR-00284;Iririú;Itaum;-26.273737796783685;-48.85828306092294;-26.329179298688757;-48.82452938802123;2024-12-30 09:26:00;2024-12-30 09:58:00;32;6.0;8.75;72
VGM-001247;PAT-0049;USR-00162;Iririú;Centro;-26.278687551223175;-48.85499887247923;-26.30142195318659;-48.844514533048866;2024-02-09 09:52:00;2024-02-09 10:03:00;11;2.52;5.14;86
VGM-001248;PAT-0049;USR-00140;Anita Garibaldi;América;-26.316674738205087;-48.83588041904966;-26.287356337335442;-48.84737229222541;2024-01-09 21:22:00;2024-01-09 21:44:00;22;3.38;5.83;57
VGM-001249;PAT-0013;USR-00212;Saguaçu;Bucarein;-26.28079152152184;-48.8442947303373;-26.298431119282625;-48.845370973455225;2024-12-19 17:08:00;2024-12-19 17:39:00;31;3.31;5.62;56
VGM-001250;PAT-0001;USR-00258;Itaum;Paranaguamirim;-26.32883349685479;-48.81868581078782;-26.34024891635068;-48.81187586342376;2024-11-01 22:48:00;2024-11-01 23:12:00;24;4.5;7.9;41
VGM-001251;PAT-0045;USR-00260;Bucarein;Anita Garibaldi;-26.295034627090235;-48.84167495933584;-26.313139490643483;-48.83146604266463;2024-03-29 15:01:00;2024-03-29 15:11:00;10;8.45;11.87;57
VGM-001252;PAT-0053;USR-00285;Paranaguamirim;Glória;-26.340184776484875;-48.818846053578206;-26.315332938599816;-48.825856595573335;2024-04-23 10:54:00;2024-04-23 11:06:00;12;3.78;6.7;69
VGM-001253;PAT-0078;USR-00092;Itaum;América;-26.333826918110375;-48.81894362110677;-26.289028337457097;-48.85334714910914;2024-12-18 13:19:00;2024-12-18 13:30:00;11;6.1;9.71;55
VGM-001254;PAT-0076;USR-00260;Bucarein;Anita Garibaldi;-26.301748142077972;-48.8458279609432;-26.31616776933792;-48.8309604693481;2024-04-17 10:05:00;2024-04-17 10:35:00;30;1.39;4.09;85
VGM-001255;PAT-0020;USR-00278;Saguaçu;Jardim Iririú;-26.28314434712771;-48.84962793424434;-26.264370403766872;-48.86179337245264;2024-12-19 09:04:00;2024-12-19 09:08:00;4;3.14;5.67;86
VGM-001256;PAT-0025;USR-00230;Itaum;Centro;-26.330696941051002;-48.82357158035186;-26.30459440059164;-48.84567661986545;2024-09-04 19:02:00;2024-09-04 19:17:00;15;2.45;4.58;58
VGM-001257;PAT-0049;USR-00116;Centro;Glória;-26.307394752732996;-48.84427926352976;-26.324312460935776;-48.83449492529167;2024-02-25 07:50:00;2024-02-25 08:35:00;45;1.88;4.05;99
VGM-001258;PAT-0035;USR-00071;Saguaçu;Saguaçu;-26.285084054532586;-48.85093747886164;-26.284502827448367;-48.85256118911631;2024-09-19 07:30:00;2024-09-19 07:40:00;10;2.61;5.43;98
VGM-001259;PAT-0049;USR-00126;Itaum;Bucarein;-26.334357910629247;-48.82108140626812;-26.29882835721024;-48.83979626787268;2024-05-09 07:04:00;2024-05-09 07:26:00;22;0.98;3.65;78
VGM-001260;PAT-0069;USR-00084;Anita Garibaldi;Paranaguamirim;-26.311180285980857;-48.831043252223814;-26.336222505951373;-48.81555520022022;2024-12-07 06:48:00;2024-12-07 06:57:00;9;3.99;7.07;94
VGM-001261;PAT-0045;USR-00154;Itaum;Itaum;-26.332310065955646;-48.82295683616601;-26.332960053963905;-48.82243707624631;2024-03-04 12:37:00;2024-03-04 12:52:00;15;5.81;7.74;67
VGM-001262;PAT-0020;USR-00129;Anita Garibaldi;Anita Garibaldi;-26.30902440899363;-48.834921949360414;-26.308735353905078;-48.838095865039755;2024-04-04 17:01:00;2024-04-04 17:09:00;8;6.9;9.48;76
VGM-001263;PAT-0061;USR-00202;Itaum;Centro;-26.33189638041076;-48.82080728338834;-26.303823113088146;-48.844500465091414;2024-03-15 14:37:00;2024-03-15 15:02:00;25;7.79;11.51;41
VGM-001264;PAT-0003;USR-00166;Iririú;Glória;-26.27544779850918;-48.85981875958954;-26.324453896967867;-48.83499598455975;2024-06-29 11:54:00;2024-06-29 12:29:00;35;7.36;11.08;91
VGM-001265;PAT-0037;USR-00093;Paranaguamirim;Glória;-26.344883794600918;-48.81207241886427;-26.315281546986746;-48.82694108830803;2024-11-09 13:32:00;2024-11-09 14:11:00;39;7.65;10.88;67
VGM-001266;PAT-0013;USR-00137;Anita Garibaldi;Paranaguamirim;-26.316275531122056;-48.83930954093685;-26.33987384755897;-48.8192075039387;2024-02-04 09:52:00;2024-02-04 10:32:00;40;0.49;2.94;82
VGM-001267;PAT-0024;USR-00135;Itaum;Iririú;-26.331075064435932;-48.82025744979023;-26.277091231457682;-48.85808510385092;2024-01-08 22:13:00;2024-01-08 22:28:00;15;1.35;3.98;62
VGM-001268;PAT-0035;USR-00262;Bucarein;América;-26.298200611652828;-48.84139321705061;-26.29130593158011;-48.85213763604701;2024-05-24 11:57:00;2024-05-24 12:34:00;37;6.55;10.26;93
VGM-001269;PAT-0043;USR-00215;América;Iririú;-26.289999794518806;-48.849715735433854;-26.271421422164824;-48.85515141260284;2024-01-03 09:59:00;2024-01-03 10:15:00;16;2.29;4.92;64
VGM-001270;PAT-0014;USR-00279;Anita Garibaldi;Jardim Iririú;-26.31408337421291;-48.83311368370692;-26.26995096875615;-48.86145004884186;2024-09-15 21:23:00;2024-09-15 22:03:00;40;1.75;4.28;86
VGM-001271;PAT-0075;USR-00178;Paranaguamirim;Saguaçu;-26.338050181138733;-48.81746727616477;-26.28807323603513;-48.84979287835016;2024-04-04 20:43:00;2024-04-04 20:52:00;9;0.83;3.32;36
VGM-001272;PAT-0046;USR-00133;América;América;-26.28739877602811;-48.855900212233415;-26.29470928753069;-48.84636083987927;2024-04-02 17:24:00;2024-04-02 17:54:00;30;4.99;8.25;86
VGM-001273;PAT-0038;USR-00289;Saguaçu;Saguaçu;-26.282201490111067;-48.84576556337645;-26.2870214060161;-48.84658420318757;2024-04-19 22:14:00;2024-04-19 22:43:00;29;2.24;4.52;34
VGM-001274;PAT-0058;USR-00024;Itaum;Jardim Iririú;-26.334603811746515;-48.81964343400652;-26.2651995191296;-48.864765670446324;2024-02-27 16:07:00;2024-02-27 16:39:00;32;1.02;3.4;95
VGM-001275;PAT-0053;USR-00152;Glória;América;-26.32019493052742;-48.82663882296793;-26.29128373634805;-48.85169824091555;2024-02-26 22:08:00;2024-02-26 22:42:00;34;0.92;3.5;26
VGM-001276;PAT-0008;USR-00074;Paranaguamirim;América;-26.343950698215817;-48.81178611637099;-26.293725183963065;-48.84724991300256;2024-07-03 15:35:00;2024-07-03 15:40:00;5;6.23;7.95;42
VGM-001277;PAT-0037;USR-00095;Anita Garibaldi;América;-26.314579549841376;-48.831566738322124;-26.294338150003902;-48.852985438135896;2024-02-12 16:31:00;2024-02-12 16:41:00;10;6.34;9.21;38
VGM-001278;PAT-0002;USR-00043;Iririú;Anita Garibaldi;-26.270133374067328;-48.855149053400204;-26.313672705234897;-48.83905443655226;2024-07-16 15:29:00;2024-07-16 16:10:00;41;3.1;5.48;29
VGM-001279;PAT-0061;USR-00030;Bucarein;América;-26.301575044570985;-48.84366371604163;-26.28660075627114;-48.8484161522841;2024-06-08 20:14:00;2024-06-08 20:52:00;38;7.75;9.45;76
VGM-001280;PAT-0008;USR-00060;América;Anita Garibaldi;-26.291011118465487;-48.848084417974086;-26.3135697328741;-48.83393986168064;2024-07-27 15:54:00;2024-07-27 16:24:00;30;0.88;3.44;94
VGM-001281;PAT-0009;USR-00118;América;Iririú;-26.28981844265682;-48.85148705886971;-26.270118759240454;-48.85429687492173;2024-04-06 08:57:00;2024-04-06 09:30:00;33;5.08;6.85;79
VGM-001282;PAT-0028;USR-00100;Centro;Saguaçu;-26.30237535029456;-48.84936557803597;-26.285147695442348;-48.852464234403925;2024-12-13 17:11:00;2024-12-13 17:14:00;3;8.22;10.39;88
VGM-001283;PAT-0008;USR-00129;Itaum;Centro;-26.32940351316513;-48.816450259804384;-26.3076083608171;-48.849795009902046;2024-12-11 21:43:00;2024-12-11 21:52:00;9;8.25;11.34;97
VGM-001284;PAT-0019;USR-00006;Centro;Anita Garibaldi;-26.30930229152581;-48.84237440123228;-26.308088599082065;-48.83377450603787;2024-07-21 20:33:00;2024-07-21 21:18:00;45;5.47;8.46;100
VGM-001285;PAT-0011;USR-00193;Saguaçu;Centro;-26.28673538691756;-48.8483369024386;-26.304796446268654;-48.849121761585415;2024-12-12 08:07:00;2024-12-12 08:19:00;12;3.01;5.54;29
VGM-001286;PAT-0054;USR-00254;Anita Garibaldi;Bucarein;-26.311822883566155;-48.8392430027269;-26.295903286564954;-48.841959299202514;2024-07-21 18:44:00;2024-07-21 19:24:00;40;5.75;8.58;37
VGM-001287;PAT-0075;USR-00003;Centro;Iririú;-26.308521335008553;-48.847321739100835;-26.270162884167906;-48.854551183139705;2024-02-22 11:04:00;2024-02-22 11:30:00;26;5.32;8.18;58
VGM-001288;PAT-0072;USR-00207;Saguaçu;Jardim Iririú;-26.28649373068791;-48.844964623405374;-26.272498246496802;-48.86216492809729;2024-04-11 16:12:00;2024-04-11 16:53:00;41;0.76;3.2;87
VGM-001289;PAT-0022;USR-00116;Paranaguamirim;América;-26.344667968912088;-48.810982259714535;-26.295033054402126;-48.84651574844458;2024-07-25 09:14:00;2024-07-25 09:44:00;30;1.44;3.82;89
VGM-001290;PAT-0031;USR-00223;América;Bucarein;-26.29521421502845;-48.853965272575024;-26.295795432585372;-48.83857535893164;2024-09-12 14:48:00;2024-09-12 15:28:00;40;7.83;8.83;44
VGM-001291;PAT-0065;USR-00106;Saguaçu;Glória;-26.286030767237985;-48.85233026387974;-26.322181749967047;-48.82777626492367;2024-10-30 14:48:00;2024-10-30 15:32:00;44;7.9;11.6;97
VGM-001292;PAT-0075;USR-00186;Itaum;Bucarein;-26.333672842459567;-48.81622649546867;-26.3011569860305;-48.846220061335906;2024-07-23 17:30:00;2024-07-23 18:15:00;45;1.82;4.51;77
VGM-001293;PAT-0058;USR-00032;Centro;Anita Garibaldi;-26.303724591517387;-48.84730595061021;-26.316606381201805;-48.83893869980691;2024-11-04 18:31:00;2024-11-04 19:06:00;35;6.19;7.78;30
VGM-001294;PAT-0062;USR-00294;Anita Garibaldi;Glória;-26.31010535030863;-48.834582390357326;-26.324781532880138;-48.83007218654135;2024-05-22 10:49:00;2024-05-22 11:21:00;32;1.05;3.64;79
VGM-001295;PAT-0015;USR-00118;Jardim Iririú;Centro;-26.26499413300891;-48.85531934187949;-26.3016551439688;-48.8495928665081;2024-02-25 09:16:00;2024-02-25 09:50:00;34;3.85;6.88;21
VGM-001296;PAT-0019;USR-00063;Iririú;Itaum;-26.27799849755755;-48.85933435272086;-26.333655665726305;-48.81521734536471;2024-09-11 13:40:00;2024-09-11 13:51:00;11;5.92;8.26;62
VGM-001297;PAT-0071;USR-00275;Anita Garibaldi;Glória;-26.31532517417741;-48.83351681992548;-26.32032279384029;-48.83341479765972;2024-01-16 09:47:00;2024-01-16 09:53:00;6;2.02;4.2;94
VGM-001298;PAT-0036;USR-00140;Bucarein;Anita Garibaldi;-26.301954321596654;-48.84625894577425;-26.310941031848206;-48.835125321645364;2024-02-04 21:43:00;2024-02-04 21:47:00;4;6.18;9.82;87
VGM-001299;PAT-0010;USR-00215;Bucarein;Glória;-26.296635697504563;-48.84324531071533;-26.32071648199431;-48.83135878943158;2024-04-01 18:38:00;2024-04-01 19:01:00;23;3.47;5.63;58
VGM-001300;PAT-0020;USR-00048;Glória;Anita Garibaldi;-26.317935242735132;-48.82696185454807;-26.31672893347664;-48.83360613578546;2024-03-19 15:39:00;2024-03-19 16:21:00;42;5.43;7.85;53
VGM-001301;PAT-0019;USR-00112;Bucarein;Saguaçu;-26.302684138551744;-48.842665277672445;-26.28216498497412;-48.85170963591111;2024-02-19 08:42:00;2024-02-19 09:18:00;36;1.88;4.03;62
VGM-001302;PAT-0043;USR-00282;Paranaguamirim;Iririú;-26.335637877537565;-48.81002817646097;-26.27989486775458;-48.85569683571957;2024-09-09 20:12:00;2024-09-09 20:33:00;21;7.0;9.19;32
VGM-001303;PAT-0072;USR-00130;Bucarein;Itaum;-26.302480287163483;-48.841409407150536;-26.327381101056222;-48.82225294967193;2024-12-04 21:31:00;2024-12-04 22:06:00;35;6.11;9.7;54
VGM-001304;PAT-0036;USR-00208;Itaum;Bucarein;-26.329587036646988;-48.82178837847364;-26.294066955062117;-48.838122484753285;2024-05-13 16:51:00;2024-05-13 17:28:00;37;4.36;7.09;46
VGM-001305;PAT-0001;USR-00133;Glória;Bucarein;-26.31790939480549;-48.83279888674095;-26.298671600789426;-48.84659414287865;2024-10-06 06:48:00;2024-10-06 06:53:00;5;6.09;7.75;74
VGM-001306;PAT-0030;USR-00138;Centro;Glória;-26.30069030876254;-48.847694794657144;-26.319644575269024;-48.825862725059935;2024-08-08 09:24:00;2024-08-08 09:55:00;31;4.15;7.39;83
VGM-001307;PAT-0017;USR-00104;Glória;Bucarein;-26.317859130678677;-48.831274667262406;-26.29823016607382;-48.83867005861447;2024-06-10 18:28:00;2024-06-10 19:00:00;32;6.3;8.48;40
VGM-001308;PAT-0022;USR-00158;América;Anita Garibaldi;-26.287982719169303;-48.85531286322276;-26.313107913813766;-48.83702429283559;2024-01-19 07:11:00;2024-01-19 07:49:00;38;5.15;7.22;86
VGM-001309;PAT-0003;USR-00062;Anita Garibaldi;Glória;-26.313605498074573;-48.83630425800573;-26.316125754646297;-48.82710709345323;2024-12-03 15:56:00;2024-12-03 16:09:00;13;7.36;10.96;70
VGM-001310;PAT-0024;USR-00039;Centro;Glória;-26.301251748862537;-48.84655761480261;-26.3160606648933;-48.834687864396614;2024-09-08 19:08:00;2024-09-08 19:30:00;22;3.93;5.94;86
VGM-001311;PAT-0029;USR-00084;Saguaçu;Jardim Iririú;-26.289198851536153;-48.84577262247761;-26.269641836353586;-48.85533134449707;2024-07-18 21:48:00;2024-07-18 21:58:00;10;4.46;7.47;33
VGM-001312;PAT-0050;USR-00004;América;Glória;-26.287051833439396;-48.849432705152786;-26.318849302459853;-48.8297340505741;2024-10-18 21:42:00;2024-10-18 22:20:00;38;0.95;3.53;30
VGM-001313;PAT-0045;USR-00162;América;América;-26.290524076238462;-48.84891234344771;-26.286730924378542;-48.852967189739346;2024-12-16 21:30:00;2024-12-16 22:08:00;38;8.29;10.36;43
VGM-001314;PAT-0010;USR-00094;Jardim Iririú;Jardim Iririú;-26.264827022300377;-48.86491636318123;-26.263379415010586;-48.861374167874054;2024-03-21 22:03:00;2024-03-21 22:31:00;28;2.46;5.0;47
VGM-001315;PAT-0035;USR-00046;Saguaçu;Iririú;-26.285476817154816;-48.850823326004196;-26.27491040959578;-48.85933594646539;2024-05-14 21:37:00;2024-05-14 22:04:00;27;7.5;9.06;23
VGM-001316;PAT-0030;USR-00084;América;Saguaçu;-26.289564223048036;-48.849383157116;-26.285471751947156;-48.84310650485958;2024-11-11 17:49:00;2024-11-11 18:10:00;21;5.02;6.9;46
VGM-001317;PAT-0076;USR-00129;América;Iririú;-26.29073597339064;-48.851160106318204;-26.277213056840715;-48.85960708054849;2024-06-13 07:01:00;2024-06-13 07:41:00;40;1.85;4.62;87
VGM-001318;PAT-0069;USR-00279;Anita Garibaldi;Iririú;-26.30968410478245;-48.83994686524332;-26.270411281268096;-48.85345092876852;2024-01-24 10:53:00;2024-01-24 11:19:00;26;1.32;3.94;84
VGM-001319;PAT-0002;USR-00259;Glória;Paranaguamirim;-26.324183700179695;-48.82695505357568;-26.343571856955272;-48.815572640722934;2024-06-27 06:48:00;2024-06-27 07:31:00;43;6.55;9.49;63
VGM-001320;PAT-0015;USR-00212;Glória;Jardim Iririú;-26.324396479160093;-48.82727190426709;-26.267201704239522;-48.85551083781811;2024-06-23 18:06:00;2024-06-23 18:36:00;30;1.84;4.32;75
VGM-001321;PAT-0032;USR-00041;Anita Garibaldi;Anita Garibaldi;-26.3145289676599;-48.834515808370064;-26.314174497324814;-48.83754000259693;2024-06-25 17:26:00;2024-06-25 17:51:00;25;7.26;9.2;88
VGM-001322;PAT-0025;USR-00092;América;Centro;-26.29440455319887;-48.85533536674224;-26.306609917096523;-48.845879131760626;2024-01-29 13:15:00;2024-01-29 13:33:00;18;6.5;9.76;34
VGM-001323;PAT-0075;USR-00062;América;Saguaçu;-26.28728216433408;-48.848334849504674;-26.28595031412624;-48.84817643791417;2024-11-27 15:37:00;2024-11-27 15:45:00;8;2.17;4.99;30
VGM-001324;PAT-0028;USR-00135;Jardim Iririú;Itaum;-26.27080786012642;-48.85916286412269;-26.32501207064184;-48.8179713355595;2024-12-18 08:55:00;2024-12-18 09:17:00;22;3.54;6.06;93
VGM-001325;PAT-0044;USR-00042;Iririú;Anita Garibaldi;-26.270241347441807;-48.85218040022842;-26.316450336931602;-48.839319897680475;2024-02-28 16:10:00;2024-02-28 16:14:00;4;7.16;10.98;51
VGM-001326;PAT-0014;USR-00294;Bucarein;Paranaguamirim;-26.299631042082286;-48.83948253007604;-26.339214581817963;-48.81806210869976;2024-10-02 16:02:00;2024-10-02 16:34:00;32;2.73;5.26;98
VGM-001327;PAT-0024;USR-00100;Itaum;Saguaçu;-26.333178820843113;-48.81696997928042;-26.289174278419647;-48.85085435179907;2024-12-02 19:36:00;2024-12-02 20:11:00;35;3.68;6.79;82
VGM-001328;PAT-0011;USR-00017;América;Bucarein;-26.288103014928577;-48.850819919335954;-26.301454791700092;-48.839618492451585;2024-08-03 14:01:00;2024-08-03 14:34:00;33;5.55;6.99;88
VGM-001329;PAT-0061;USR-00238;Jardim Iririú;Itaum;-26.266412922244992;-48.86359675481806;-26.330604370582268;-48.82310861303673;2024-10-28 06:20:00;2024-10-28 06:47:00;27;2.09;4.36;30
VGM-001330;PAT-0010;USR-00091;Centro;Iririú;-26.30441804283547;-48.844488425266206;-26.274895398686535;-48.85426508236109;2024-10-19 18:20:00;2024-10-19 18:59:00;39;2.36;4.49;55
VGM-001331;PAT-0037;USR-00234;Itaum;Glória;-26.32944636449062;-48.81879526214948;-26.322412075916354;-48.83284756179499;2024-02-20 21:06:00;2024-02-20 21:22:00;16;3.13;5.31;63
VGM-001332;PAT-0029;USR-00197;América;Bucarein;-26.28880798221728;-48.848577468128006;-26.299835428691253;-48.83838375049916;2024-06-21 21:32:00;2024-06-21 22:17:00;45;2.27;4.95;93
VGM-001333;PAT-0063;USR-00211;Jardim Iririú;Iririú;-26.27071545258669;-48.86330118993949;-26.27913032979744;-48.8505781454551;2024-06-22 11:39:00;2024-06-22 12:01:00;22;0.36;2.86;21
VGM-001334;PAT-0003;USR-00068;América;Paranaguamirim;-26.286036660839432;-48.854050248000995;-26.34196780216156;-48.814815070250575;2024-07-05 19:12:00;2024-07-05 19:46:00;34;7.6;11.1;22
VGM-001335;PAT-0018;USR-00086;Bucarein;Paranaguamirim;-26.293252068378532;-48.8380959048278;-26.335334415606194;-48.816476911157906;2024-11-21 08:53:00;2024-11-21 09:30:00;37;5.9;7.87;99
VGM-001336;PAT-0069;USR-00283;Itaum;Glória;-26.32849674313653;-48.81750022201548;-26.315552926183276;-48.832659422249826;2024-04-19 15:16:00;2024-04-19 15:22:00;6;2.61;5.35;93
VGM-001337;PAT-0027;USR-00054;Itaum;América;-26.33300457549071;-48.815917715112995;-26.29265121709863;-48.85550218998477;2024-06-01 18:51:00;2024-06-01 19:08:00;17;1.62;3.88;100
VGM-001338;PAT-0025;USR-00147;Iririú;Paranaguamirim;-26.273197717575684;-48.852412846788354;-26.339291460637213;-48.81731499923802;2024-11-15 08:45:00;2024-11-15 09:25:00;40;0.81;3.35;41
VGM-001339;PAT-0002;USR-00295;Jardim Iririú;Bucarein;-26.27227801591021;-48.859028446940094;-26.29390404608889;-48.84045764220055;2024-02-18 16:17:00;2024-02-18 16:24:00;7;4.35;7.19;33
VGM-001340;PAT-0078;USR-00040;Anita Garibaldi;Glória;-26.316693474977942;-48.833458672629725;-26.32493816177359;-48.829663830686904;2024-10-17 22:30:00;2024-10-17 23:00:00;30;7.7;10.73;76
VGM-001341;PAT-0053;USR-00104;Anita Garibaldi;Bucarein;-26.31442317111489;-48.831108720760604;-26.29489316429662;-48.83755958721719;2024-04-17 17:50:00;2024-04-17 17:57:00;7;0.8;3.25;79
VGM-001342;PAT-0036;USR-00279;Glória;Jardim Iririú;-26.320373770432607;-48.82921193245488;-26.263516304472112;-48.861037227375085;2024-11-29 15:32:00;2024-11-29 15:54:00;22;6.5;8.45;93
VGM-001343;PAT-0035;USR-00111;Centro;Glória;-26.300717274945917;-48.84487608675672;-26.324086742656664;-48.82806136657671;2024-08-09 16:12:00;2024-08-09 16:41:00;29;3.83;6.54;26
VGM-001344;PAT-0008;USR-00107;Anita Garibaldi;Centro;-26.309728309302336;-48.83843523283996;-26.30778552313967;-48.84630677252525;2024-07-24 14:39:00;2024-07-24 15:14:00;35;5.83;9.48;67
VGM-001345;PAT-0043;USR-00075;Saguaçu;América;-26.282572934788;-48.848260787798836;-26.286392536972286;-48.850874237840756;2024-08-20 11:56:00;2024-08-20 12:00:00;4;7.67;9.53;60
VGM-001346;PAT-0075;USR-00259;Saguaçu;Paranaguamirim;-26.28574506665552;-48.84583602888042;-26.339624598563596;-48.817322256853956;2024-11-17 22:55:00;2024-11-17 23:09:00;14;3.96;5.99;38
VGM-001347;PAT-0074;USR-00292;Centro;Anita Garibaldi;-26.305940650074533;-48.84849057301684;-26.316858033655283;-48.83545049223158;2024-10-22 21:13:00;2024-10-22 21:58:00;45;8.31;9.87;91
VGM-001348;PAT-0043;USR-00022;América;Jardim Iririú;-26.292289612370155;-48.853977458194755;-26.270423680012364;-48.86029215002987;2024-08-27 14:59:00;2024-08-27 15:42:00;43;5.83;9.43;74
VGM-001349;PAT-0074;USR-00160;Iririú;Anita Garibaldi;-26.270123504362637;-48.85686173191775;-26.312500563257313;-48.83293357478251;2024-09-29 19:59:00;2024-09-29 20:38:00;39;2.91;5.79;74
VGM-001350;PAT-0008;USR-00204;Iririú;Jardim Iririú;-26.279598908085873;-48.85758499372007;-26.266070910889752;-48.85559360000814;2024-11-16 07:33:00;2024-11-16 07:48:00;15;6.63;8.32;94
VGM-001351;PAT-0076;USR-00146;Jardim Iririú;Saguaçu;-26.264329685038778;-48.86285087362963;-26.282668396218632;-48.84970678722517;2024-07-05 20:09:00;2024-07-05 20:27:00;18;7.8;10.38;46
VGM-001352;PAT-0046;USR-00077;Saguaçu;Iririú;-26.284213245914277;-48.84875149157132;-26.270045784870742;-48.85957799531418;2024-03-18 15:54:00;2024-03-18 16:24:00;30;6.02;8.73;48
VGM-001353;PAT-0013;USR-00236;Saguaçu;Iririú;-26.285613845808104;-48.843921614861166;-26.27712488800616;-48.85503704874499;2024-07-29 16:55:00;2024-07-29 17:02:00;7;5.27;8.58;67
VGM-001354;PAT-0069;USR-00278;Paranaguamirim;Saguaçu;-26.33774742339585;-48.81492940353261;-26.284617798981316;-48.84755538667851;2024-11-20 12:54:00;2024-11-20 13:23:00;29;8.17;9.44;31
VGM-001355;PAT-0024;USR-00163;Centro;Itaum;-26.304533310585754;-48.84932079619185;-26.329666764521402;-48.82331559448868;2024-05-16 15:41:00;2024-05-16 15:54:00;13;4.97;7.92;100
VGM-001356;PAT-0058;USR-00078;Anita Garibaldi;Saguaçu;-26.308265767619183;-48.83923028330619;-26.285943547405527;-48.845395353937235;2024-05-11 13:25:00;2024-05-11 13:43:00;18;6.26;9.53;60
VGM-001357;PAT-0049;USR-00037;Paranaguamirim;Centro;-26.335992981359887;-48.81303843854862;-26.307708381061577;-48.84135070891559;2024-02-28 10:12:00;2024-02-28 10:16:00;4;2.92;5.78;84
VGM-001358;PAT-0053;USR-00245;Glória;Iririú;-26.320782790731265;-48.83117201235564;-26.27022543436816;-48.85054225282991;2024-05-05 15:29:00;2024-05-05 16:03:00;34;3.24;5.21;88
VGM-001359;PAT-0075;USR-00005;América;América;-26.29323172202765;-48.84778169053415;-26.287466828133333;-48.854028939611766;2024-10-13 19:27:00;2024-10-13 20:11:00;44;6.95;10.04;22
VGM-001360;PAT-0049;USR-00009;Bucarein;Iririú;-26.297076496714066;-48.84040489231359;-26.275016669717058;-48.851246367600986;2024-01-19 12:10:00;2024-01-19 12:30:00;20;3.34;5.78;79
VGM-001361;PAT-0062;USR-00192;Saguaçu;Centro;-26.280876366543833;-48.84503758549459;-26.30336754577316;-48.84415506363589;2024-03-10 06:16:00;2024-03-10 06:36:00;20;2.76;5.22;21
VGM-001362;PAT-0003;USR-00233;Centro;Anita Garibaldi;-26.307293378109943;-48.848480539605816;-26.314727389464405;-48.83546153436193;2024-12-03 11:41:00;2024-12-03 11:46:00;5;4.31;7.46;60
VGM-001363;PAT-0049;USR-00246;Paranaguamirim;Itaum;-26.338770334164366;-48.81307641077539;-26.329562129296082;-48.81959389005675;2024-09-05 06:03:00;2024-09-05 06:11:00;8;4.78;6.56;44
VGM-001364;PAT-0049;USR-00263;Centro;Jardim Iririú;-26.303084397799076;-48.84855938015306;-26.266050298668787;-48.856503998250176;2024-06-09 15:55:00;2024-06-09 16:02:00;7;6.41;7.75;36
VGM-001365;PAT-0072;USR-00042;Paranaguamirim;Iririú;-26.337668869775847;-48.8106093152055;-26.274848329716132;-48.85519865060361;2024-07-27 17:42:00;2024-07-27 18:27:00;45;2.17;5.08;70
VGM-001366;PAT-0001;USR-00176;Paranaguamirim;Iririú;-26.34368432314873;-48.81363625718466;-26.27009714829415;-48.856267926308945;2024-02-16 18:53:00;2024-02-16 19:04:00;11;1.7;4.02;22
VGM-001367;PAT-0035;USR-00191;Anita Garibaldi;América;-26.30984175035318;-48.836754881998246;-26.28988658343752;-48.85106752506974;2024-04-30 09:36:00;2024-04-30 10:11:00;35;5.97;7.49;35
VGM-001368;PAT-0042;USR-00297;Bucarein;Anita Garibaldi;-26.29390967479334;-48.84430488137708;-26.31329026287408;-48.83420870195965;2024-03-02 22:42:00;2024-03-02 23:22:00;40;3.66;6.42;35
VGM-001369;PAT-0050;USR-00124;Iririú;Iririú;-26.278203168911297;-48.85809073414928;-26.27227847972384;-48.858109223462215;2024-09-25 14:31:00;2024-09-25 14:39:00;8;7.52;10.0;93
VGM-001370;PAT-0014;USR-00056;América;Glória;-26.29362456675076;-48.84905359041106;-26.323295374884182;-48.82599092269733;2024-05-01 09:49:00;2024-05-01 10:12:00;23;2.96;5.03;50
VGM-001371;PAT-0010;USR-00048;Bucarein;Anita Garibaldi;-26.29328604905958;-48.84481284387002;-26.31315484186294;-48.8332581305117;2024-06-17 18:51:00;2024-06-17 19:09:00;18;6.83;9.72;94
VGM-001372;PAT-0025;USR-00041;Centro;Jardim Iririú;-26.307590230472908;-48.84524696734073;-26.269530410496223;-48.858667310826625;2024-08-04 12:09:00;2024-08-04 12:18:00;9;8.05;12.16;30
VGM-001373;PAT-0009;USR-00030;Iririú;Paranaguamirim;-26.271456149066303;-48.85735364973074;-26.340681929048923;-48.819005037738194;2024-03-30 12:17:00;2024-03-30 12:48:00;31;3.61;5.44;21
VGM-001374;PAT-0038;USR-00129;Anita Garibaldi;Anita Garibaldi;-26.31207722143552;-48.83338031055206;-26.309182201740715;-48.833958260618274;2024-07-28 14:55:00;2024-07-28 15:35:00;40;7.42;9.64;51
VGM-001375;PAT-0025;USR-00262;Bucarein;Centro;-26.300527689255965;-48.838850602714594;-26.304558269678367;-48.84999039337762;2024-01-29 21:34:00;2024-01-29 22:00:00;26;4.11;5.85;88
VGM-001376;PAT-0036;USR-00198;América;Jardim Iririú;-26.287292500987274;-48.84821974756855;-26.26505985549734;-48.86421302324805;2024-12-24 09:20:00;2024-12-24 09:57:00;37;1.55;3.79;36
VGM-001377;PAT-0046;USR-00158;Anita Garibaldi;Saguaçu;-26.312546947449974;-48.832391486690696;-26.284235110968602;-48.84772689104358;2024-08-04 21:43:00;2024-08-04 22:01:00;18;6.35;7.79;93
VGM-001378;PAT-0010;USR-00034;Glória;Jardim Iririú;-26.319851826460702;-48.833122775943075;-26.269579305653426;-48.860972144659534;2024-05-22 10:23:00;2024-05-22 10:56:00;33;3.46;6.31;80
VGM-001379;PAT-0078;USR-00200;Glória;Saguaçu;-26.321407666306;-48.83411615053015;-26.281900212563166;-48.84711189729844;2024-07-07 15:01:00;2024-07-07 15:45:00;44;8.09;11.44;59
VGM-001380;PAT-0020;USR-00095;Jardim Iririú;Saguaçu;-26.26707049148565;-48.85801051171513;-26.28761710329447;-48.85210777831943;2024-11-06 07:53:00;2024-11-06 08:38:00;45;7.46;9.95;37
VGM-001381;PAT-0029;USR-00111;Bucarein;Itaum;-26.301364761274147;-48.84331652786206;-26.332756170202;-48.82069016937153;2024-01-28 13:16:00;2024-01-28 13:54:00;38;6.76;10.51;60
VGM-001382;PAT-0061;USR-00054;América;Itaum;-26.292089184633483;-48.85167653773597;-26.32995497075945;-48.82325213284955;2024-07-15 15:40:00;2024-07-15 16:06:00;26;3.43;6.6;64
VGM-001383;PAT-0017;USR-00074;Iririú;Jardim Iririú;-26.270305876776646;-48.859688509072065;-26.27039150754038;-48.85512899914076;2024-12-16 09:34:00;2024-12-16 09:52:00;18;7.44;8.74;35
VGM-001384;PAT-0035;USR-00126;Paranaguamirim;Bucarein;-26.342418665672987;-48.81740423550725;-26.302909129650487;-48.84138849787565;2024-08-14 18:00:00;2024-08-14 18:28:00;28;1.52;4.3;51
VGM-001385;PAT-0062;USR-00294;Glória;Glória;-26.318432633354586;-48.83466323596125;-26.31851702472701;-48.82812563139059;2024-05-10 15:05:00;2024-05-10 15:23:00;18;3.3;6.27;74
VGM-001386;PAT-0034;USR-00236;Jardim Iririú;Iririú;-26.269748099357752;-48.856208142273985;-26.274889061785274;-48.85674581719317;2024-06-01 12:55:00;2024-06-01 13:08:00;13;3.86;6.79;25
VGM-001387;PAT-0024;USR-00095;Jardim Iririú;Saguaçu;-26.265265268743136;-48.862566033167816;-26.28554482185507;-48.852052610852205;2024-08-12 16:56:00;2024-08-12 17:40:00;44;7.0;10.12;93
VGM-001388;PAT-0049;USR-00266;Itaum;Iririú;-26.333691263392815;-48.81942662830427;-26.270330314853815;-48.850241291372164;2024-07-27 07:17:00;2024-07-27 07:25:00;8;7.72;10.3;27
VGM-001389;PAT-0037;USR-00060;Paranaguamirim;Jardim Iririú;-26.335301789549213;-48.819610206793385;-26.26728800816037;-48.86213740964617;2024-09-08 21:47:00;2024-09-08 22:16:00;29;1.54;3.74;87
VGM-001390;PAT-0061;USR-00152;Itaum;Itaum;-26.33046210458616;-48.81833152608694;-26.326365684222104;-48.820761918148264;2024-06-19 19:56:00;2024-06-19 20:05:00;9;8.06;11.89;61
VGM-001391;PAT-0065;USR-00181;Bucarein;Glória;-26.300639495366532;-48.843769726542455;-26.32360549763795;-48.82850136078297;2024-03-23 14:32:00;2024-03-23 14:39:00;7;2.08;4.34;88
VGM-001392;PAT-0049;USR-00285;Glória;Centro;-26.3242650325267;-48.82602080813042;-26.303707935368706;-48.850953027023145;2024-06-29 19:38:00;2024-06-29 20:16:00;38;0.43;2.85;32
VGM-001393;PAT-0061;USR-00163;Anita Garibaldi;Bucarein;-26.315302420949127;-48.83111881811066;-26.29432020373269;-48.83889740869483;2024-06-16 20:44:00;2024-06-16 20:48:00;4;4.17;7.19;84
VGM-001394;PAT-0080;USR-00090;Bucarein;Paranaguamirim;-26.297802260514437;-48.84374709381638;-26.3391689424272;-48.81463421809971;2024-01-27 11:40:00;2024-01-27 12:11:00;31;2.52;5.11;35
VGM-001395;PAT-0022;USR-00092;Glória;América;-26.321629968235687;-48.82599039104309;-26.28881985821873;-48.85321782812931;2024-11-24 10:00:00;2024-11-24 10:28:00;28;1.92;4.29;25
VGM-001396;PAT-0069;USR-00245;Itaum;Itaum;-26.326711166341173;-48.815038423265015;-26.331279564321875;-48.82438392014708;2024-04-12 15:20:00;2024-04-12 15:59:00;39;4.38;6.73;56
VGM-001397;PAT-0054;USR-00234;América;Itaum;-26.291691124763382;-48.84774584335876;-26.334075504829627;-48.82337501584526;2024-02-12 09:10:00;2024-02-12 09:28:00;18;1.6;4.13;61
VGM-001398;PAT-0035;USR-00243;Saguaçu;Glória;-26.287512857274123;-48.844551286522446;-26.32042099704873;-48.82604966141147;2024-09-21 10:54:00;2024-09-21 11:35:00;41;7.1;10.56;27
VGM-001399;PAT-0069;USR-00177;Saguaçu;Saguaçu;-26.28382855013396;-48.850509912638906;-26.28605520609161;-48.84613975776064;2024-12-17 19:50:00;2024-12-17 20:13:00;23;7.3;9.87;37
VGM-001400;PAT-0061;USR-00016;Glória;Itaum;-26.317932227831147;-48.82923297601142;-26.32632939817621;-48.82250098278363;2024-08-19 21:55:00;2024-08-19 22:06:00;11;2.58;4.58;58
VGM-001401;PAT-0050;USR-00039;Anita Garibaldi;Saguaçu;-26.31532958092099;-48.83932744086033;-26.287560046976477;-48.85234399235055;2024-05-13 11:43:00;2024-05-13 12:23:00;40;1.86;4.5;47
VGM-001402;PAT-0038;USR-00177;Bucarein;Centro;-26.301323807837115;-48.84605082063178;-26.29973265772465;-48.844293846876134;2024-06-16 15:12:00;2024-06-16 15:20:00;8;5.28;7.43;79
VGM-001403;PAT-0028;USR-00067;Jardim Iririú;Anita Garibaldi;-26.272633285730667;-48.855011073879666;-26.307418618801957;-48.834275922740325;2024-07-31 17:11:00;2024-07-31 17:39:00;28;4.39;7.13;46
VGM-001404;PAT-0045;USR-00232;Itaum;Paranaguamirim;-26.32763597984934;-48.82173360750574;-26.342523683569286;-48.815954804755414;2024-07-12 13:01:00;2024-07-12 13:05:00;4;3.87;6.37;71
VGM-001405;PAT-0034;USR-00055;Jardim Iririú;Anita Garibaldi;-26.266361954723784;-48.85751816087951;-26.31351948044523;-48.8363638855081;2024-10-12 13:58:00;2024-10-12 14:06:00;8;7.28;10.45;28
VGM-001406;PAT-0053;USR-00233;Itaum;Glória;-26.3302536912425;-48.816933349469736;-26.316044442591263;-48.832831857240706;2024-08-24 12:16:00;2024-08-24 12:29:00;13;4.3;7.36;63
VGM-001407;PAT-0028;USR-00294;Saguaçu;Saguaçu;-26.281558295510308;-48.84441976728993;-26.28033377779104;-48.84630388743462;2024-01-26 18:39:00;2024-01-26 19:09:00;30;5.76;8.48;87
VGM-001408;PAT-0069;USR-00243;Glória;Paranaguamirim;-26.3169432984705;-48.82502371702598;-26.34056560897164;-48.81029331972206;2024-11-03 14:09:00;2024-11-03 14:17:00;8;3.2;6.29;83
VGM-001409;PAT-0009;USR-00008;Iririú;Bucarein;-26.274146456356032;-48.85758503514743;-26.29979002954359;-48.845242847541634;2024-07-07 11:36:00;2024-07-07 11:46:00;10;1.17;3.86;46
VGM-001410;PAT-0029;USR-00250;Saguaçu;Saguaçu;-26.281317287194867;-48.852596491731404;-26.284739059867483;-48.84702883379985;2024-01-08 22:27:00;2024-01-08 22:59:00;32;8.11;11.96;68
VGM-001411;PAT-0030;USR-00191;América;Anita Garibaldi;-26.29394158789963;-48.851888084820054;-26.310122307936343;-48.83575814944254;2024-12-10 21:07:00;2024-12-10 21:24:00;17;6.09;9.52;71
VGM-001412;PAT-0054;USR-00146;Saguaçu;Anita Garibaldi;-26.288880803806023;-48.85169919330171;-26.31426525484625;-48.83553311278256;2024-04-14 12:55:00;2024-04-14 13:15:00;20;5.28;8.16;37
VGM-001413;PAT-0024;USR-00284;Itaum;Iririú;-26.33230250388483;-48.82477574110838;-26.272635268253808;-48.857458527198716;2024-05-27 21:24:00;2024-05-27 21:35:00;11;1.46;3.9;76
VGM-001414;PAT-0029;USR-00118;Itaum;Centro;-26.334429131439105;-48.821395731728586;-26.308883426428856;-48.84294865124339;2024-08-08 12:38:00;2024-08-08 12:54:00;16;4.55;7.25;30
VGM-001415;PAT-0080;USR-00266;Bucarein;América;-26.297688304719987;-48.839162617489244;-26.295507055072356;-48.851147443958524;2024-05-24 12:26:00;2024-05-24 12:40:00;14;4.35;6.58;47
VGM-001416;PAT-0065;USR-00297;Saguaçu;Glória;-26.28063394307705;-48.84733819308775;-26.321137122948546;-48.829565941478016;2024-07-28 10:01:00;2024-07-28 10:22:00;21;2.07;4.89;64
VGM-001417;PAT-0004;USR-00050;Iririú;Anita Garibaldi;-26.279606564593312;-48.856872220107896;-26.313465268079394;-48.83695239087203;2024-05-14 13:39:00;2024-05-14 14:10:00;31;4.32;6.09;85
VGM-001418;PAT-0011;USR-00077;Iririú;Iririú;-26.278778900859898;-48.85345657994507;-26.276843667846325;-48.85818191534333;2024-05-07 17:37:00;2024-05-07 18:21:00;44;8.15;10.99;96
VGM-001419;PAT-0011;USR-00157;América;Jardim Iririú;-26.291478009717167;-48.85367981819691;-26.26808980237331;-48.86414089611797;2024-08-22 08:00:00;2024-08-22 08:33:00;33;5.48;8.66;71
VGM-001420;PAT-0061;USR-00164;Jardim Iririú;Itaum;-26.26366124982472;-48.86485618553928;-26.331792664176884;-48.81785880859075;2024-03-09 16:44:00;2024-03-09 17:12:00;28;3.08;6.04;92
VGM-001421;PAT-0013;USR-00160;Anita Garibaldi;Anita Garibaldi;-26.313838438950235;-48.832356466135636;-26.31507742081532;-48.83803765718312;2024-12-17 12:45:00;2024-12-17 13:12:00;27;2.85;5.51;51
VGM-001422;PAT-0072;USR-00045;Centro;Jardim Iririú;-26.304327651913116;-48.84496256915136;-26.269905304509116;-48.85809924645811;2024-12-28 19:47:00;2024-12-28 20:28:00;41;5.37;8.03;46
VGM-001423;PAT-0058;USR-00208;Paranaguamirim;Centro;-26.344584271409495;-48.812376973754986;-26.299650957271897;-48.84729623553953;2024-05-11 08:06:00;2024-05-11 08:44:00;38;5.32;6.99;65
VGM-001424;PAT-0068;USR-00152;Glória;Anita Garibaldi;-26.323516567990378;-48.83461061983312;-26.312888865830054;-48.8358422519901;2024-01-31 07:21:00;2024-01-31 07:39:00;18;5.21;7.28;50
VGM-001425;PAT-0017;USR-00140;Saguaçu;Bucarein;-26.280133698770413;-48.84462880372169;-26.298552872231415;-48.84230822503907;2024-08-29 17:38:00;2024-08-29 18:23:00;45;4.64;6.64;99
VGM-001426;PAT-0004;USR-00245;Itaum;Anita Garibaldi;-26.32534881303564;-48.818804737999635;-26.31123455010049;-48.836322914918725;2024-11-02 07:00:00;2024-11-02 07:19:00;19;3.1;5.64;27
VGM-001427;PAT-0068;USR-00112;Glória;Glória;-26.324950600190657;-48.82936604649287;-26.315166592315858;-48.83399380022777;2024-09-15 18:19:00;2024-09-15 18:47:00;28;3.36;5.65;20
VGM-001428;PAT-0076;USR-00144;Saguaçu;Glória;-26.280481882145768;-48.846753859518856;-26.322583987235642;-48.831903681899966;2024-12-09 17:08:00;2024-12-09 17:46:00;38;5.95;7.32;100
VGM-001429;PAT-0043;USR-00064;Paranaguamirim;América;-26.338608800621845;-48.811355667531316;-26.289187178894675;-48.84936265639306;2024-01-22 11:16:00;2024-01-22 11:29:00;13;1.35;3.66;62
VGM-001430;PAT-0032;USR-00067;Iririú;Anita Garibaldi;-26.2713208170548;-48.85413063493441;-26.309840153064584;-48.833342155985314;2024-09-14 21:59:00;2024-09-14 22:23:00;24;4.94;8.42;89
VGM-001431;PAT-0022;USR-00165;Itaum;Bucarein;-26.33045260144366;-48.81919049620112;-26.296926755832068;-48.8441377569276;2024-08-27 10:05:00;2024-08-27 10:28:00;23;4.18;6.17;61
VGM-001432;PAT-0069;USR-00001;Centro;Bucarein;-26.30424403971421;-48.84129320842935;-26.30211421660363;-48.84239897373442;2024-12-29 22:27:00;2024-12-29 22:39:00;12;0.45;3.01;75
VGM-001433;PAT-0034;USR-00039;América;Itaum;-26.29111153419743;-48.84843269832931;-26.328231277241724;-48.82306552771988;2024-05-13 09:20:00;2024-05-13 09:25:00;5;3.33;5.37;31
VGM-001434;PAT-0069;USR-00095;Anita Garibaldi;América;-26.31033135742454;-48.83557706194549;-26.295359052889637;-48.8538962791847;2024-03-06 21:55:00;2024-03-06 22:15:00;20;2.32;4.56;66
VGM-001435;PAT-0003;USR-00023;Iririú;Bucarein;-26.278603487452436;-48.852926029999665;-26.297038573504498;-48.84676952911593;2024-07-03 19:18:00;2024-07-03 19:37:00;19;8.05;10.88;57
VGM-001436;PAT-0031;USR-00233;Itaum;Anita Garibaldi;-26.334700264101272;-48.82110769528308;-26.309604188227784;-48.83103253450092;2024-11-09 14:33:00;2024-11-09 14:56:00;23;5.94;7.6;77
VGM-001437;PAT-0011;USR-00298;Anita Garibaldi;Paranaguamirim;-26.313920700584088;-48.83771124537517;-26.3428903010938;-48.81789293334925;2024-08-11 11:20:00;2024-08-11 11:54:00;34;7.76;9.45;51
VGM-001438;PAT-0008;USR-00015;Iririú;Iririú;-26.272953192372633;-48.85403148123112;-26.271583779924573;-48.857724661230634;2024-03-18 20:03:00;2024-03-18 20:18:00;15;7.7;9.51;31
VGM-001439;PAT-0043;USR-00276;Bucarein;Centro;-26.30098146547877;-48.83771817901886;-26.30909646194467;-48.84840398567355;2024-03-17 07:14:00;2024-03-17 07:28:00;14;5.5;7.64;62
VGM-001440;PAT-0009;USR-00229;América;Jardim Iririú;-26.28926567566675;-48.846708604799844;-26.26456187136342;-48.86372591928305;2024-01-19 21:16:00;2024-01-19 21:29:00;13;7.7;8.9;69
VGM-001441;PAT-0037;USR-00255;Bucarein;Anita Garibaldi;-26.293300879538926;-48.843580947218946;-26.312396709493573;-48.833607371168185;2024-12-27 20:27:00;2024-12-27 20:37:00;10;4.2;6.29;68
VGM-001442;PAT-0068;USR-00124;Iririú;Iririú;-26.279060992842105;-48.85472322533778;-26.27782412060068;-48.85924857046822;2024-09-10 07:28:00;2024-09-10 07:53:00;25;2.6;4.62;50
VGM-001443;PAT-0072;USR-00294;Iririú;América;-26.27327397881775;-48.8578836410143;-26.294662218550062;-48.854657975736735;2024-12-29 21:29:00;2024-12-29 22:03:00;34;3.09;5.89;94
VGM-001444;PAT-0004;USR-00053;Anita Garibaldi;Jardim Iririú;-26.312562497806955;-48.830043688905015;-26.263466928324178;-48.8585524327341;2024-02-27 10:07:00;2024-02-27 10:32:00;25;6.81;9.94;82
VGM-001445;PAT-0020;USR-00294;Iririú;Paranaguamirim;-26.271318577456224;-48.85018882092132;-26.34427334412419;-48.816603393795184;2024-02-17 12:55:00;2024-02-17 13:16:00;21;6.03;7.64;92
VGM-001446;PAT-0058;USR-00155;América;Itaum;-26.294228502105526;-48.849504910702926;-26.33300906580064;-48.81792052173299;2024-04-02 11:47:00;2024-04-02 12:22:00;35;7.7;10.31;43
VGM-001447;PAT-0049;USR-00193;Centro;Bucarein;-26.30247374047774;-48.843155859403225;-26.29952177652567;-48.8414257525533;2024-05-19 12:37:00;2024-05-19 12:40:00;3;8.22;12.17;65
VGM-001448;PAT-0075;USR-00024;Iririú;Jardim Iririú;-26.271618847103518;-48.85284899838716;-26.26679765151039;-48.862439788269384;2024-09-26 11:26:00;2024-09-26 11:33:00;7;6.71;7.98;64
VGM-001449;PAT-0076;USR-00008;Centro;Itaum;-26.29995385780526;-48.845268417809606;-26.329551989147237;-48.81849172049511;2024-05-06 21:43:00;2024-05-06 21:52:00;9;4.99;7.22;34
VGM-001450;PAT-0050;USR-00129;Iririú;Jardim Iririú;-26.273167519717102;-48.85946652003011;-26.271743565075877;-48.86383726319707;2024-06-17 06:18:00;2024-06-17 06:28:00;10;7.77;8.78;32
VGM-001451;PAT-0080;USR-00114;Bucarein;Bucarein;-26.298028252359913;-48.84245235657447;-26.300102720162617;-48.8416358961692;2024-07-20 17:37:00;2024-07-20 17:46:00;9;6.11;9.32;68
VGM-001452;PAT-0035;USR-00234;Jardim Iririú;América;-26.266821527597987;-48.85825213697832;-26.29361248228914;-48.851628518949546;2024-06-14 10:01:00;2024-06-14 10:09:00;8;5.3;7.24;57
VGM-001453;PAT-0019;USR-00188;Saguaçu;Itaum;-26.281310950155213;-48.84622468386116;-26.332864571455094;-48.822321264171826;2024-08-23 21:29:00;2024-08-23 22:12:00;43;6.97;10.68;51
VGM-001454;PAT-0036;USR-00236;Iririú;Anita Garibaldi;-26.27429390253361;-48.85626877381577;-26.3128885566352;-48.8339599500226;2024-05-17 06:21:00;2024-05-17 06:26:00;5;2.34;4.77;70
VGM-001455;PAT-0029;USR-00015;Bucarein;Iririú;-26.30269612940303;-48.83758308013342;-26.27295968547408;-48.851286664076596;2024-12-01 20:20:00;2024-12-01 20:59:00;39;4.92;8.34;98
VGM-001456;PAT-0022;USR-00013;Paranaguamirim;Anita Garibaldi;-26.33569051304493;-48.81832642967763;-26.314825470677828;-48.83001095300237;2024-03-07 12:55:00;2024-03-07 13:01:00;6;7.6;10.84;25
VGM-001457;PAT-0036;USR-00008;América;Itaum;-26.289104732489683;-48.85099640553784;-26.331333211202967;-48.818922372312564;2024-11-25 15:20:00;2024-11-25 15:26:00;6;2.87;5.39;37
VGM-001458;PAT-0071;USR-00052;Itaum;Iririú;-26.328234866142225;-48.818091160234495;-26.276090825731586;-48.8559529412567;2024-02-06 18:05:00;2024-02-06 18:33:00;28;7.52;8.8;85
VGM-001459;PAT-0063;USR-00171;Glória;Glória;-26.322843248476023;-48.82802864194108;-26.315235434705645;-48.83274792899783;2024-05-10 11:15:00;2024-05-10 11:43:00;28;3.45;6.29;50
VGM-001460;PAT-0013;USR-00245;Saguaçu;Itaum;-26.283411145297674;-48.84651361043231;-26.325453336431206;-48.82242903910605;2024-02-15 06:54:00;2024-02-15 07:10:00;16;1.52;3.98;80
VGM-001461;PAT-0010;USR-00060;Bucarein;Saguaçu;-26.299061355943458;-48.84424711786548;-26.28199862417248;-48.8482054502185;2024-03-24 18:49:00;2024-03-24 19:17:00;28;2.94;5.85;82
VGM-001462;PAT-0045;USR-00262;Paranaguamirim;Itaum;-26.338487670229586;-48.81843793431313;-26.332583410791806;-48.82132722298719;2024-05-25 10:07:00;2024-05-25 10:29:00;22;4.64;7.95;43
VGM-001463;PAT-0054;USR-00043;Bucarein;Paranaguamirim;-26.30193406969692;-48.84064059673173;-26.344319626859082;-48.81086185477375;2024-09-08 19:47:00;2024-09-08 20:09:00;22;4.09;7.32;78
VGM-001464;PAT-0024;USR-00024;América;América;-26.28942154695397;-48.85000697883861;-26.292830958622794;-48.85231704532344;2024-12-16 10:22:00;2024-12-16 11:07:00;45;7.68;11.33;23
VGM-001465;PAT-0029;USR-00107;Paranaguamirim;Iririú;-26.335005862742292;-48.818206439897104;-26.27733205450566;-48.856265554088544;2024-02-19 17:32:00;2024-02-19 17:47:00;15;8.07;9.13;40
VGM-001466;PAT-0032;USR-00063;Glória;Jardim Iririú;-26.324517879611395;-48.82794860854429;-26.267940741998537;-48.86116465487566;2024-09-07 20:56:00;2024-09-07 21:23:00;27;6.27;9.74;89
VGM-001467;PAT-0058;USR-00111;Saguaçu;Saguaçu;-26.280228258157788;-48.848448280082664;-26.282222720899323;-48.84463379789632;2024-08-31 14:36:00;2024-08-31 15:17:00;41;0.85;3.3;96
VGM-001468;PAT-0004;USR-00164;América;Centro;-26.291930920392772;-48.84932239408397;-26.300816770611213;-48.844692116791535;2024-08-04 08:48:00;2024-08-04 09:18:00;30;3.49;5.85;73
VGM-001469;PAT-0034;USR-00237;Saguaçu;Bucarein;-26.281292465496627;-48.8446263292023;-26.294551359145892;-48.84085831149681;2024-07-07 11:27:00;2024-07-07 12:10:00;43;1.88;4.46;68
VGM-001470;PAT-0044;USR-00067;Itaum;Saguaçu;-26.327176145159417;-48.823302715714235;-26.28640324438777;-48.84965856977616;2024-08-06 08:02:00;2024-08-06 08:37:00;35;6.61;9.95;72
VGM-001471;PAT-0001;USR-00041;Itaum;Anita Garibaldi;-26.32932983739013;-48.82480855132003;-26.310127656565395;-48.831820958231674;2024-06-23 20:43:00;2024-06-23 21:00:00;17;6.14;9.29;20
VGM-001472;PAT-0004;USR-00149;Iririú;Bucarein;-26.272615507907485;-48.85220897413604;-26.299871658024756;-48.846616361386445;2024-11-27 10:59:00;2024-11-27 11:33:00;34;3.28;5.63;63
VGM-001473;PAT-0002;USR-00008;Iririú;Iririú;-26.271214844386986;-48.85390302574847;-26.27939094456765;-48.85129202827662;2024-09-26 22:05:00;2024-09-26 22:26:00;21;6.68;9.67;51
VGM-001474;PAT-0058;USR-00217;Bucarein;Iririú;-26.29895859678349;-48.840003604303774;-26.272984347343968;-48.854872501002056;2024-08-27 19:05:00;2024-08-27 19:38:00;33;4.18;5.97;57
VGM-001475;PAT-0063;USR-00104;Bucarein;Iririú;-26.299729668384366;-48.83861845025011;-26.2799017244743;-48.856017497651365;2024-06-02 10:08:00;2024-06-02 10:30:00;22;2.13;5.01;42
VGM-001476;PAT-0063;USR-00079;Centro;Paranaguamirim;-26.302724066144364;-48.84317189065176;-26.340908174125413;-48.81502832719282;2024-05-07 22:27:00;2024-05-07 22:48:00;21;0.33;2.79;86
VGM-001477;PAT-0053;USR-00207;Jardim Iririú;Centro;-26.264921540580588;-48.85539079853071;-26.306106207306982;-48.844525844694665;2024-10-18 07:35:00;2024-10-18 07:42:00;7;3.22;6.3;30
VGM-001478;PAT-0028;USR-00250;Jardim Iririú;Saguaçu;-26.265377148652234;-48.85964064921148;-26.28306622461481;-48.85287234573482;2024-01-24 22:06:00;2024-01-24 22:41:00;35;5.39;8.47;68
VGM-001479;PAT-0080;USR-00283;Centro;Saguaçu;-26.301421863511415;-48.84631504367341;-26.282337545272398;-48.844284481435416;2024-08-05 19:06:00;2024-08-05 19:38:00;32;4.91;6.93;52
VGM-001480;PAT-0013;USR-00042;Glória;Itaum;-26.32064416685187;-48.83098112800109;-26.331959053640286;-48.82053260474689;2024-12-04 14:22:00;2024-12-04 14:41:00;19;6.73;8.8;52
VGM-001481;PAT-0028;USR-00277;Itaum;América;-26.32682165783825;-48.82346308957156;-26.28788372985555;-48.852570334803;2024-10-26 08:49:00;2024-10-26 09:24:00;35;8.14;9.18;28
VGM-001482;PAT-0046;USR-00076;América;Bucarein;-26.294797909446295;-48.85027392767118;-26.300060832394948;-48.84561754434366;2024-01-09 09:47:00;2024-01-09 10:32:00;45;4.27;6.65;72
VGM-001483;PAT-0054;USR-00276;América;Anita Garibaldi;-26.290555109020392;-48.85322987475674;-26.312536736400137;-48.835605346256415;2024-08-24 11:50:00;2024-08-24 12:04:00;14;2.88;5.44;29
VGM-001484;PAT-0024;USR-00138;Jardim Iririú;Jardim Iririú;-26.27294241339502;-48.85578692487787;-26.26572981472986;-48.86003677228715;2024-07-20 07:05:00;2024-07-20 07:34:00;29;7.54;9.85;24
VGM-001485;PAT-0017;USR-00191;Anita Garibaldi;Bucarein;-26.313754141700997;-48.83416809195723;-26.29607079770775;-48.84296353305506;2024-12-26 15:20:00;2024-12-26 16:00:00;40;1.94;4.14;33
VGM-001486;PAT-0004;USR-00289;Saguaçu;Centro;-26.286335384651288;-48.847071598194916;-26.29952631527688;-48.844413399061736;2024-08-20 20:39:00;2024-08-20 20:58:00;19;6.95;9.8;99
VGM-001487;PAT-0027;USR-00228;Iririú;Bucarein;-26.276038273083905;-48.85645075339123;-26.30074838975784;-48.842791034712405;2024-06-23 11:13:00;2024-06-23 11:27:00;14;1.84;4.33;79
VGM-001488;PAT-0034;USR-00250;Saguaçu;Glória;-26.283045327933102;-48.85248010648022;-26.318376820864604;-48.825385824221534;2024-02-10 14:55:00;2024-02-10 15:04:00;9;7.87;11.2;61
VGM-001489;PAT-0034;USR-00032;Itaum;Itaum;-26.331114418987294;-48.82468256234627;-26.32890318091724;-48.81900722482177;2024-08-10 06:00:00;2024-08-10 06:28:00;28;5.26;8.06;46
VGM-001490;PAT-0068;USR-00176;Bucarein;América;-26.298513063773772;-48.84276664855847;-26.2868490154551;-48.84792522064348;2024-02-29 06:10:00;2024-02-29 06:54:00;44;2.72;4.83;62
VGM-001491;PAT-0025;USR-00056;Saguaçu;Iririú;-26.287624558691256;-48.852154346219024;-26.27843637858355;-48.8589064409689;2024-09-01 20:44:00;2024-09-01 21:12:00;28;0.8;3.21;88
VGM-001492;PAT-0078;USR-00012;Centro;Itaum;-26.305667482083706;-48.845131530444604;-26.32748201836413;-48.82102708707054;2024-12-02 21:19:00;2024-12-02 22:01:00;42;7.56;10.13;58
VGM-001493;PAT-0074;USR-00068;Glória;Anita Garibaldi;-26.32272730372737;-48.8261902699436;-26.311317313837314;-48.83663152298553;2024-11-11 17:44:00;2024-11-11 18:12:00;28;4.59;6.66;72
VGM-001494;PAT-0050;USR-00042;Centro;Itaum;-26.308668040762317;-48.842370851834815;-26.33225334130212;-48.81930517611863;2024-06-03 08:08:00;2024-06-03 08:19:00;11;4.43;7.37;53
VGM-001495;PAT-0061;USR-00068;Saguaçu;Anita Garibaldi;-26.283965514066185;-48.84640954589867;-26.31225565085853;-48.831388864799386;2024-01-08 12:07:00;2024-01-08 12:11:00;4;2.34;4.41;25
VGM-001496;PAT-0037;USR-00131;Centro;Glória;-26.30271787201445;-48.849087681685276;-26.3216622340293;-48.83421661782238;2024-12-22 12:54:00;2024-12-22 12:58:00;4;3.38;5.53;67
VGM-001497;PAT-0037;USR-00225;Jardim Iririú;Glória;-26.266805096539905;-48.85637003168641;-26.319206865972117;-48.834274252019554;2024-04-17 21:41:00;2024-04-17 21:53:00;12;6.05;9.51;35
VGM-001498;PAT-0044;USR-00120;Glória;Itaum;-26.320365059561993;-48.82613906564686;-26.32610999389185;-48.816496822918424;2024-11-28 13:27:00;2024-11-28 14:10:00;43;7.29;8.35;24
VGM-001499;PAT-0036;USR-00121;Anita Garibaldi;Jardim Iririú;-26.313202142198207;-48.83803346415047;-26.267306950155877;-48.862871499139615;2024-10-02 12:05:00;2024-10-02 12:27:00;22;2.75;5.28;44
VGM-001500;PAT-0004;USR-00257;Itaum;Centro;-26.32636666350428;-48.817625739142294;-26.303082775816737;-48.8445124674555;2024-08-25 10:30:00;2024-08-25 11:00:00;30;1.97;4.43;91
VGM-001501;PAT-0029;USR-00053;Centro;Glória;-26.30420918214864;-48.848334804510735;-26.319812521528853;-48.82957121867639;2024-01-12 09:10:00;2024-01-12 09:22:00;12;2.73;4.9;89
VGM-001502;PAT-0078;USR-00188;Paranaguamirim;Itaum;-26.3402081812237;-48.81197359687647;-26.334488344935544;-48.81667106405113;2024-12-25 20:31:00;2024-12-25 21:04:00;33;0.54;3.0;20
VGM-001503;PAT-0037;USR-00279;Paranaguamirim;Anita Garibaldi;-26.344743579341934;-48.81002762100096;-26.314671414431242;-48.83874911090164;2024-01-11 20:37:00;2024-01-11 20:55:00;18;5.58;8.03;37
VGM-001504;PAT-0024;USR-00137;Centro;Anita Garibaldi;-26.30598752172374;-48.85089973994671;-26.31207998270568;-48.83870217034278;2024-04-13 15:36:00;2024-04-13 16:04:00;28;3.76;6.51;82
VGM-001505;PAT-0015;USR-00060;Iririú;Itaum;-26.27619804381214;-48.851026341342084;-26.331897647162553;-48.81943181639722;2024-01-27 16:00:00;2024-01-27 16:09:00;9;3.32;5.89;47
VGM-001506;PAT-0001;USR-00260;Centro;Paranaguamirim;-26.305411772191032;-48.84497369466402;-26.34318236402239;-48.81053621346641;2024-11-18 19:26:00;2024-11-18 20:00:00;34;6.66;10.21;21
VGM-001507;PAT-0078;USR-00008;América;América;-26.290198276307727;-48.84626617380835;-26.290958671580817;-48.85185002241629;2024-10-23 15:02:00;2024-10-23 15:36:00;34;8.44;9.71;53
VGM-001508;PAT-0028;USR-00216;Jardim Iririú;Jardim Iririú;-26.26766397453273;-48.86034990482474;-26.26977190206552;-48.86173057899745;2024-07-23 21:32:00;2024-07-23 22:12:00;40;3.96;5.74;38
VGM-001509;PAT-0029;USR-00233;América;América;-26.289920949072066;-48.84752612069428;-26.293418923568264;-48.84993310676802;2024-11-09 21:14:00;2024-11-09 21:20:00;6;3.43;5.56;82
VGM-001510;PAT-0037;USR-00063;Itaum;Iririú;-26.327351167384577;-48.82437605931402;-26.275360145825594;-48.850695513994545;2024-09-27 06:27:00;2024-09-27 07:06:00;39;1.59;4.01;73
VGM-001511;PAT-0032;USR-00208;Glória;América;-26.31687014261284;-48.831647209499216;-26.29466715741918;-48.84763072167155;2024-06-10 08:17:00;2024-06-10 09:01:00;44;3.94;6.79;46
VGM-001512;PAT-0044;USR-00261;Glória;Itaum;-26.317818769237736;-48.83432983462249;-26.325722542669244;-48.81504516389267;2024-08-01 21:07:00;2024-08-01 21:41:00;34;2.88;4.87;74
VGM-001513;PAT-0075;USR-00229;Iririú;Centro;-26.270444763040448;-48.850246568665206;-26.300722979020808;-48.85097431416798;2024-11-14 17:28:00;2024-11-14 17:58:00;30;7.98;11.01;37
VGM-001514;PAT-0038;USR-00174;Iririú;Anita Garibaldi;-26.279817674173234;-48.85183026092728;-26.309923794142595;-48.83887141855287;2024-01-11 11:18:00;2024-01-11 11:33:00;15;4.04;6.46;85
VGM-001515;PAT-0030;USR-00281;Itaum;Iririú;-26.333042220143163;-48.81647452578754;-26.278937861724113;-48.85390532236633;2024-08-28 17:28:00;2024-08-28 17:45:00;17;1.92;4.57;33
VGM-001516;PAT-0049;USR-00086;América;Anita Garibaldi;-26.29592437125022;-48.84662034768566;-26.309241227455303;-48.831794235606665;2024-09-16 13:37:00;2024-09-16 14:01:00;24;5.27;7.99;53
VGM-001517;PAT-0002;USR-00120;Paranaguamirim;Saguaçu;-26.338525252858453;-48.8191489651388;-26.28192042671891;-48.85014755657693;2024-11-04 20:08:00;2024-11-04 20:29:00;21;2.64;4.66;53
VGM-001518;PAT-0053;USR-00043;Iririú;Paranaguamirim;-26.2710196945105;-48.856144024074865;-26.337322353822856;-48.81760788911966;2024-12-30 18:26:00;2024-12-30 19:10:00;44;5.11;7.34;54
VGM-001519;PAT-0038;USR-00260;Jardim Iririú;Itaum;-26.27056517703424;-48.86428965110956;-26.333860341128805;-48.817130242006186;2024-07-03 21:51:00;2024-07-03 22:04:00;13;2.95;5.53;78
VGM-001520;PAT-0078;USR-00130;Saguaçu;Jardim Iririú;-26.280729654552037;-48.8508920689845;-26.266560920429324;-48.864436181461464;2024-11-14 12:18:00;2024-11-14 12:26:00;8;0.44;2.98;34
VGM-001521;PAT-0028;USR-00221;Centro;Centro;-26.308797326097107;-48.848906342229625;-26.301056752042506;-48.847506173524174;2024-12-07 21:08:00;2024-12-07 21:22:00;14;0.73;3.32;87
VGM-001522;PAT-0076;USR-00122;Itaum;Jardim Iririú;-26.32565563973194;-48.82030892788953;-26.267226465987804;-48.85994190777408;2024-04-12 11:38:00;2024-04-12 12:12:00;34;2.98;5.22;94
VGM-001523;PAT-0029;USR-00298;Glória;Itaum;-26.321483773127603;-48.832314378325464;-26.328535926247717;-48.8193965132565;2024-02-21 19:31:00;2024-02-21 19:53:00;22;4.21;6.17;49
VGM-001524;PAT-0020;USR-00236;Jardim Iririú;Itaum;-26.271985791715508;-48.863990218931825;-26.330416365205735;-48.81771384843207;2024-04-30 12:35:00;2024-04-30 12:41:00;6;1.46;3.68;95
VGM-001525;PAT-0018;USR-00245;Jardim Iririú;Centro;-26.268141282408138;-48.86332508910906;-26.30411292680116;-48.847651542765696;2024-01-10 17:56:00;2024-01-10 18:15:00;19;7.12;11.03;60
VGM-001526;PAT-0078;USR-00075;América;Glória;-26.293432234322797;-48.854527244364476;-26.324656231416483;-48.82887315655325;2024-07-01 11:11:00;2024-07-01 11:46:00;35;3.38;6.55;47
VGM-001527;PAT-0045;USR-00083;Iririú;Itaum;-26.27715127098038;-48.85026923202087;-26.328610369780264;-48.81914624577209;2024-01-17 08:21:00;2024-01-17 08:51:00;30;0.51;3.03;22
VGM-001528;PAT-0080;USR-00050;Saguaçu;Glória;-26.286927100350738;-48.84540707493081;-26.324185527871087;-48.82952383899346;2024-02-28 13:07:00;2024-02-28 13:45:00;38;3.86;5.84;93
VGM-001529;PAT-0058;USR-00058;América;América;-26.287969741021673;-48.84632238534731;-26.291649854056597;-48.84959516706858;2024-04-24 21:16:00;2024-04-24 21:40:00;24;2.96;5.76;72
VGM-001530;PAT-0002;USR-00052;Centro;Saguaçu;-26.30400838723325;-48.846802595134925;-26.287073449023325;-48.85040550828932;2024-06-30 07:49:00;2024-06-30 08:27:00;38;1.76;4.41;93
VGM-001531;PAT-0037;USR-00231;Bucarein;Jardim Iririú;-26.299886923008437;-48.844216315183374;-26.267545720497882;-48.864153512464156;2024-05-16 10:54:00;2024-05-16 11:29:00;35;5.33;8.09;25
VGM-001532;PAT-0013;USR-00250;Centro;Paranaguamirim;-26.303296662166893;-48.84321706802791;-26.343665836644767;-48.818807283279604;2024-11-05 09:45:00;2024-11-05 09:51:00;6;6.54;9.37;73
VGM-001533;PAT-0022;USR-00278;Centro;Iririú;-26.302238493257768;-48.847937460819594;-26.273083565980265;-48.85775417617346;2024-08-12 20:53:00;2024-08-12 21:03:00;10;5.58;8.68;83
VGM-001534;PAT-0078;USR-00294;Anita Garibaldi;Jardim Iririú;-26.314273759992666;-48.837006166262945;-26.265049884630717;-48.859998020644774;2024-02-24 09:52:00;2024-02-24 10:30:00;38;2.96;5.55;71
VGM-001535;PAT-0032;USR-00157;América;Iririú;-26.291864508984748;-48.85367494007792;-26.278366455502567;-48.85159557249454;2024-01-22 22:06:00;2024-01-22 22:19:00;13;6.5;8.68;53
VGM-001536;PAT-0024;USR-00079;Iririú;Paranaguamirim;-26.27878113906663;-48.858703210217755;-26.34395686912648;-48.81298706657911;2024-11-18 09:55:00;2024-11-18 10:11:00;16;0.62;3.19;97
VGM-001537;PAT-0080;USR-00255;Itaum;Iririú;-26.33318850650465;-48.82243536938983;-26.278544845172124;-48.85210959395798;2024-07-04 11:46:00;2024-07-04 12:07:00;21;4.5;6.63;100
VGM-001538;PAT-0035;USR-00221;Bucarein;América;-26.296188821460348;-48.84344680251526;-26.287228724381016;-48.85249024376074;2024-12-28 20:48:00;2024-12-28 21:23:00;35;6.23;8.86;20
VGM-001539;PAT-0034;USR-00064;Anita Garibaldi;Anita Garibaldi;-26.315185616523046;-48.833260057918544;-26.311718107382436;-48.83595346258352;2024-09-12 09:09:00;2024-09-12 09:53:00;44;6.15;8.91;92
VGM-001540;PAT-0078;USR-00189;América;Itaum;-26.29074836616333;-48.85537435157781;-26.330327390039923;-48.8210631811401;2024-07-05 16:52:00;2024-07-05 17:03:00;11;4.37;7.05;42
VGM-001541;PAT-0013;USR-00217;Bucarein;Paranaguamirim;-26.295909537382773;-48.844894930603346;-26.343932881808975;-48.81808126815595;2024-03-03 12:28:00;2024-03-03 12:57:00;29;7.9;11.13;42
VGM-001542;PAT-0062;USR-00218;Iririú;Itaum;-26.27893123076905;-48.85190976359708;-26.328504439932427;-48.82438783341856;2024-01-04 13:53:00;2024-01-04 14:26:00;33;1.45;4.05;84
VGM-001543;PAT-0017;USR-00059;Paranaguamirim;América;-26.33932687780371;-48.81853078076416;-26.28732000408105;-48.850090839071726;2024-06-23 15:32:00;2024-06-23 15:45:00;13;1.14;3.86;88
VGM-001544;PAT-0076;USR-00001;Centro;Anita Garibaldi;-26.30683437216299;-48.847773548534775;-26.308718141306766;-48.8301078331658;2024-02-13 14:23:00;2024-02-13 14:52:00;29;1.64;4.11;55
VGM-001545;PAT-0036;USR-00100;Centro;Centro;-26.299770731247627;-48.84255341078142;-26.303139452910195;-48.8495317029505;2024-07-03 13:09:00;2024-07-03 13:45:00;36;6.15;9.61;98
VGM-001546;PAT-0030;USR-00128;Glória;Iririú;-26.3201645435328;-48.833450746888566;-26.279247212833482;-48.859533151801;2024-08-03 13:08:00;2024-08-03 13:38:00;30;1.05;3.46;85
VGM-001547;PAT-0069;USR-00168;Centro;Saguaçu;-26.30134007450225;-48.85037263164382;-26.28887602972824;-48.84520468318176;2024-07-30 19:57:00;2024-07-30 20:29:00;32;3.25;5.8;78
VGM-001548;PAT-0027;USR-00249;América;Glória;-26.290497734578437;-48.8511546200492;-26.324506910128903;-48.832474139933154;2024-09-21 17:01:00;2024-09-21 17:32:00;31;3.23;5.56;54
VGM-001549;PAT-0004;USR-00250;Centro;Bucarein;-26.308965874671454;-48.84817580488722;-26.300425207835072;-48.83870356194647;2024-03-15 06:45:00;2024-03-15 07:21:00;36;0.97;3.43;60
VGM-001550;PAT-0010;USR-00299;Glória;Paranaguamirim;-26.31866848624406;-48.82936591635516;-26.343643385328395;-48.81296063332965;2024-02-05 08:21:00;2024-02-05 08:44:00;23;3.12;6.18;64
VGM-001551;PAT-0035;USR-00281;América;Saguaçu;-26.286485966577935;-48.847961951095165;-26.287399519597475;-48.84354326462949;2024-07-24 11:27:00;2024-07-24 11:33:00;6;0.87;3.28;34
VGM-001552;PAT-0062;USR-00299;Glória;Jardim Iririú;-26.318983881798538;-48.83362851511847;-26.26914941944281;-48.860910727642434;2024-07-20 07:42:00;2024-07-20 08:26:00;44;3.58;5.84;50
VGM-001553;PAT-0030;USR-00077;Iririú;Itaum;-26.27180811140573;-48.85419300915446;-26.32557017215929;-48.818380301605494;2024-03-18 07:40:00;2024-03-18 08:25:00;45;0.81;3.18;62
VGM-001554;PAT-0058;USR-00281;Saguaçu;Centro;-26.281157935366515;-48.8479449123961;-26.303296239402183;-48.84655145219187;2024-09-23 15:26:00;2024-09-23 15:54:00;28;3.71;5.5;88
VGM-001555;PAT-0058;USR-00122;Itaum;Jardim Iririú;-26.332719202280508;-48.82355921213987;-26.26465026214317;-48.858694113026914;2024-12-14 15:46:00;2024-12-14 16:09:00;23;6.78;9.28;78
VGM-001556;PAT-0031;USR-00078;Glória;Glória;-26.322879551600916;-48.82876001514471;-26.317896484992875;-48.83050401093992;2024-06-25 06:52:00;2024-06-25 07:12:00;20;6.0;8.04;37
VGM-001557;PAT-0020;USR-00045;Anita Garibaldi;Centro;-26.31089019011149;-48.83726359582139;-26.308274968694736;-48.84931367753576;2024-09-27 10:44:00;2024-09-27 11:12:00;28;4.79;7.52;82
VGM-001558;PAT-0004;USR-00079;Anita Garibaldi;América;-26.312889715301935;-48.83512165681456;-26.28864079593626;-48.850921025839966;2024-08-16 12:56:00;2024-08-16 13:33:00;37;1.03;3.73;35
VGM-001559;PAT-0001;USR-00149;Saguaçu;Jardim Iririú;-26.28160138697133;-48.85217727675723;-26.270249011184408;-48.85971415798563;2024-11-15 20:44:00;2024-11-15 21:09:00;25;2.0;4.26;78
VGM-001560;PAT-0069;USR-00151;Jardim Iririú;Jardim Iririú;-26.26399976876602;-48.860404159427866;-26.266608921530054;-48.8568939615174;2024-11-28 18:49:00;2024-11-28 19:04:00;15;1.6;3.89;54
VGM-001561;PAT-0068;USR-00032;América;Iririú;-26.29246578620697;-48.852935365319574;-26.276590380263567;-48.85264479294206;2024-06-03 08:02:00;2024-06-03 08:39:00;37;6.55;8.24;45
VGM-001562;PAT-0037;USR-00181;Anita Garibaldi;Centro;-26.314631294410255;-48.831776187888146;-26.299423277367353;-48.844562083760586;2024-06-20 18:46:00;2024-06-20 18:57:00;11;7.42;8.98;22
VGM-001563;PAT-0015;USR-00121;Iririú;Saguaçu;-26.27219474484756;-48.859430212730025;-26.287364485205032;-48.851866129044474;2024-09-23 15:13:00;2024-09-23 15:21:00;8;2.16;4.9;74
VGM-001564;PAT-0017;USR-00012;Anita Garibaldi;Iririú;-26.31425193964452;-48.83581392725082;-26.277208695292256;-48.85279383709336;2024-09-18 15:33:00;2024-09-18 15:57:00;24;0.76;3.36;90
VGM-001565;PAT-0011;USR-00166;Saguaçu;Glória;-26.281773856814862;-48.84841568575868;-26.315693277444375;-48.82999694843645;2024-11-21 11:01:00;2024-11-21 11:05:00;4;5.9;7.91;91
VGM-001566;PAT-0017;USR-00138;Itaum;Itaum;-26.33076261746351;-48.81774993923701;-26.334753555953636;-48.81605900463894;2024-10-03 14:15:00;2024-10-03 14:37:00;22;0.5;2.93;35
VGM-001567;PAT-0014;USR-00034;Jardim Iririú;Iririú;-26.266324501007087;-48.8592571242491;-26.273033110121265;-48.850801290658694;2024-08-04 22:07:00;2024-08-04 22:13:00;6;5.57;9.12;33
VGM-001568;PAT-0027;USR-00016;América;Glória;-26.295044646861655;-48.84932787662806;-26.31774673609264;-48.83444843409398;2024-07-09 14:40:00;2024-07-09 15:15:00;35;6.02;8.29;69
VGM-001569;PAT-0017;USR-00199;Paranaguamirim;Centro;-26.338761406753235;-48.81222950714348;-26.301036214225896;-48.84299358439646;2024-06-30 09:03:00;2024-06-30 09:47:00;44;4.23;6.83;54
VGM-001570;PAT-0075;USR-00163;Paranaguamirim;Paranaguamirim;-26.340482323212626;-48.811377970263415;-26.335255606893615;-48.81962302609577;2024-03-04 20:19:00;2024-03-04 20:58:00;39;0.65;3.26;24
VGM-001571;PAT-0080;USR-00015;Bucarein;Glória;-26.297133915368242;-48.84386124503278;-26.315243980808432;-48.83132830374305;2024-01-03 20:21:00;2024-01-03 20:39:00;18;6.52;8.78;45
VGM-001572;PAT-0038;USR-00186;Saguaçu;Anita Garibaldi;-26.288319857922552;-48.84761977294636;-26.316347232424338;-48.83457700024379;2024-10-24 13:22:00;2024-10-24 13:44:00;22;8.09;11.24;59
VGM-001573;PAT-0037;USR-00063;Jardim Iririú;Glória;-26.26563126255056;-48.85659891921561;-26.316781606772473;-48.83351899201373;2024-05-25 10:45:00;2024-05-25 11:12:00;27;8.13;12.22;46
VGM-001574;PAT-0043;USR-00136;Jardim Iririú;Iririú;-26.264372029224567;-48.85510548869035;-26.273536900663427;-48.852536861874306;2024-09-23 13:06:00;2024-09-23 13:29:00;23;1.43;3.91;95
VGM-001575;PAT-0069;USR-00218;Glória;Itaum;-26.322832601999092;-48.82610480688956;-26.328526578656266;-48.82491645295828;2024-09-21 12:52:00;2024-09-21 13:18:00;26;2.92;5.3;84
VGM-001576;PAT-0065;USR-00177;Iririú;Centro;-26.279042854444796;-48.856285327373755;-26.308116500733853;-48.849514009515666;2024-08-20 09:09:00;2024-08-20 09:39:00;30;3.48;5.45;86
VGM-001577;PAT-0043;USR-00282;Jardim Iririú;Jardim Iririú;-26.27276361413954;-48.863048334827816;-26.266498128335545;-48.85919203170146;2024-07-29 08:05:00;2024-07-29 08:11:00;6;5.5;8.58;28
VGM-001578;PAT-0028;USR-00041;Bucarein;Iririú;-26.296580284995567;-48.84210607462593;-26.270175174193987;-48.85285612437962;2024-08-05 10:30:00;2024-08-05 10:46:00;16;3.55;6.72;84
VGM-001579;PAT-0035;USR-00276;América;Glória;-26.289929059639114;-48.84858358548164;-26.315881814304607;-48.82583356897306;2024-08-16 08:23:00;2024-08-16 08:59:00;36;4.48;6.14;83
VGM-001580;PAT-0013;USR-00181;Glória;Centro;-26.31953302587286;-48.83007430929246;-26.30500869339195;-48.84414503348066;2024-07-25 22:49:00;2024-07-25 23:17:00;28;2.68;5.12;46
VGM-001581;PAT-0075;USR-00289;Glória;Saguaçu;-26.32268052903884;-48.83016819136686;-26.28960052026714;-48.84628220729745;2024-05-15 21:40:00;2024-05-15 22:10:00;30;0.49;3.04;90
VGM-001582;PAT-0029;USR-00054;América;América;-26.292090940040946;-48.84761769578918;-26.2923770651;-48.85205658853649;2024-08-13 21:46:00;2024-08-13 22:15:00;29;6.16;8.19;80
VGM-001583;PAT-0061;USR-00299;Iririú;Iririú;-26.274055236648138;-48.85638596220932;-26.27173609688399;-48.859987155744726;2024-03-24 10:32:00;2024-03-24 10:43:00;11;3.7;6.86;76
VGM-001584;PAT-0008;USR-00071;Paranaguamirim;Centro;-26.340032331411408;-48.81140205325188;-26.30238500898535;-48.84999840741265;2024-09-05 20:08:00;2024-09-05 20:43:00;35;0.86;3.44;65
VGM-001585;PAT-0034;USR-00133;Bucarein;Paranaguamirim;-26.29312214479785;-48.84293195199048;-26.34040656344406;-48.81465445455244;2024-09-27 09:44:00;2024-09-27 10:00:00;16;1.94;4.46;85
VGM-001586;PAT-0002;USR-00013;Bucarein;Itaum;-26.30163560247443;-48.84371766894321;-26.33444898464841;-48.818248701141556;2024-08-21 21:02:00;2024-08-21 21:15:00;13;0.6;3.03;48
VGM-001587;PAT-0010;USR-00036;América;Bucarein;-26.289048554459523;-48.851460100888005;-26.298731052721767;-48.84282551716103;2024-10-13 17:58:00;2024-10-13 18:08:00;10;2.18;4.83;49
VGM-001588;PAT-0009;USR-00004;América;Anita Garibaldi;-26.291956812318958;-48.84837553041325;-26.31230975060282;-48.83269320988472;2024-11-04 19:07:00;2024-11-04 19:17:00;10;4.33;7.01;47
VGM-001589;PAT-0017;USR-00175;Jardim Iririú;América;-26.268718003850744;-48.86373997972136;-26.28671444467106;-48.85078137704668;2024-07-08 15:02:00;2024-07-08 15:38:00;36;3.16;5.49;71
VGM-001590;PAT-0025;USR-00042;Centro;Paranaguamirim;-26.30222402234342;-48.84923580784128;-26.338589138964178;-48.81925823804406;2024-03-19 09:23:00;2024-03-19 09:45:00;22;0.96;3.36;56
VGM-001591;PAT-0071;USR-00053;Bucarein;América;-26.296075638486755;-48.83748555174337;-26.292883470833456;-48.85407983749032;2024-07-10 15:18:00;2024-07-10 15:52:00;34;7.53;11.39;80
VGM-001592;PAT-0010;USR-00138;Centro;Anita Garibaldi;-26.29948744006298;-48.84944508372619;-26.311746817355495;-48.83160001776756;2024-01-15 10:09:00;2024-01-15 10:49:00;40;4.48;6.33;77
VGM-001593;PAT-0009;USR-00036;Bucarein;Anita Garibaldi;-26.301716057105455;-48.841322726820685;-26.31633944692178;-48.83275087253376;2024-08-03 07:59:00;2024-08-03 08:21:00;22;7.1;10.73;21
VGM-001594;PAT-0032;USR-00122;Jardim Iririú;Jardim Iririú;-26.27195890350616;-48.85920685533338;-26.263274317643504;-48.856052380129874;2024-05-25 12:11:00;2024-05-25 12:45:00;34;3.56;6.43;52
VGM-001595;PAT-0045;USR-00233;Itaum;Itaum;-26.32775661182871;-48.8201037553795;-26.33139940098069;-48.82382442750879;2024-01-02 09:35:00;2024-01-02 10:00:00;25;1.55;4.26;32
VGM-001596;PAT-0024;USR-00297;Bucarein;Glória;-26.297216130829934;-48.84055254751423;-26.32022132645087;-48.82509777465385;2024-02-04 07:26:00;2024-02-04 07:59:00;33;0.36;2.93;49
VGM-001597;PAT-0049;USR-00199;Jardim Iririú;Iririú;-26.2702583933344;-48.862701732742025;-26.27644716025763;-48.8579059328605;2024-10-20 15:36:00;2024-10-20 16:07:00;31;5.45;8.67;21
VGM-001598;PAT-0080;USR-00077;América;Jardim Iririú;-26.29520580631011;-48.85047337732223;-26.266174882698838;-48.86488220123713;2024-06-21 18:30:00;2024-06-21 19:11:00;41;5.41;8.77;97
VGM-001599;PAT-0046;USR-00200;Iririú;Saguaçu;-26.279143417504034;-48.85627826744753;-26.283377678416706;-48.843025770609465;2024-03-08 10:32:00;2024-03-08 11:15:00;43;2.48;5.44;21
VGM-001600;PAT-0062;USR-00243;Bucarein;Bucarein;-26.29405809125336;-48.84038332740371;-26.295846776894706;-48.844189261145544;2024-08-23 20:42:00;2024-08-23 21:13:00;31;3.37;6.39;99
VGM-001601;PAT-0034;USR-00201;Saguaçu;Paranaguamirim;-26.288081326752813;-48.85158776456627;-26.34231856770388;-48.81331980547487;2024-03-17 16:05:00;2024-03-17 16:47:00;42;3.49;5.46;34
VGM-001602;PAT-0004;USR-00229;Paranaguamirim;Saguaçu;-26.341766284378846;-48.8142912258316;-26.28684331518836;-48.85123317685824;2024-12-06 19:24:00;2024-12-06 19:41:00;17;7.15;8.63;64
VGM-001603;PAT-0001;USR-00062;Paranaguamirim;Jardim Iririú;-26.34273343597773;-48.81814729644616;-26.271747487689037;-48.85919771467801;2024-07-21 16:34:00;2024-07-21 16:39:00;5;6.48;9.49;44
VGM-001604;PAT-0075;USR-00256;Iririú;Centro;-26.27645003694168;-48.857213569368845;-26.30284490028154;-48.84215965013546;2024-12-09 20:47:00;2024-12-09 21:07:00;20;2.4;5.01;85
VGM-001605;PAT-0049;USR-00032;Glória;América;-26.32430576157254;-48.83281290199676;-26.295602028726645;-48.852798188325714;2024-11-26 08:55:00;2024-11-26 09:08:00;13;1.91;4.29;73
VGM-001606;PAT-0001;USR-00176;Jardim Iririú;Iririú;-26.26780940209092;-48.863171622201314;-26.274023176644764;-48.85329746023955;2024-12-28 06:36:00;2024-12-28 07:19:00;43;7.66;10.31;22
VGM-001607;PAT-0010;USR-00238;Anita Garibaldi;Iririú;-26.31632387436408;-48.83174289048439;-26.271303041151484;-48.85812096411201;2024-12-28 15:35:00;2024-12-28 16:19:00;44;3.52;6.51;43
VGM-001608;PAT-0043;USR-00284;Paranaguamirim;Centro;-26.336996434921776;-48.81714292432339;-26.300491678517105;-48.844952046012814;2024-03-04 08:12:00;2024-03-04 08:54:00;42;5.63;7.34;89
VGM-001609;PAT-0054;USR-00229;América;Anita Garibaldi;-26.293662879180896;-48.84672876218136;-26.312509622396302;-48.836635496481826;2024-10-04 07:36:00;2024-10-04 08:12:00;36;4.0;6.64;36
VGM-001610;PAT-0046;USR-00154;Anita Garibaldi;Saguaçu;-26.311599880853954;-48.83030073474655;-26.285406963117868;-48.85088791741412;2024-04-06 21:32:00;2024-04-06 21:36:00;4;3.95;6.23;70
VGM-001611;PAT-0035;USR-00257;Bucarein;América;-26.294199209124383;-48.841287395300625;-26.29523030816992;-48.852868179492965;2024-03-02 11:01:00;2024-03-02 11:21:00;20;8.24;11.32;37
VGM-001612;PAT-0043;USR-00276;Iririú;Itaum;-26.273491226309527;-48.85856998877334;-26.328292349745567;-48.82321158931492;2024-04-15 13:53:00;2024-04-15 14:33:00;40;5.81;8.16;64
VGM-001613;PAT-0071;USR-00091;Itaum;Paranaguamirim;-26.329670422134484;-48.8212545175662;-26.336787405796272;-48.810980838921616;2024-08-15 08:51:00;2024-08-15 09:28:00;37;6.61;8.49;53
VGM-001614;PAT-0044;USR-00192;Jardim Iririú;América;-26.269756662468847;-48.857022677366515;-26.293553449453952;-48.85202813113683;2024-11-06 16:25:00;2024-11-06 17:05:00;40;1.98;4.7;41
VGM-001615;PAT-0050;USR-00090;Saguaçu;Iririú;-26.28666998086942;-48.84932609271303;-26.275786991183665;-48.85754720695025;2024-01-24 21:55:00;2024-01-24 21:59:00;4;1.22;3.66;25
VGM-001616;PAT-0013;USR-00280;Paranaguamirim;Glória;-26.338305130448017;-48.81912982781697;-26.316611606632346;-48.830515921589836;2024-06-23 19:11:00;2024-06-23 19:40:00;29;3.48;5.81;53
VGM-001617;PAT-0018;USR-00142;Bucarein;Itaum;-26.29305860638779;-48.84143215089072;-26.326228795323374;-48.82179463833194;2024-01-13 22:20:00;2024-01-13 22:47:00;27;1.18;3.64;28
VGM-001618;PAT-0009;USR-00170;Itaum;Itaum;-26.328381608101505;-48.81654879148504;-26.332568200197358;-48.817555807461865;2024-05-11 08:07:00;2024-05-11 08:16:00;9;7.95;9.09;41
VGM-001619;PAT-0017;USR-00071;Bucarein;Centro;-26.297422165826298;-48.83904073612857;-26.303894293654587;-48.84148780088115;2024-10-04 11:18:00;2024-10-04 11:30:00;12;1.99;4.75;49
VGM-001620;PAT-0053;USR-00114;América;Anita Garibaldi;-26.288693494897608;-48.854248768598694;-26.31507506849364;-48.83561966343302;2024-04-03 14:49:00;2024-04-03 14:57:00;8;6.53;7.76;30
VGM-001621;PAT-0058;USR-00157;Glória;Glória;-26.320347943877163;-48.82827235385587;-26.323981212358603;-48.826389666000274;2024-03-19 15:26:00;2024-03-19 15:39:00;13;6.33;8.78;98
VGM-001622;PAT-0031;USR-00272;Itaum;América;-26.33439857657399;-48.822794957365645;-26.28688879498608;-48.850341369264406;2024-01-31 16:11:00;2024-01-31 16:15:00;4;2.75;5.17;24
VGM-001623;PAT-0038;USR-00091;Anita Garibaldi;Itaum;-26.31137703184122;-48.83781792465448;-26.326794924957678;-48.823427643349056;2024-01-30 15:24:00;2024-01-30 15:33:00;9;5.96;8.87;65
VGM-001624;PAT-0078;USR-00045;Glória;América;-26.315423747154945;-48.826259282266946;-26.28839965098197;-48.84909377257919;2024-06-12 10:26:00;2024-06-12 10:49:00;23;2.06;4.71;77
VGM-001625;PAT-0001;USR-00050;Saguaçu;Bucarein;-26.288246970576424;-48.8505033104726;-26.302512336811866;-48.84186565502874;2024-05-12 18:52:00;2024-05-12 19:02:00;10;5.16;6.93;79
VGM-001626;PAT-0080;USR-00074;América;Saguaçu;-26.289099951091792;-48.85336752653482;-26.281562712072898;-48.84649393476748;2024-01-27 12:15:00;2024-01-27 12:56:00;41;2.79;4.94;37
VGM-001627;PAT-0025;USR-00076;Anita Garibaldi;Glória;-26.31499066311341;-48.83999346609239;-26.320619559240946;-48.82610312587428;2024-10-27 13:31:00;2024-10-27 14:06:00;35;4.1;6.65;20
VGM-001628;PAT-0038;USR-00249;Jardim Iririú;Glória;-26.26764172315527;-48.856293309658746;-26.321576048767042;-48.83059565429344;2024-09-15 18:07:00;2024-09-15 18:27:00;20;5.61;8.27;54
VGM-001629;PAT-0013;USR-00053;América;Saguaçu;-26.29503323550353;-48.84807405186791;-26.284535236389747;-48.84398822376782;2024-02-01 16:29:00;2024-02-01 17:07:00;38;2.18;5.1;55
VGM-001630;PAT-0071;USR-00048;América;Paranaguamirim;-26.29149629063742;-48.849726710649094;-26.344086467572765;-48.81249330985718;2024-07-27 08:30:00;2024-07-27 08:34:00;4;7.6;10.86;28
VGM-001631;PAT-0036;USR-00055;Bucarein;Paranaguamirim;-26.295438366711046;-48.83949734236061;-26.337433534506477;-48.81511395074122;2024-07-27 13:58:00;2024-07-27 14:02:00;4;7.22;9.0;22
VGM-001632;PAT-0078;USR-00258;Centro;Bucarein;-26.305924284757612;-48.84967951432576;-26.297175649231114;-48.84096777864342;2024-05-17 09:15:00;2024-05-17 09:53:00;38;2.08;4.32;27
VGM-001633;PAT-0024;USR-00186;Jardim Iririú;Centro;-26.266350882755127;-48.86041676405412;-26.30753409903127;-48.847944188674816;2024-11-29 10:19:00;2024-11-29 10:58:00;39;0.5;2.95;83
VGM-001634;PAT-0015;USR-00005;Anita Garibaldi;Iririú;-26.309045500392102;-48.83648780612651;-26.278117678002307;-48.850164027002606;2024-07-27 20:05:00;2024-07-27 20:48:00;43;0.4;2.91;95
VGM-001635;PAT-0062;USR-00230;Glória;Saguaçu;-26.315728221805205;-48.83406223473743;-26.288157513484272;-48.84632648836949;2024-09-13 12:50:00;2024-09-13 13:02:00;12;7.1;8.86;54
VGM-001636;PAT-0080;USR-00038;Centro;Jardim Iririú;-26.307053579181446;-48.84633869514786;-26.27242997612448;-48.86456153147503;2024-07-10 11:50:00;2024-07-10 12:08:00;18;7.35;10.72;32
VGM-001637;PAT-0037;USR-00273;Jardim Iririú;Bucarein;-26.269006840841907;-48.855792603496575;-26.297122015506282;-48.84373378094252;2024-10-02 19:58:00;2024-10-02 20:36:00;38;1.99;4.34;92
VGM-001638;PAT-0008;USR-00218;Paranaguamirim;Itaum;-26.343475839866695;-48.81959940880949;-26.326596518224115;-48.81876685566241;2024-08-19 07:00:00;2024-08-19 07:32:00;32;8.06;10.59;47
VGM-001639;PAT-0014;USR-00101;Jardim Iririú;Glória;-26.263075164978417;-48.86208539086506;-26.324825017860125;-48.83443666722201;2024-11-13 15:41:00;2024-11-13 15:54:00;13;3.49;6.17;40
VGM-001640;PAT-0072;USR-00087;Iririú;Anita Garibaldi;-26.270729990320756;-48.85792459063794;-26.316509953550288;-48.83976115808681;2024-01-01 07:59:00;2024-01-01 08:32:00;33;2.98;4.93;54
VGM-001641;PAT-0011;USR-00053;Glória;Glória;-26.319600428697196;-48.83261853346334;-26.31927229723313;-48.83049975760472;2024-05-19 14:53:00;2024-05-19 15:20:00;27;8.37;9.29;67
VGM-001642;PAT-0015;USR-00120;América;Paranaguamirim;-26.287579667056235;-48.84691565448121;-26.33680504314614;-48.81667309820307;2024-06-28 12:37:00;2024-06-28 13:12:00;35;5.23;8.69;50
VGM-001643;PAT-0004;USR-00201;Paranaguamirim;Centro;-26.339790420227278;-48.81531930945766;-26.306132611094316;-48.84681701391967;2024-05-24 07:10:00;2024-05-24 07:47:00;37;1.66;4.15;90
VGM-001644;PAT-0019;USR-00239;América;Saguaçu;-26.289764143119974;-48.8513370058706;-26.286503856011922;-48.8503730669012;2024-10-15 08:19:00;2024-10-15 08:27:00;8;4.33;6.35;29
VGM-001645;PAT-0046;USR-00266;Iririú;Itaum;-26.279108755678838;-48.852394243575446;-26.32903653502503;-48.82335282253057;2024-07-21 09:53:00;2024-07-21 10:04:00;11;4.9;6.43;27
VGM-001646;PAT-0024;USR-00202;Itaum;Anita Garibaldi;-26.32744729579503;-48.82345507795995;-26.314257871108758;-48.8331085664302;2024-10-11 14:56:00;2024-10-11 15:26:00;30;2.64;5.51;99
VGM-001647;PAT-0020;USR-00053;Bucarein;Glória;-26.301722865163647;-48.842127346459;-26.324733916339223;-48.82985428883732;2024-04-17 22:51:00;2024-04-17 23:14:00;23;8.39;10.67;81
VGM-001648;PAT-0074;USR-00259;Anita Garibaldi;Glória;-26.308739323697477;-48.83570014785879;-26.317647714818985;-48.832998457887506;2024-12-15 16:40:00;2024-12-15 16:59:00;19;7.33;9.51;98
VGM-001649;PAT-0075;USR-00294;Itaum;Centro;-26.327179719123293;-48.819030893094535;-26.303143500870586;-48.8480041057374;2024-12-28 20:17:00;2024-12-28 20:35:00;18;2.34;5.2;59
VGM-001650;PAT-0043;USR-00238;Paranaguamirim;Itaum;-26.33791255302257;-48.810004422967495;-26.329192440009443;-48.81908192092337;2024-12-05 16:21:00;2024-12-05 16:37:00;16;5.35;6.91;32
VGM-001651;PAT-0030;USR-00246;Itaum;Bucarein;-26.33463839619475;-48.81730551105918;-26.29558315871008;-48.84627770651728;2024-08-23 16:01:00;2024-08-23 16:12:00;11;7.55;8.71;38
VGM-001652;PAT-0020;USR-00229;Paranaguamirim;Centro;-26.341968716440547;-48.816021342969826;-26.30264769162438;-48.84972546990734;2024-11-26 06:38:00;2024-11-26 07:11:00;33;7.29;10.76;38
VGM-001653;PAT-0037;USR-00063;Iririú;Itaum;-26.27736887430089;-48.851724469477254;-26.332941180118215;-48.824267543958925;2024-01-03 06:43:00;2024-01-03 06:57:00;14;5.38;8.45;55
VGM-001654;PAT-0031;USR-00060;Centro;Anita Garibaldi;-26.305798635925285;-48.84949291636688;-26.313475189530568;-48.83187682667286;2024-07-30 21:48:00;2024-07-30 22:16:00;28;7.33;9.84;89
VGM-001655;PAT-0069;USR-00263;Jardim Iririú;Glória;-26.27212357253236;-48.86469536313691;-26.323738898583215;-48.827475907667875;2024-10-02 08:50:00;2024-10-02 09:34:00;44;8.06;9.19;79
VGM-001656;PAT-0054;USR-00122;Glória;Glória;-26.31563042176969;-48.832955516275355;-26.32370142986582;-48.82746687068121;2024-11-29 08:34:00;2024-11-29 08:38:00;4;7.93;10.96;23
VGM-001657;PAT-0072;USR-00142;Iririú;Jardim Iririú;-26.274461977592875;-48.85659588443885;-26.266238042536436;-48.85783674656524;2024-12-09 20:43:00;2024-12-09 20:53:00;10;2.79;5.64;95
VGM-001658;PAT-0034;USR-00022;América;Saguaçu;-26.29294475689342;-48.8508941924254;-26.281413998930176;-48.8463061457633;2024-06-29 18:52:00;2024-06-29 19:33:00;41;3.43;5.7;91
VGM-001659;PAT-0075;USR-00131;Centro;Iririú;-26.30543018482926;-48.84504870859459;-26.270372674161386;-48.85523008084621;2024-07-02 18:11:00;2024-07-02 18:14:00;3;4.96;8.39;80
VGM-001660;PAT-0049;USR-00062;Itaum;América;-26.33052797459495;-48.815893942827856;-26.289716528824506;-48.84957721836493;2024-03-04 20:23:00;2024-03-04 20:38:00;15;1.61;4.34;39
VGM-001661;PAT-0004;USR-00297;Itaum;Bucarein;-26.328994056666392;-48.81990145990449;-26.30115898676639;-48.84661638445212;2024-08-15 06:14:00;2024-08-15 06:18:00;4;0.74;3.11;69
VGM-001662;PAT-0042;USR-00223;Bucarein;Bucarein;-26.297843205723034;-48.84198724355374;-26.30194349654551;-48.840785355773434;2024-05-23 17:12:00;2024-05-23 17:20:00;8;2.07;4.21;52
VGM-001663;PAT-0050;USR-00117;Glória;Centro;-26.315806080267855;-48.83449756990177;-26.301271490284634;-48.843421222944635;2024-11-10 15:51:00;2024-11-10 16:08:00;17;1.86;4.38;93
VGM-001664;PAT-0031;USR-00075;Bucarein;Iririú;-26.29803036517094;-48.84665088447343;-26.2742124352364;-48.854996416396155;2024-04-29 21:23:00;2024-04-29 21:28:00;5;3.77;6.44;72
VGM-001665;PAT-0062;USR-00130;Itaum;Bucarein;-26.325078419851764;-48.819488400380834;-26.29681714978986;-48.84342486671573;2024-05-23 21:57:00;2024-05-23 22:38:00;41;7.49;9.33;46
VGM-001666;PAT-0015;USR-00235;Anita Garibaldi;América;-26.30848575042255;-48.83561821386752;-26.288185379112452;-48.85322573265199;2024-04-17 06:12:00;2024-04-17 06:55:00;43;0.92;3.34;43
VGM-001667;PAT-0032;USR-00016;Saguaçu;Saguaçu;-26.287914894856428;-48.844608196050196;-26.282967227722676;-48.84657197949838;2024-07-21 09:55:00;2024-07-21 10:15:00;20;3.72;6.38;42
VGM-001668;PAT-0024;USR-00136;Glória;Glória;-26.31569404785356;-48.83339320415288;-26.316655417471438;-48.8280719880137;2024-10-18 22:31:00;2024-10-18 22:44:00;13;0.48;3.05;67
VGM-001669;PAT-0045;USR-00085;Paranaguamirim;Saguaçu;-26.343836336021145;-48.81975028337883;-26.2894378609454;-48.84429032400137;2024-10-09 12:42:00;2024-10-09 13:21:00;39;6.62;8.65;30
VGM-001670;PAT-0017;USR-00300;Saguaçu;Jardim Iririú;-26.281825502915087;-48.8485096123207;-26.265524793632537;-48.86157665917539;2024-12-10 11:04:00;2024-12-10 11:44:00;40;7.67;10.03;83
VGM-001671;PAT-0028;USR-00230;Jardim Iririú;Saguaçu;-26.269193767065236;-48.86262521443248;-26.28149147242678;-48.84530227692614;2024-03-06 08:08:00;2024-03-06 08:27:00;19;2.78;5.58;58
VGM-001672;PAT-0013;USR-00283;Paranaguamirim;Itaum;-26.33622025679555;-48.81950385626661;-26.332138649575416;-48.819386441758105;2024-10-18 13:56:00;2024-10-18 14:32:00;36;2.45;5.31;38
VGM-001673;PAT-0011;USR-00260;Itaum;Saguaçu;-26.326319433098924;-48.81775401713153;-26.28359552726007;-48.84417163509322;2024-05-20 12:54:00;2024-05-20 12:58:00;4;7.93;10.5;43
VGM-001674;PAT-0065;USR-00170;América;Iririú;-26.287940745998824;-48.85488407000042;-26.276858379361627;-48.85472187891704;2024-12-20 14:43:00;2024-12-20 15:21:00;38;7.58;11.21;57
VGM-001675;PAT-0050;USR-00285;Centro;Paranaguamirim;-26.30149969563693;-48.845116804999925;-26.335420289335175;-48.814823701716016;2024-08-20 06:27:00;2024-08-20 07:11:00;44;6.86;10.59;21
VGM-001676;PAT-0069;USR-00085;Bucarein;Itaum;-26.29995320860902;-48.84418950249833;-26.334665764275645;-48.819221229185594;2024-12-10 07:54:00;2024-12-10 08:17:00;23;1.98;4.59;53
VGM-001677;PAT-0075;USR-00025;América;Jardim Iririú;-26.295190807169487;-48.85426503949645;-26.26720207156167;-48.85750684644857;2024-08-09 19:17:00;2024-08-09 19:27:00;10;7.84;10.74;47
VGM-001678;PAT-0020;USR-00233;Bucarein;Paranaguamirim;-26.298970198212345;-48.843202484770806;-26.343334964529504;-48.81035309521171;2024-12-14 22:29:00;2024-12-14 23:03:00;34;6.4;7.75;42
VGM-001679;PAT-0045;USR-00040;América;Centro;-26.294264754850136;-48.84798554223777;-26.30227779794823;-48.85046436645784;2024-07-04 22:48:00;2024-07-04 22:53:00;5;5.89;8.08;73
VGM-001680;PAT-0029;USR-00192;Centro;Iririú;-26.302450489110978;-48.84727906423096;-26.27824109716581;-48.85946565397609;2024-04-24 07:17:00;2024-04-24 07:46:00;29;0.55;3.08;32
VGM-001681;PAT-0024;USR-00022;Centro;Iririú;-26.305939002734622;-48.84369230350789;-26.277646167381015;-48.850624496625926;2024-09-29 20:20:00;2024-09-29 20:23:00;3;7.93;9.7;33
VGM-001682;PAT-0032;USR-00093;Saguaçu;Iririú;-26.2802438979914;-48.851745137032005;-26.27505629188954;-48.85470124374481;2024-07-19 12:21:00;2024-07-19 12:29:00;8;4.21;7.38;88
VGM-001683;PAT-0080;USR-00138;Glória;Iririú;-26.318590279226548;-48.827272285803346;-26.27085165050003;-48.85385096985433;2024-10-19 06:47:00;2024-10-19 07:04:00;17;0.42;2.91;99
VGM-001684;PAT-0075;USR-00246;Bucarein;Jardim Iririú;-26.294775194363655;-48.84463066675093;-26.270882856278522;-48.86017576398405;2024-12-19 19:04:00;2024-12-19 19:22:00;18;1.01;3.55;26
VGM-001685;PAT-0025;USR-00284;América;Anita Garibaldi;-26.29467475327258;-48.84922606870111;-26.31555759978882;-48.839063425473924;2024-04-10 11:21:00;2024-04-10 11:43:00;22;2.23;4.63;24
VGM-001686;PAT-0004;USR-00175;Paranaguamirim;Jardim Iririú;-26.336379855177274;-48.81434218445159;-26.26541023168146;-48.85731910621581;2024-02-02 09:01:00;2024-02-02 09:34:00;33;7.43;8.62;44
VGM-001687;PAT-0003;USR-00094;América;Jardim Iririú;-26.286772428094867;-48.846708552827884;-26.26799380467666;-48.857527753549114;2024-08-09 06:37:00;2024-08-09 07:20:00;43;5.05;8.44;59
VGM-001688;PAT-0068;USR-00037;Glória;Bucarein;-26.32012938081181;-48.83112677482025;-26.29388214887618;-48.843882966785074;2024-06-20 14:15:00;2024-06-20 14:24:00;9;4.87;8.12;68
VGM-001689;PAT-0037;USR-00298;Bucarein;Paranaguamirim;-26.29693747062249;-48.84633834811165;-26.3435338544284;-48.816937607547715;2024-08-30 13:21:00;2024-08-30 13:27:00;6;2.51;5.24;87
VGM-001690;PAT-0024;USR-00083;Saguaçu;Anita Garibaldi;-26.28235190199097;-48.85280844514449;-26.31054072106977;-48.83162158619095;2024-06-19 22:50:00;2024-06-19 23:08:00;18;6.06;9.2;75
VGM-001691;PAT-0028;USR-00002;Itaum;Itaum;-26.333251613727395;-48.816731414390276;-26.33267120853848;-48.82427642742259;2024-02-07 20:48:00;2024-02-07 20:57:00;9;4.23;6.58;32
VGM-001692;PAT-0063;USR-00174;Itaum;Glória;-26.329974339235363;-48.81975264362339;-26.323432395713485;-48.82618894851643;2024-11-16 20:37:00;2024-11-16 20:47:00;10;6.3;7.87;68
VGM-001693;PAT-0032;USR-00239;Itaum;Itaum;-26.331013369722275;-48.81724755948165;-26.328165705848427;-48.82243338310104;2024-02-13 07:58:00;2024-02-13 08:03:00;5;1.56;3.83;47
VGM-001694;PAT-0027;USR-00110;América;Centro;-26.294536260078377;-48.85365574399989;-26.303463153800912;-48.845270152522446;2024-07-12 16:56:00;2024-07-12 17:03:00;7;0.83;3.17;26
VGM-001695;PAT-0063;USR-00079;Bucarein;Saguaçu;-26.299324655777085;-48.84354916254487;-26.282451725416376;-48.84364005820998;2024-03-06 07:58:00;2024-03-06 08:29:00;31;5.86;9.06;80
VGM-001696;PAT-0042;USR-00201;Glória;América;-26.324318276906144;-48.83469896127789;-26.292905374235538;-48.849218774984635;2024-01-29 15:39:00;2024-01-29 16:22:00;43;0.55;3.1;21
VGM-001697;PAT-0030;USR-00106;Jardim Iririú;Jardim Iririú;-26.272741880930507;-48.85538507675426;-26.268520283436178;-48.86085570187533;2024-08-09 08:06:00;2024-08-09 08:12:00;6;4.38;6.87;39
VGM-001698;PAT-0074;USR-00278;Bucarein;Paranaguamirim;-26.30164833710845;-48.84032132093299;-26.340945283236696;-48.81310465791094;2024-10-13 07:18:00;2024-10-13 07:45:00;27;7.11;9.97;89
VGM-001699;PAT-0014;USR-00042;Anita Garibaldi;Iririú;-26.30736884888411;-48.83066794912241;-26.270159105360335;-48.85656020363683;2024-07-24 09:39:00;2024-07-24 10:08:00;29;3.68;6.14;71
VGM-001700;PAT-0018;USR-00235;Bucarein;América;-26.29750470464105;-48.844345035925706;-26.293077510432607;-48.85322741583651;2024-04-29 06:29:00;2024-04-29 06:56:00;27;8.28;10.4;77
VGM-001701;PAT-0008;USR-00201;Iririú;Bucarein;-26.270341778388467;-48.85388536388774;-26.30005182761653;-48.83703316722065;2024-08-25 19:56:00;2024-08-25 20:38:00;42;5.03;6.62;41
VGM-001702;PAT-0011;USR-00112;Glória;Paranaguamirim;-26.320675021216697;-48.82821500031707;-26.341454517911714;-48.8124920976882;2024-11-13 09:21:00;2024-11-13 10:05:00;44;0.66;3.07;27
VGM-001703;PAT-0013;USR-00052;Saguaçu;Iririú;-26.286881838669146;-48.84982450299742;-26.274354059187097;-48.853552800226176;2024-12-11 06:29:00;2024-12-11 07:05:00;36;0.82;3.39;39
VGM-001704;PAT-0018;USR-00004;Glória;Glória;-26.3199385813716;-48.82651890764984;-26.322476772557362;-48.831447103567804;2024-06-17 12:06:00;2024-06-17 12:15:00;9;6.61;9.38;24
VGM-001705;PAT-0014;USR-00236;Centro;Glória;-26.30500488311367;-48.841728385371;-26.31584710059621;-48.83450839170845;2024-01-07 08:37:00;2024-01-07 08:52:00;15;2.6;5.38;24
VGM-001706;PAT-0071;USR-00028;América;Iririú;-26.294943353157382;-48.84715144882304;-26.277343144351335;-48.859689431239644;2024-10-20 10:40:00;2024-10-20 11:15:00;35;2.61;4.86;96
VGM-001707;PAT-0038;USR-00077;Anita Garibaldi;Jardim Iririú;-26.310591736853098;-48.83260933024061;-26.2640418426844;-48.85945818744551;2024-05-11 17:26:00;2024-05-11 17:59:00;33;4.23;6.56;62
VGM-001708;PAT-0027;USR-00279;Paranaguamirim;Jardim Iririú;-26.342839618174903;-48.81722535320275;-26.271965249363536;-48.85737967278961;2024-11-13 20:11:00;2024-11-13 20:29:00;18;6.88;9.45;50
VGM-001709;PAT-0076;USR-00135;Saguaçu;Centro;-26.283804120451023;-48.85018383957894;-26.302834372976005;-48.845826208095566;2024-03-11 07:03:00;2024-03-11 07:14:00;11;0.5;3.01;70
VGM-001710;PAT-0049;USR-00059;Jardim Iririú;Anita Garibaldi;-26.26649798907602;-48.85536639679554;-26.307930144815618;-48.83159214928061;2024-06-08 19:32:00;2024-06-08 20:16:00;44;2.53;4.59;73
VGM-001711;PAT-0061;USR-00140;Glória;Saguaçu;-26.323479751468714;-48.83489715504064;-26.28831250561602;-48.85266573466907;2024-07-02 15:37:00;2024-07-02 16:14:00;37;7.45;9.04;37
VGM-001712;PAT-0075;USR-00237;Bucarein;Saguaçu;-26.30238650372889;-48.83983950026758;-26.280316730399008;-48.84933247923574;2024-03-15 10:30:00;2024-03-15 10:52:00;22;2.23;4.46;28
VGM-001713;PAT-0074;USR-00022;Anita Garibaldi;Anita Garibaldi;-26.309192384139315;-48.832937538374445;-26.312471166395845;-48.83762929608826;2024-11-04 16:18:00;2024-11-04 16:44:00;26;3.97;6.04;93
VGM-001714;PAT-0072;USR-00186;Iririú;Saguaçu;-26.275401995762305;-48.8537731045905;-26.28054284891559;-48.84852727031843;2024-01-05 22:37:00;2024-01-05 23:22:00;45;0.32;2.88;66
VGM-001715;PAT-0044;USR-00281;América;Iririú;-26.295418362044945;-48.84609891153913;-26.2732317995637;-48.859276236068055;2024-12-13 10:03:00;2024-12-13 10:21:00;18;5.63;9.15;45
VGM-001716;PAT-0068;USR-00100;Anita Garibaldi;Saguaçu;-26.307051336828305;-48.836881205642364;-26.286984131301264;-48.84345868358429;2024-09-16 07:27:00;2024-09-16 07:52:00;25;7.46;9.41;72
VGM-001717;PAT-0061;USR-00237;Anita Garibaldi;Itaum;-26.316422194390036;-48.83660028136207;-26.333116974750826;-48.82276744598931;2024-04-10 12:40:00;2024-04-10 12:55:00;15;7.15;10.26;89
VGM-001718;PAT-0072;USR-00140;Iririú;Itaum;-26.273049647711414;-48.85921060597053;-26.331962649537747;-48.81577692224516;2024-02-05 16:12:00;2024-02-05 16:57:00;45;3.87;5.86;94
VGM-001719;PAT-0009;USR-00079;Jardim Iririú;Centro;-26.263163210747365;-48.860572018634564;-26.308469825907373;-48.84694106844964;2024-08-31 20:38:00;2024-08-31 21:02:00;24;8.11;10.11;23
VGM-001720;PAT-0038;USR-00207;Anita Garibaldi;Glória;-26.314608198957842;-48.83738951473765;-26.323561320336566;-48.82514475866745;2024-10-23 16:39:00;2024-10-23 17:01:00;22;4.31;7.6;21
VGM-001721;PAT-0038;USR-00299;Centro;Paranaguamirim;-26.30797750631313;-48.84776613297823;-26.343953395596536;-48.8144594161654;2024-08-02 16:10:00;2024-08-02 16:19:00;9;2.2;4.36;63
VGM-001722;PAT-0076;USR-00260;Jardim Iririú;Jardim Iririú;-26.271786150605777;-48.856654282097445;-26.268770564562587;-48.855691671358244;2024-08-20 07:31:00;2024-08-20 07:48:00;17;7.26;9.89;79
VGM-001723;PAT-0035;USR-00168;Itaum;Bucarein;-26.33196724852432;-48.815645154864725;-26.29504421623742;-48.84694651011306;2024-01-02 13:44:00;2024-01-02 14:01:00;17;0.69;3.07;80
VGM-001724;PAT-0075;USR-00236;Iririú;Itaum;-26.278989541889892;-48.85814266927994;-26.333586164457834;-48.81751761193819;2024-08-26 12:15:00;2024-08-26 12:48:00;33;3.29;5.15;97
VGM-001725;PAT-0019;USR-00128;Centro;Paranaguamirim;-26.30247838658306;-48.84747491068447;-26.343696795668276;-48.810969493468974;2024-06-18 18:13:00;2024-06-18 18:41:00;28;5.2;8.43;60
VGM-001726;PAT-0022;USR-00135;Anita Garibaldi;Anita Garibaldi;-26.3163770820187;-48.830713694378844;-26.31056571050483;-48.838602794330214;2024-04-04 06:23:00;2024-04-04 06:26:00;3;4.04;7.18;23
VGM-001727;PAT-0065;USR-00024;Glória;Itaum;-26.319905778718503;-48.83438191539311;-26.333028170180317;-48.82403874148268;2024-02-07 17:01:00;2024-02-07 17:39:00;38;4.17;6.11;27
VGM-001728;PAT-0027;USR-00110;América;Saguaçu;-26.28603303146147;-48.855076394718886;-26.28902389961891;-48.84875427392814;2024-02-28 10:18:00;2024-02-28 10:49:00;31;1.64;3.88;32
VGM-001729;PAT-0063;USR-00263;Anita Garibaldi;América;-26.308860297304943;-48.83837209010794;-26.294331514217944;-48.84666321093867;2024-04-09 17:02:00;2024-04-09 17:06:00;4;5.7;8.43;83
VGM-001730;PAT-0063;USR-00094;Centro;América;-26.30324780561769;-48.845247871658735;-26.286762686041232;-48.850576134398096;2024-04-11 12:18:00;2024-04-11 12:32:00;14;3.34;5.17;51
VGM-001731;PAT-0068;USR-00283;Saguaçu;Itaum;-26.286937463792135;-48.85149527728994;-26.326785287472237;-48.819725435362784;2024-04-22 14:46:00;2024-04-22 15:00:00;14;4.82;6.57;37
VGM-001732;PAT-0074;USR-00168;Iririú;Bucarein;-26.273761041637083;-48.85031923618549;-26.29945935437645;-48.84558873881701;2024-06-22 13:11:00;2024-06-22 13:26:00;15;1.49;4.14;62
VGM-001733;PAT-0015;USR-00015;Jardim Iririú;Bucarein;-26.267729585360883;-48.86053285472742;-26.296441792326725;-48.84699210488907;2024-01-12 11:53:00;2024-01-12 12:12:00;19;6.33;8.17;92
VGM-001734;PAT-0044;USR-00126;Saguaçu;América;-26.285739166161097;-48.8479848203965;-26.29062724326332;-48.847898599092545;2024-02-21 06:53:00;2024-02-21 07:04:00;11;3.14;5.66;21
VGM-001735;PAT-0015;USR-00111;Centro;Saguaçu;-26.308092896232598;-48.84873341384195;-26.283228757365176;-48.85212425437014;2024-07-13 09:21:00;2024-07-13 09:37:00;16;1.73;4.35;23
VGM-001736;PAT-0002;USR-00087;Jardim Iririú;Glória;-26.264133957847594;-48.86029039747565;-26.31817328847537;-48.82866150181265;2024-06-05 20:15:00;2024-06-05 20:41:00;26;3.59;5.56;79
VGM-001737;PAT-0018;USR-00204;Bucarein;Anita Garibaldi;-26.298502153511784;-48.84038086367363;-26.3107126598494;-48.830853835454846;2024-07-09 11:33:00;2024-07-09 12:15:00;42;4.13;6.62;47
VGM-001738;PAT-0050;USR-00028;Jardim Iririú;Anita Garibaldi;-26.271053774881793;-48.85748822863046;-26.314338986314628;-48.837913480868416;2024-08-10 08:07:00;2024-08-10 08:19:00;12;3.15;5.74;98
VGM-001739;PAT-0049;USR-00285;América;Itaum;-26.292322406491227;-48.8484613191729;-26.33460993579237;-48.818347271637634;2024-03-07 12:12:00;2024-03-07 12:49:00;37;2.7;5.03;79
VGM-001740;PAT-0034;USR-00059;Centro;Paranaguamirim;-26.305258702474713;-48.84542108887306;-26.3404443321801;-48.81921301423292;2024-07-12 17:20:00;2024-07-12 18:01:00;41;6.98;8.42;31
VGM-001741;PAT-0068;USR-00228;Centro;Itaum;-26.301124621044334;-48.84215640225006;-26.32609026115309;-48.81896244856162;2024-08-07 13:58:00;2024-08-07 14:03:00;5;6.46;8.23;44
VGM-001742;PAT-0015;USR-00236;Saguaçu;Iririú;-26.282663856194386;-48.84482592152694;-26.27430502741481;-48.85836068279046;2024-11-11 12:54:00;2024-11-11 13:31:00;37;4.35;6.11;24
VGM-001743;PAT-0008;USR-00025;Glória;Bucarein;-26.317306951063586;-48.82742951885301;-26.29467608958298;-48.83964046439485;2024-05-30 10:20:00;2024-05-30 10:38:00;18;4.75;7.57;77
VGM-001744;PAT-0043;USR-00129;Bucarein;Itaum;-26.302889687355712;-48.846443944783196;-26.325083756570386;-48.82198768705206;2024-01-28 14:55:00;2024-01-28 15:06:00;11;3.25;5.49;41
VGM-001745;PAT-0031;USR-00032;Paranaguamirim;Saguaçu;-26.3408384600182;-48.8199312203778;-26.288363837958617;-48.848366089911956;2024-09-17 21:13:00;2024-09-17 21:21:00;8;3.84;5.98;40
VGM-001746;PAT-0071;USR-00151;Paranaguamirim;Glória;-26.340186558483648;-48.81787552722804;-26.31808222360858;-48.82900569457972;2024-08-28 08:10:00;2024-08-28 08:45:00;35;5.24;6.8;31
VGM-001747;PAT-0001;USR-00260;Anita Garibaldi;Iririú;-26.31680807723177;-48.83336476406087;-26.273257064263;-48.85828726589333;2024-07-17 22:23:00;2024-07-17 22:57:00;34;7.56;11.45;33
VGM-001748;PAT-0063;USR-00092;Anita Garibaldi;Iririú;-26.31440186791255;-48.835888025111174;-26.270200445526417;-48.85258362181382;2024-09-22 20:11:00;2024-09-22 20:34:00;23;3.03;5.97;46
VGM-001749;PAT-0049;USR-00028;América;América;-26.28839710176878;-48.851975937407005;-26.286143992660474;-48.85297359659363;2024-12-30 17:33:00;2024-12-30 18:06:00;33;3.24;5.51;89
VGM-001750;PAT-0004;USR-00029;América;Iririú;-26.294628902942712;-48.847154131117705;-26.27313321388276;-48.85337628140087;2024-09-10 21:17:00;2024-09-10 21:57:00;40;4.13;6.04;68
VGM-001751;PAT-0080;USR-00202;Glória;Paranaguamirim;-26.319646898685473;-48.82604437151868;-26.34256385208018;-48.818417169493;2024-07-24 07:13:00;2024-07-24 07:30:00;17;6.48;8.71;92
VGM-001752;PAT-0008;USR-00277;Iririú;Paranaguamirim;-26.277847981279827;-48.85090824735946;-26.337014441618695;-48.81311882340793;2024-04-13 20:55:00;2024-04-13 21:13:00;18;7.37;9.9;25
VGM-001753;PAT-0058;USR-00240;Jardim Iririú;Paranaguamirim;-26.27287879225356;-48.86186121923485;-26.34392970865789;-48.81871811927189;2024-07-21 12:19:00;2024-07-21 12:49:00;30;1.65;4.46;85
VGM-001754;PAT-0078;USR-00118;Jardim Iririú;Itaum;-26.270587985424005;-48.85808944187261;-26.327193006958282;-48.8207464350373;2024-07-12 11:59:00;2024-07-12 12:25:00;26;0.65;3.04;80
VGM-001755;PAT-0034;USR-00115;Iririú;Bucarein;-26.2702412624509;-48.85728366818725;-26.293898038758552;-48.84452793926261;2024-05-10 08:08:00;2024-05-10 08:16:00;8;4.45;6.55;29
VGM-001756;PAT-0022;USR-00151;Paranaguamirim;Itaum;-26.33698462888117;-48.81809390166925;-26.331171666052313;-48.817516247505715;2024-05-31 20:33:00;2024-05-31 20:58:00;25;7.35;11.31;69
VGM-001757;PAT-0003;USR-00093;Glória;Jardim Iririú;-26.31540423355679;-48.83315367542652;-26.266693647050168;-48.86237964995493;2024-04-27 07:29:00;2024-04-27 08:04:00;35;5.43;7.36;83
VGM-001758;PAT-0024;USR-00005;Jardim Iririú;Jardim Iririú;-26.26812145956074;-48.86157892379136;-26.268698572679032;-48.85618282693605;2024-11-14 16:27:00;2024-11-14 16:58:00;31;5.21;7.09;38
VGM-001759;PAT-0030;USR-00204;Glória;Glória;-26.323902638013227;-48.8307004238022;-26.32062234945012;-48.826081797885934;2024-08-27 19:26:00;2024-08-27 19:52:00;26;4.73;6.76;43
VGM-001760;PAT-0071;USR-00239;Iririú;Jardim Iririú;-26.274520405110263;-48.851690508289444;-26.26989629110892;-48.86303558684777;2024-09-11 16:17:00;2024-09-11 16:44:00;27;7.12;8.49;35
VGM-001761;PAT-0062;USR-00034;Jardim Iririú;Anita Garibaldi;-26.2684562266544;-48.86380108906527;-26.3093787037955;-48.833861540549925;2024-01-13 11:28:00;2024-01-13 11:45:00;17;1.61;4.09;23
VGM-001762;PAT-0018;USR-00208;Centro;Anita Garibaldi;-26.300956429172604;-48.843850741526055;-26.307638234358336;-48.8391228235828;2024-05-15 08:22:00;2024-05-15 08:30:00;8;6.85;8.28;52
VGM-001763;PAT-0003;USR-00260;Iririú;Itaum;-26.279019174192157;-48.854685450858106;-26.325592491407654;-48.821084629003984;2024-05-30 22:32:00;2024-05-30 23:09:00;37;1.44;3.73;60
VGM-001764;PAT-0034;USR-00131;Glória;Glória;-26.32011758862978;-48.832120546573236;-26.32325218715125;-48.82786678270499;2024-11-25 08:50:00;2024-11-25 09:10:00;20;6.99;9.39;55
VGM-001765;PAT-0058;USR-00214;Iririú;Centro;-26.278499513353058;-48.85507180415467;-26.300652563503437;-48.844605767531505;2024-04-26 09:07:00;2024-04-26 09:14:00;7;1.99;4.72;72
VGM-001766;PAT-0078;USR-00075;Paranaguamirim;Paranaguamirim;-26.341753240731098;-48.817000579302224;-26.337625685585728;-48.81375299330593;2024-07-03 07:34:00;2024-07-03 07:49:00;15;5.98;8.88;34
VGM-001767;PAT-0020;USR-00214;Saguaçu;Iririú;-26.282626429226124;-48.84703918044762;-26.277471625993094;-48.857174591363375;2024-06-19 12:43:00;2024-06-19 13:07:00;24;0.97;3.34;83
VGM-001768;PAT-0029;USR-00112;Jardim Iririú;Jardim Iririú;-26.268239818706313;-48.86066156077145;-26.272327153870787;-48.861219750505654;2024-05-08 15:47:00;2024-05-08 16:07:00;20;3.74;5.77;34
VGM-001769;PAT-0072;USR-00160;América;Anita Garibaldi;-26.292241117148542;-48.85435594470921;-26.314320027331156;-48.838970538553;2024-04-07 10:54:00;2024-04-07 11:31:00;37;1.22;3.48;92
VGM-001770;PAT-0049;USR-00198;Glória;América;-26.3210552372143;-48.833834169254445;-26.286877917632186;-48.848809771795665;2024-05-13 06:49:00;2024-05-13 07:11:00;22;4.41;6.31;41
VGM-001771;PAT-0045;USR-00177;Paranaguamirim;Itaum;-26.34040553231594;-48.814533043179274;-26.328668213251042;-48.81996111203209;2024-05-24 17:50:00;2024-05-24 18:18:00;28;0.64;3.04;90
VGM-001772;PAT-0014;USR-00124;Centro;Saguaçu;-26.30154983456163;-48.842175869667145;-26.282789453391022;-48.845912343676545;2024-07-26 06:30:00;2024-07-26 07:14:00;44;1.15;3.65;28
VGM-001773;PAT-0025;USR-00289;Anita Garibaldi;Itaum;-26.308079153110597;-48.83656042313442;-26.332428476488907;-48.82251056475203;2024-09-19 10:55:00;2024-09-19 11:23:00;28;0.33;2.87;80
VGM-001774;PAT-0061;USR-00063;Itaum;Itaum;-26.32544665313496;-48.81766999892778;-26.32780611844425;-48.82175561771365;2024-04-26 13:46:00;2024-04-26 14:02:00;16;7.96;10.58;20
VGM-001775;PAT-0020;USR-00023;Bucarein;Itaum;-26.295130966137446;-48.8404133864506;-26.33471878493722;-48.821657846627396;2024-08-30 13:33:00;2024-08-30 14:13:00;40;5.75;7.52;78
VGM-001776;PAT-0030;USR-00170;Anita Garibaldi;Bucarein;-26.313845931042522;-48.83068445085691;-26.29924678654227;-48.846742575902525;2024-10-09 20:46:00;2024-10-09 21:18:00;32;1.65;4.23;52
VGM-001777;PAT-0020;USR-00286;Iririú;Centro;-26.273118652939132;-48.85179018982701;-26.303132466514576;-48.8477895212717;2024-06-23 08:20:00;2024-06-23 08:35:00;15;2.16;4.45;59
VGM-001778;PAT-0028;USR-00001;Jardim Iririú;Saguaçu;-26.268623968759446;-48.859333947410946;-26.288539034344588;-48.84496695426482;2024-08-07 19:13:00;2024-08-07 19:44:00;31;6.12;9.67;51
VGM-001779;PAT-0001;USR-00292;Centro;Bucarein;-26.30685329377954;-48.84462969501766;-26.29476996425553;-48.8380270150425;2024-08-18 06:23:00;2024-08-18 06:34:00;11;3.05;5.45;72
VGM-001780;PAT-0003;USR-00047;Bucarein;Anita Garibaldi;-26.29459128420574;-48.83801613533416;-26.314649687011883;-48.83481781684364;2024-10-22 10:19:00;2024-10-22 10:22:00;3;1.26;3.8;26
VGM-001781;PAT-0069;USR-00005;Saguaçu;Saguaçu;-26.289615736510378;-48.84900481215413;-26.283477188871817;-48.848444983047806;2024-09-12 17:21:00;2024-09-12 17:38:00;17;6.3;8.4;38
VGM-001782;PAT-0078;USR-00087;Itaum;Saguaçu;-26.325982380078646;-48.82173205294142;-26.285948028574246;-48.852691753813005;2024-08-02 19:43:00;2024-08-02 20:11:00;28;6.83;10.23;48
VGM-001783;PAT-0062;USR-00058;Iririú;Paranaguamirim;-26.27538522535375;-48.85989188916364;-26.339039564045223;-48.811207956624145;2024-12-19 15:20:00;2024-12-19 16:00:00;40;4.8;7.85;58
VGM-001784;PAT-0074;USR-00154;Bucarein;América;-26.296627985231915;-48.83873448925809;-26.294925494473713;-48.85586989786574;2024-01-12 07:59:00;2024-01-12 08:10:00;11;3.54;6.3;57
VGM-001785;PAT-0010;USR-00054;América;Saguaçu;-26.289406460777943;-48.847990192995965;-26.289830872000785;-48.8435524991979;2024-03-19 16:36:00;2024-03-19 17:19:00;43;5.69;8.05;36
VGM-001786;PAT-0045;USR-00238;Bucarein;Saguaçu;-26.294048822592934;-48.845955454819;-26.280904355726197;-48.84810783751312;2024-11-04 18:24:00;2024-11-04 18:40:00;16;3.52;6.38;43
VGM-001787;PAT-0008;USR-00004;Itaum;Itaum;-26.328633303178325;-48.81923142618867;-26.332303699912327;-48.82158065506425;2024-07-19 08:34:00;2024-07-19 09:01:00;27;5.03;8.27;66
VGM-001788;PAT-0071;USR-00028;América;Centro;-26.2898606641524;-48.85136018301833;-26.301203229972195;-48.841957815651575;2024-04-06 21:06:00;2024-04-06 21:30:00;24;6.45;8.26;38
VGM-001789;PAT-0035;USR-00225;Glória;Iririú;-26.324333479594394;-48.83381290904491;-26.270006496995276;-48.8597560900689;2024-10-18 20:40:00;2024-10-18 21:02:00;22;5.94;9.21;31
VGM-001790;PAT-0038;USR-00234;Paranaguamirim;Saguaçu;-26.33981591978055;-48.81019431772939;-26.28788568742001;-48.847185751051306;2024-02-17 11:06:00;2024-02-17 11:44:00;38;8.4;10.04;70
VGM-001791;PAT-0043;USR-00177;Jardim Iririú;Bucarein;-26.27149830999183;-48.86285304112537;-26.300348292588165;-48.84151067475501;2024-03-31 07:52:00;2024-03-31 08:33:00;41;2.15;4.32;21
VGM-001792;PAT-0045;USR-00035;Paranaguamirim;Anita Garibaldi;-26.337625662312785;-48.81932765819909;-26.310371402123653;-48.83780679598789;2024-09-07 06:11:00;2024-09-07 06:26:00;15;5.58;8.11;38
VGM-001793;PAT-0027;USR-00046;Anita Garibaldi;Saguaçu;-26.311877780791875;-48.83405152620498;-26.280345513653995;-48.8487111256865;2024-02-05 18:18:00;2024-02-05 18:34:00;16;1.58;4.11;63
VGM-001794;PAT-0045;USR-00262;Glória;Jardim Iririú;-26.318197722207916;-48.82761133322867;-26.263841856518095;-48.858477359940565;2024-04-29 15:42:00;2024-04-29 16:18:00;36;5.99;9.68;43
VGM-001795;PAT-0008;USR-00237;Iririú;América;-26.279583270993975;-48.859675565539526;-26.290971244799344;-48.84872868803118;2024-02-05 20:03:00;2024-02-05 20:29:00;26;6.48;8.74;47
VGM-001796;PAT-0037;USR-00032;Iririú;Iririú;-26.27915207983954;-48.85341282361273;-26.27204889717473;-48.85999283141293;2024-09-22 06:10:00;2024-09-22 06:33:00;23;6.17;8.27;95
VGM-001797;PAT-0031;USR-00052;Itaum;Centro;-26.327836766119372;-48.819677081240485;-26.308042541469003;-48.841831465699094;2024-07-29 18:10:00;2024-07-29 18:20:00;10;7.62;10.34;54
VGM-001798;PAT-0017;USR-00106;Saguaçu;Saguaçu;-26.289279156640013;-48.85196734991125;-26.28022561815796;-48.85135474627607;2024-03-07 19:30:00;2024-03-07 19:37:00;7;8.25;10.58;30
VGM-001799;PAT-0025;USR-00028;Itaum;Itaum;-26.334287432722345;-48.823274761230536;-26.32535646765964;-48.82266419565778;2024-07-18 12:08:00;2024-07-18 12:24:00;16;6.86;10.02;38
VGM-001800;PAT-0024;USR-00071;Glória;Paranaguamirim;-26.324878915247652;-48.829320257026836;-26.343362710421207;-48.81736526554306;2024-06-07 19:52:00;2024-06-07 20:37:00;45;4.36;6.85;22
VGM-001801;PAT-0024;USR-00207;Glória;Paranaguamirim;-26.315434986017006;-48.832036423864864;-26.342005768751967;-48.81962179863448;2024-08-31 11:38:00;2024-08-31 12:17:00;39;7.81;10.94;94
VGM-001802;PAT-0065;USR-00085;Bucarein;Bucarein;-26.29562491640541;-48.83761684271349;-26.301998450024932;-48.8457694787641;2024-06-07 12:32:00;2024-06-07 13:04:00;32;6.0;8.61;54
VGM-001803;PAT-0032;USR-00272;Centro;Anita Garibaldi;-26.30586748591498;-48.84301259770516;-26.31428282401102;-48.83013650077056;2024-05-21 12:00:00;2024-05-21 12:12:00;12;2.81;5.46;59
VGM-001804;PAT-0024;USR-00259;Saguaçu;Jardim Iririú;-26.287034644187123;-48.843164327934865;-26.26484044210585;-48.861847832626225;2024-08-16 08:52:00;2024-08-16 09:20:00;28;6.5;8.75;77
VGM-001805;PAT-0024;USR-00152;Paranaguamirim;Iririú;-26.341502967702542;-48.817403291610496;-26.276216843928346;-48.858846989096605;2024-11-05 13:33:00;2024-11-05 13:57:00;24;2.78;5.75;80
VGM-001806;PAT-0037;USR-00223;Iririú;Bucarein;-26.272253464688188;-48.85030276367202;-26.30211603032853;-48.845930087388254;2024-10-18 21:29:00;2024-10-18 22:01:00;32;2.02;4.21;43
VGM-001807;PAT-0004;USR-00142;Saguaçu;Anita Garibaldi;-26.283386293889297;-48.84868766130209;-26.313577744752212;-48.8328054003233;2024-10-21 07:47:00;2024-10-21 07:55:00;8;5.53;7.98;68
VGM-001808;PAT-0049;USR-00164;América;Jardim Iririú;-26.294148044321325;-48.85252481204686;-26.263186166657587;-48.85645431335967;2024-05-27 20:22:00;2024-05-27 20:44:00;22;8.1;9.18;98
VGM-001809;PAT-0019;USR-00192;Itaum;Bucarein;-26.33325890664666;-48.824496504730305;-26.296703164047408;-48.84443047700491;2024-07-19 11:26:00;2024-07-19 11:44:00;18;1.87;4.64;22
VGM-001810;PAT-0049;USR-00204;Jardim Iririú;Iririú;-26.272016043502866;-48.864472347421405;-26.275838390535938;-48.85979090487665;2024-04-01 19:29:00;2024-04-01 19:56:00;27;0.43;2.93;46
VGM-001811;PAT-0032;USR-00233;Saguaçu;Anita Garibaldi;-26.283396972802986;-48.84607988744053;-26.31533461486503;-48.837769099815546;2024-12-03 11:44:00;2024-12-03 12:23:00;39;2.73;5.67;43
VGM-001812;PAT-0069;USR-00162;Iririú;Glória;-26.27235627337778;-48.855420710055654;-26.315138232027163;-48.83443484309203;2024-02-18 18:44:00;2024-02-18 18:49:00;5;2.0;4.51;73
VGM-001813;PAT-0008;USR-00142;Glória;América;-26.32234953571675;-48.83273478373964;-26.28779150990737;-48.8549660506337;2024-05-02 11:17:00;2024-05-02 12:00:00;43;7.09;10.46;100
VGM-001814;PAT-0043;USR-00013;América;Centro;-26.29579055038969;-48.84986029693675;-26.306585226975493;-48.84688491880153;2024-10-02 15:42:00;2024-10-02 15:49:00;7;5.88;9.23;65
VGM-001815;PAT-0058;USR-00202;Centro;Bucarein;-26.308578283325236;-48.8486714188175;-26.302299313042788;-48.84470081629138;2024-12-23 12:58:00;2024-12-23 13:32:00;34;0.85;3.19;60
VGM-001816;PAT-0061;USR-00189;Jardim Iririú;Saguaçu;-26.26332139965155;-48.85922368245655;-26.289433744426226;-48.847840541214744;2024-07-29 09:23:00;2024-07-29 09:30:00;7;4.01;6.93;32
VGM-001817;PAT-0019;USR-00168;Anita Garibaldi;Jardim Iririú;-26.314045552225227;-48.83640791253018;-26.271796218504946;-48.86246506246743;2024-02-23 22:49:00;2024-02-23 23:12:00;23;1.28;3.72;48
VGM-001818;PAT-0038;USR-00076;Jardim Iririú;Jardim Iririú;-26.26530776852162;-48.85676447773388;-26.267192314163857;-48.85559462698897;2024-07-28 20:10:00;2024-07-28 20:29:00;19;8.05;9.4;36
VGM-001819;PAT-0071;USR-00028;Anita Garibaldi;Bucarein;-26.31075336431146;-48.831793038392334;-26.293712365787943;-48.83794056032074;2024-04-16 22:02:00;2024-04-16 22:34:00;32;5.72;8.58;80
VGM-001820;PAT-0078;USR-00056;Paranaguamirim;Saguaçu;-26.341180603603473;-48.815226496018774;-26.28503256571994;-48.84733193894989;2024-01-14 08:40:00;2024-01-14 09:12:00;32;0.39;2.84;72
VGM-001821;PAT-0050;USR-00151;Glória;Jardim Iririú;-26.322943127378046;-48.83149180890665;-26.264570545175438;-48.861455760080126;2024-07-14 16:47:00;2024-07-14 17:15:00;28;5.2;7.13;30
VGM-001822;PAT-0010;USR-00175;Saguaçu;Bucarein;-26.288786135818405;-48.84937440203441;-26.2985411338014;-48.84318853117965;2024-04-09 18:02:00;2024-04-09 18:05:00;3;3.11;5.42;79
VGM-001823;PAT-0001;USR-00171;Paranaguamirim;Anita Garibaldi;-26.33884987031961;-48.811942854743315;-26.309914164542324;-48.835881477168556;2024-05-08 09:45:00;2024-05-08 09:56:00;11;3.37;6.1;97
VGM-001824;PAT-0063;USR-00081;Anita Garibaldi;Jardim Iririú;-26.309253662193623;-48.836718205172026;-26.265681272627134;-48.85772420677865;2024-06-16 20:31:00;2024-06-16 21:03:00;32;2.79;4.83;58
VGM-001825;PAT-0068;USR-00030;Glória;Paranaguamirim;-26.318560957464587;-48.83290940626293;-26.343260362940967;-48.81548361004481;2024-02-04 08:35:00;2024-02-04 09:20:00;45;5.38;7.65;91
VGM-001826;PAT-0063;USR-00285;Jardim Iririú;América;-26.26769697866751;-48.86415311658125;-26.292387839410242;-48.84743270053494;2024-05-04 20:08:00;2024-05-04 20:41:00;33;7.84;11.51;23
VGM-001827;PAT-0075;USR-00217;Glória;Saguaçu;-26.324580487765683;-48.830333068791155;-26.28362697843462;-48.8435590521407;2024-05-22 11:10:00;2024-05-22 11:14:00;4;5.51;7.71;37
VGM-001828;PAT-0080;USR-00278;América;Iririú;-26.286315112224056;-48.8511786790108;-26.279293033918155;-48.85664053846621;2024-11-06 09:11:00;2024-11-06 09:32:00;21;5.17;8.24;54
VGM-001829;PAT-0072;USR-00063;Glória;Anita Garibaldi;-26.317012858083455;-48.826590912895966;-26.313384598122372;-48.83439305518625;2024-03-04 18:10:00;2024-03-04 18:17:00;7;5.87;8.46;64
VGM-001830;PAT-0065;USR-00045;Centro;Bucarein;-26.306471779632993;-48.84898761303554;-26.297652005337188;-48.846049434631674;2024-12-09 06:43:00;2024-12-09 07:03:00;20;8.31;10.63;65
VGM-001831;PAT-0029;USR-00155;Jardim Iririú;Jardim Iririú;-26.26320029670641;-48.86119008726332;-26.263037755069554;-48.86299530952233;2024-03-19 20:22:00;2024-03-19 20:36:00;14;4.4;6.2;94
VGM-001832;PAT-0022;USR-00234;Centro;América;-26.30338118410364;-48.843115942611064;-26.291254664373778;-48.8518653423329;2024-04-20 07:57:00;2024-04-20 08:34:00;37;3.18;5.38;89
VGM-001833;PAT-0063;USR-00136;Bucarein;Centro;-26.297175773417926;-48.83876376389251;-26.301239432428858;-48.849137972840985;2024-04-20 20:44:00;2024-04-20 20:50:00;6;2.4;4.97;64
VGM-001834;PAT-0058;USR-00240;Glória;Centro;-26.317519268205704;-48.83115388924021;-26.305079327149336;-48.84243439509211;2024-11-21 22:41:00;2024-11-21 23:26:00;45;4.18;7.07;34
VGM-001835;PAT-0011;USR-00276;Saguaçu;Itaum;-26.281882302119097;-48.84840875976713;-26.327036092773803;-48.82341713743941;2024-12-03 09:24:00;2024-12-03 09:46:00;22;6.84;9.4;68
VGM-001836;PAT-0014;USR-00009;América;Paranaguamirim;-26.289435213926684;-48.852967141091504;-26.339045851983798;-48.81544339178447;2024-08-15 07:38:00;2024-08-15 07:41:00;3;6.47;9.67;24
VGM-001837;PAT-0049;USR-00163;Centro;Jardim Iririú;-26.30811904253634;-48.84187445121581;-26.264134045584978;-48.8589430075954;2024-01-25 18:49:00;2024-01-25 19:04:00;15;6.61;8.25;36
VGM-001838;PAT-0042;USR-00117;Jardim Iririú;Itaum;-26.269617324940057;-48.863813562342585;-26.3308905744765;-48.81808136091839;2024-05-07 17:58:00;2024-05-07 18:16:00;18;3.77;7.0;33
VGM-001839;PAT-0045;USR-00254;Glória;América;-26.31571916359674;-48.825662505769984;-26.289956955801784;-48.852169306302734;2024-04-12 08:01:00;2024-04-12 08:30:00;29;5.11;6.87;33
VGM-001840;PAT-0045;USR-00208;Centro;Itaum;-26.30715384388156;-48.84436133548165;-26.32869981319381;-48.816309009312754;2024-01-15 06:21:00;2024-01-15 06:36:00;15;7.52;10.22;93
VGM-001841;PAT-0065;USR-00191;Itaum;Glória;-26.331278329761624;-48.81968427847313;-26.320826170581995;-48.82931680848922;2024-12-14 08:14:00;2024-12-14 08:23:00;9;8.08;12.1;34
VGM-001842;PAT-0024;USR-00192;Iririú;Paranaguamirim;-26.275679231170557;-48.85967340939215;-26.343556879563124;-48.815604922195526;2024-12-06 11:46:00;2024-12-06 11:59:00;13;5.92;9.02;60
VGM-001843;PAT-0049;USR-00225;Centro;América;-26.305005950103055;-48.846444038081785;-26.295064405930876;-48.85532759365948;2024-01-23 19:32:00;2024-01-23 19:41:00;9;8.46;12.5;88
VGM-001844;PAT-0074;USR-00168;Centro;Saguaçu;-26.303270604175054;-48.84712251894997;-26.289833284494005;-48.848353105315546;2024-06-16 16:35:00;2024-06-16 17:18:00;43;3.42;6.0;94
VGM-001845;PAT-0034;USR-00234;Glória;Paranaguamirim;-26.315569241622555;-48.83338781188025;-26.336264657357546;-48.81179264159184;2024-04-07 12:59:00;2024-04-07 13:36:00;37;8.19;10.8;31
VGM-001846;PAT-0080;USR-00197;Anita Garibaldi;Centro;-26.314593072881674;-48.833435903965;-26.307035250877615;-48.84505458981779;2024-07-21 19:07:00;2024-07-21 19:24:00;17;6.52;9.49;41
VGM-001847;PAT-0061;USR-00148;Iririú;Jardim Iririú;-26.27878498623699;-48.85028849092632;-26.270884932507183;-48.85667837546271;2024-04-19 09:22:00;2024-04-19 09:45:00;23;1.01;3.4;75
VGM-001848;PAT-0053;USR-00122;Glória;Jardim Iririú;-26.323025295101402;-48.829378111889355;-26.26563964599574;-48.86005988329401;2024-03-29 06:25:00;2024-03-29 07:09:00;44;2.37;4.99;89
VGM-001849;PAT-0054;USR-00083;Paranaguamirim;Centro;-26.336130750997906;-48.81285246723556;-26.306199838869126;-48.85001538294906;2024-06-10 06:24:00;2024-06-10 06:40:00;16;1.05;3.57;71
VGM-001850;PAT-0037;USR-00231;Paranaguamirim;Glória;-26.338541891873447;-48.819315495474335;-26.319939553075884;-48.83486360154164;2024-08-22 13:04:00;2024-08-22 13:49:00;45;2.31;5.07;56
VGM-001851;PAT-0054;USR-00074;Anita Garibaldi;Itaum;-26.31414093210761;-48.83582333004183;-26.333374889347024;-48.82196780453281;2024-05-22 17:02:00;2024-05-22 17:09:00;7;7.11;10.66;97
VGM-001852;PAT-0046;USR-00229;América;Centro;-26.287840530610314;-48.854836415148355;-26.299802542785383;-48.844220095285024;2024-04-21 19:19:00;2024-04-21 20:00:00;41;5.48;8.97;88
VGM-001853;PAT-0045;USR-00246;Glória;Iririú;-26.316386300036367;-48.82887204164464;-26.271484185999824;-48.85209740096058;2024-09-12 09:45:00;2024-09-12 10:22:00;37;1.07;3.41;72
VGM-001854;PAT-0076;USR-00207;Anita Garibaldi;Itaum;-26.308534856613097;-48.83061517841786;-26.326362103770347;-48.822042471653795;2024-10-18 11:16:00;2024-10-18 11:25:00;9;3.41;6.48;52
VGM-001855;PAT-0014;USR-00254;Bucarein;Paranaguamirim;-26.2938107346636;-48.84038222267528;-26.34093226251428;-48.815043460791166;2024-11-03 16:40:00;2024-11-03 17:07:00;27;3.07;6.0;81
VGM-001856;PAT-0075;USR-00250;Itaum;Jardim Iririú;-26.332477589798266;-48.82423196951686;-26.26537638786293;-48.86078881095566;2024-12-13 10:21:00;2024-12-13 10:35:00;14;5.25;8.38;91
VGM-001857;PAT-0069;USR-00107;Saguaçu;Itaum;-26.282449580712537;-48.849453337950145;-26.3335612384461;-48.820894772156485;2024-11-21 16:54:00;2024-11-21 17:39:00;45;4.15;7.4;74
VGM-001858;PAT-0058;USR-00071;América;América;-26.29139460502726;-48.85049336620559;-26.29591380997408;-48.853686512867995;2024-09-03 08:21:00;2024-09-03 08:25:00;4;2.95;5.68;85
VGM-001859;PAT-0004;USR-00040;Glória;América;-26.3165800144711;-48.83096792243867;-26.29580027067422;-48.854636288949706;2024-11-07 20:24:00;2024-11-07 20:59:00;35;4.83;6.81;73
VGM-001860;PAT-0028;USR-00217;Bucarein;Anita Garibaldi;-26.29571509322838;-48.838663559895245;-26.311133982625954;-48.83803311441769;2024-11-23 13:32:00;2024-11-23 14:12:00;40;6.07;9.4;36
VGM-001861;PAT-0029;USR-00034;Centro;Glória;-26.301635525535005;-48.843053289952906;-26.32044605094752;-48.834446676128366;2024-12-26 06:14:00;2024-12-26 06:18:00;4;4.0;6.39;47
VGM-001862;PAT-0043;USR-00229;Jardim Iririú;Saguaçu;-26.26643838162319;-48.85888168979897;-26.284819846510914;-48.85101869258176;2024-11-11 09:19:00;2024-11-11 09:37:00;18;5.33;8.3;79
VGM-001863;PAT-0054;USR-00278;Iririú;América;-26.2782257123053;-48.85626542054867;-26.295925368595828;-48.85590799102375;2024-08-07 13:39:00;2024-08-07 13:47:00;8;1.08;3.67;68
VGM-001864;PAT-0069;USR-00133;Bucarein;Anita Garibaldi;-26.297549730811028;-48.84444663626237;-26.312773133803425;-48.83372741599364;2024-01-31 10:23:00;2024-01-31 10:57:00;34;5.91;7.82;27
VGM-001865;PAT-0013;USR-00115;Itaum;Iririú;-26.325153302604754;-48.82394125681787;-26.27281931838799;-48.85683624592612;2024-05-31 12:09:00;2024-05-31 12:36:00;27;5.17;8.64;21
VGM-001866;PAT-0043;USR-00107;Itaum;Itaum;-26.325626119335027;-48.82145102316513;-26.330573062980324;-48.81526855288573;2024-04-14 07:15:00;2024-04-14 07:56:00;41;5.84;8.69;84
VGM-001867;PAT-0010;USR-00064;Itaum;Iririú;-26.33456826264203;-48.82086827482792;-26.272677807936876;-48.85806282949223;2024-08-15 16:08:00;2024-08-15 16:28:00;20;0.53;2.99;87
VGM-001868;PAT-0025;USR-00009;América;Anita Garibaldi;-26.294351851842706;-48.84924177074896;-26.314669810356033;-48.83654171429691;2024-06-11 07:33:00;2024-06-11 08:02:00;29;4.45;7.14;54
VGM-001869;PAT-0038;USR-00187;Glória;Bucarein;-26.323682712265455;-48.82841840175702;-26.294868579955182;-48.843421588413584;2024-11-27 15:48:00;2024-11-27 15:52:00;4;0.87;3.49;59
VGM-001870;PAT-0068;USR-00240;Glória;Jardim Iririú;-26.317740200900147;-48.83429891860359;-26.267115687595467;-48.864915485039376;2024-04-27 16:21:00;2024-04-27 16:39:00;18;1.79;4.37;78
VGM-001871;PAT-0013;USR-00261;Saguaçu;Bucarein;-26.28182214670143;-48.849047406845685;-26.300892369005698;-48.838607920469606;2024-04-15 07:58:00;2024-04-15 08:43:00;45;2.55;5.1;53
VGM-001872;PAT-0024;USR-00282;Glória;Glória;-26.322864886336895;-48.83318221132782;-26.32263279524146;-48.83468005539856;2024-05-07 13:38:00;2024-05-07 14:05:00;27;4.93;6.57;23
VGM-001873;PAT-0034;USR-00209;Anita Garibaldi;América;-26.311941473070483;-48.838431872946835;-26.289719695354304;-48.846598201652704;2024-09-23 16:11:00;2024-09-23 16:42:00;31;6.87;8.23;85
VGM-001874;PAT-0020;USR-00231;Saguaçu;Iririú;-26.28159296971989;-48.84472697850263;-26.271700604067874;-48.85107925648906;2024-11-18 06:04:00;2024-11-18 06:38:00;34;4.69;6.9;49
VGM-001875;PAT-0003;USR-00116;Itaum;América;-26.327671984552335;-48.824580847832834;-26.29184372217971;-48.85064478083914;2024-02-05 12:03:00;2024-02-05 12:46:00;43;6.24;9.05;76
VGM-001876;PAT-0080;USR-00062;Iririú;Jardim Iririú;-26.27457762794508;-48.85580817124097;-26.270416995708725;-48.85956404425089;2024-03-13 12:08:00;2024-03-13 12:16:00;8;2.38;4.89;91
VGM-001877;PAT-0009;USR-00081;Saguaçu;Jardim Iririú;-26.284096523095414;-48.851317963442334;-26.264329883930895;-48.85846222077044;2024-03-29 12:15:00;2024-03-29 12:50:00;35;1.26;3.99;31
VGM-001878;PAT-0072;USR-00042;Anita Garibaldi;Bucarein;-26.31191639453084;-48.831206697843214;-26.29630731708249;-48.84312949988065;2024-02-10 19:46:00;2024-02-10 20:18:00;32;4.54;7.5;92
VGM-001879;PAT-0058;USR-00050;Bucarein;Glória;-26.30002451548681;-48.84142959486725;-26.320519145127168;-48.828527777166016;2024-06-08 11:46:00;2024-06-08 12:01:00;15;1.73;3.91;34
VGM-001880;PAT-0049;USR-00015;Glória;Iririú;-26.31934978007141;-48.83268619363623;-26.275120998047207;-48.85955231611311;2024-05-05 19:11:00;2024-05-05 19:52:00;41;4.0;6.75;93
VGM-001881;PAT-0074;USR-00054;Anita Garibaldi;Glória;-26.3101111469795;-48.83497572712834;-26.322957435320635;-48.8344595237265;2024-05-07 15:18:00;2024-05-07 15:57:00;39;7.3;8.61;24
VGM-001882;PAT-0034;USR-00041;Itaum;Jardim Iririú;-26.32626677084139;-48.81768513640297;-26.26673197369935;-48.86042769580381;2024-08-17 12:17:00;2024-08-17 12:50:00;33;0.63;3.24;82
VGM-001883;PAT-0071;USR-00212;Paranaguamirim;Iririú;-26.338637086460206;-48.8104188199108;-26.276412574894568;-48.854503776988935;2024-02-10 17:25:00;2024-02-10 17:52:00;27;5.23;7.18;57
VGM-001884;PAT-0024;USR-00025;Bucarein;Jardim Iririú;-26.295388784629566;-48.844795539957545;-26.263043548233256;-48.85612182359664;2024-03-26 21:28:00;2024-03-26 21:58:00;30;3.8;6.37;99
VGM-001885;PAT-0017;USR-00122;Glória;Glória;-26.323399283650456;-48.826138182278704;-26.32019816484738;-48.83395339366092;2024-09-15 19:48:00;2024-09-15 20:00:00;12;5.93;8.31;92
VGM-001886;PAT-0025;USR-00008;Glória;Saguaçu;-26.320384425255803;-48.825656958858325;-26.285141143938105;-48.84477352072806;2024-09-03 06:48:00;2024-09-03 07:15:00;27;8.24;10.67;36
VGM-001887;PAT-0013;USR-00279;América;Glória;-26.29590668380173;-48.84683579455468;-26.319341482125893;-48.83289952662708;2024-08-06 08:48:00;2024-08-06 09:10:00;22;0.93;3.44;30
VGM-001888;PAT-0019;USR-00121;Glória;Saguaçu;-26.322533211354784;-48.82864585643138;-26.280832439968812;-48.8490591635149;2024-10-31 10:35:00;2024-10-31 10:49:00;14;4.25;7.55;75
VGM-001889;PAT-0050;USR-00174;Saguaçu;Centro;-26.28273538284887;-48.84670179345565;-26.301391819001402;-48.84803397565173;2024-05-11 18:29:00;2024-05-11 18:51:00;22;2.34;4.55;58
VGM-001890;PAT-0063;USR-00289;Jardim Iririú;Anita Garibaldi;-26.263081900486508;-48.86096789366816;-26.312488699302023;-48.83599844727134;2024-08-20 15:24:00;2024-08-20 16:02:00;38;3.48;6.58;25
VGM-001891;PAT-0020;USR-00131;Paranaguamirim;Anita Garibaldi;-26.344008219004127;-48.81247602117696;-26.309813007340274;-48.83849504501927;2024-11-06 21:04:00;2024-11-06 21:28:00;24;6.41;8.79;26
VGM-001892;PAT-0054;USR-00093;Anita Garibaldi;Paranaguamirim;-26.312985056841388;-48.83468705981649;-26.339137645012194;-48.81496429925596;2024-03-10 21:12:00;2024-03-10 21:24:00;12;5.66;7.89;71
VGM-001893;PAT-0038;USR-00099;Itaum;Glória;-26.326999290313008;-48.818225619287716;-26.320076329512986;-48.82698357410168;2024-04-07 06:00:00;2024-04-07 06:35:00;35;1.75;3.95;93
VGM-001894;PAT-0015;USR-00202;Itaum;Centro;-26.33295964365371;-48.82071542096151;-26.30747684227216;-48.846784659896215;2024-07-10 21:25:00;2024-07-10 21:54:00;29;3.39;6.04;87
VGM-001895;PAT-0046;USR-00231;América;Bucarein;-26.290449150506976;-48.848685035359566;-26.298360637365448;-48.842093864241015;2024-07-21 17:24:00;2024-07-21 17:58:00;34;2.78;5.52;45
VGM-001896;PAT-0022;USR-00162;Anita Garibaldi;Iririú;-26.309669287039704;-48.831755284823956;-26.277541814129773;-48.85151232414719;2024-06-06 08:26:00;2024-06-06 08:31:00;5;2.13;4.77;70
VGM-001897;PAT-0022;USR-00285;Paranaguamirim;Saguaçu;-26.338840145497397;-48.81853563743397;-26.280851578501483;-48.84593941885362;2024-03-04 18:59:00;2024-03-04 19:38:00;39;7.4;9.79;97
VGM-001898;PAT-0053;USR-00099;Jardim Iririú;Iririú;-26.271119752653846;-48.856670702844255;-26.276645931865033;-48.8550954559148;2024-03-24 12:48:00;2024-03-24 13:18:00;30;5.09;7.81;100
VGM-001899;PAT-0078;USR-00170;Iririú;Glória;-26.276446154313142;-48.854597034682094;-26.31547735985467;-48.832423043518105;2024-05-10 17:32:00;2024-05-10 18:06:00;34;4.35;6.84;36
VGM-001900;PAT-0010;USR-00002;Paranaguamirim;Glória;-26.337162082155146;-48.81155334090909;-26.319669447099052;-48.82615073253155;2024-11-21 17:44:00;2024-11-21 17:50:00;6;6.15;8.75;45
VGM-001901;PAT-0014;USR-00258;Iririú;Anita Garibaldi;-26.27445773485868;-48.85568698293659;-26.31068455621324;-48.8342297959831;2024-11-29 18:59:00;2024-11-29 19:29:00;30;6.93;10.42;61
VGM-001902;PAT-0011;USR-00016;Jardim Iririú;Saguaçu;-26.27294770386457;-48.86120959514617;-26.284570595555106;-48.85078852389889;2024-05-06 13:30:00;2024-05-06 13:35:00;5;8.07;10.81;49
VGM-001903;PAT-0063;USR-00001;Iririú;Glória;-26.272390092399718;-48.850849392674824;-26.323706193830333;-48.83230880247362;2024-07-04 06:44:00;2024-07-04 07:29:00;45;1.25;3.72;55
VGM-001904;PAT-0065;USR-00047;Itaum;Jardim Iririú;-26.334646886450596;-48.82248830732452;-26.26924178780992;-48.856968669110636;2024-11-26 10:16:00;2024-11-26 10:57:00;41;1.65;4.15;89
VGM-001905;PAT-0050;USR-00148;Jardim Iririú;Jardim Iririú;-26.265542662172688;-48.85655787674714;-26.272008538877223;-48.86455854437912;2024-08-21 10:16:00;2024-08-21 10:34:00;18;1.38;4.07;54
VGM-001906;PAT-0044;USR-00201;Itaum;Glória;-26.332975194398347;-48.82015979427491;-26.318770459558166;-48.82507907812971;2024-11-04 11:00:00;2024-11-04 11:10:00;10;8.33;11.95;85
VGM-001907;PAT-0002;USR-00164;Itaum;Anita Garibaldi;-26.325419265198803;-48.81985904557449;-26.312531258047997;-48.83869648320285;2024-02-17 18:25:00;2024-02-17 19:05:00;40;5.26;6.98;75
VGM-001908;PAT-0035;USR-00138;Jardim Iririú;Anita Garibaldi;-26.26932059248698;-48.8619153171851;-26.309220150284293;-48.832039314746034;2024-02-11 22:58:00;2024-02-11 23:13:00;15;0.49;2.99;54
VGM-001909;PAT-0015;USR-00106;Centro;Anita Garibaldi;-26.30613068383662;-48.84546957799381;-26.314795295190006;-48.83605224683228;2024-08-04 11:53:00;2024-08-04 12:23:00;30;4.37;6.34;77
VGM-001910;PAT-0053;USR-00107;Paranaguamirim;Saguaçu;-26.343511119496675;-48.816747888037234;-26.288354339415708;-48.84807783816712;2024-05-09 15:32:00;2024-05-09 16:09:00;37;6.81;10.66;25
VGM-001911;PAT-0019;USR-00197;Centro;Glória;-26.306343957845097;-48.850807305857586;-26.320936677690362;-48.82619349422535;2024-12-03 18:37:00;2024-12-03 18:59:00;22;3.83;5.62;84
VGM-001912;PAT-0017;USR-00238;Itaum;Itaum;-26.326233492381718;-48.82228001394655;-26.325734146167814;-48.82087088810411;2024-07-29 08:06:00;2024-07-29 08:49:00;43;6.11;8.96;40
VGM-001913;PAT-0046;USR-00276;América;Glória;-26.28603665662373;-48.85593620956593;-26.317895781849877;-48.829625062463265;2024-10-20 17:52:00;2024-10-20 18:04:00;12;7.66;9.6;35
VGM-001914;PAT-0045;USR-00154;Anita Garibaldi;Bucarein;-26.313316904694933;-48.830216452129434;-26.29881076375207;-48.846507003375905;2024-05-17 12:59:00;2024-05-17 13:27:00;28;3.32;5.85;48
VGM-001915;PAT-0004;USR-00177;Saguaçu;Centro;-26.285513893690453;-48.843342527901804;-26.30422727830246;-48.85117652526133;2024-12-23 15:00:00;2024-12-23 15:13:00;13;4.76;7.07;93
VGM-001916;PAT-0071;USR-00140;Glória;Bucarein;-26.317779290617974;-48.831048447025275;-26.302157869888227;-48.84455200126998;2024-09-08 06:06:00;2024-09-08 06:13:00;7;3.73;5.76;87
VGM-001917;PAT-0053;USR-00103;Bucarein;Saguaçu;-26.294138042195346;-48.839716291456604;-26.28015424103624;-48.84619416907081;2024-12-22 19:33:00;2024-12-22 20:02:00;29;0.58;3.11;72
VGM-001918;PAT-0050;USR-00207;Saguaçu;Glória;-26.28406955665813;-48.84954193901589;-26.31833592695305;-48.833787351066405;2024-12-01 15:46:00;2024-12-01 16:16:00;30;3.88;5.97;60
VGM-001919;PAT-0019;USR-00158;Paranaguamirim;Anita Garibaldi;-26.34108474301822;-48.813289068429135;-26.31414595931537;-48.83886238041195;2024-03-28 11:23:00;2024-03-28 11:37:00;14;6.06;7.47;55
VGM-001920;PAT-0015;USR-00214;Iririú;Saguaçu;-26.275873781591514;-48.851945699569534;-26.284141916057848;-48.84889039391964;2024-12-26 10:12:00;2024-12-26 10:46:00;34;0.85;3.27;75
VGM-001921;PAT-0014;USR-00160;Anita Garibaldi;Centro;-26.310043818535032;-48.83053243755308;-26.30830517633931;-48.84472162961392;2024-04-03 22:07:00;2024-04-03 22:38:00;31;1.02;3.33;43
VGM-001922;PAT-0011;USR-00107;Saguaçu;Glória;-26.28996781736396;-48.8489978772415;-26.315341633311924;-48.82787928007752;2024-10-17 12:11:00;2024-10-17 12:26:00;15;7.5;11.18;38
VGM-001923;PAT-0003;USR-00032;Paranaguamirim;Iririú;-26.3388041066254;-48.812167020170435;-26.278252150121165;-48.85821549325901;2024-01-31 11:51:00;2024-01-31 12:06:00;15;5.75;7.93;21
VGM-001924;PAT-0011;USR-00148;Saguaçu;Paranaguamirim;-26.286445069895585;-48.85034071549368;-26.338519696819446;-48.81920411852628;2024-05-12 19:28:00;2024-05-12 20:11:00;43;4.19;7.52;41
VGM-001925;PAT-0001;USR-00294;Glória;Paranaguamirim;-26.317058026687228;-48.82509667696206;-26.342545455374612;-48.810596029660545;2024-11-15 09:55:00;2024-11-15 10:38:00;43;4.46;6.75;28
VGM-001926;PAT-0017;USR-00071;Centro;Itaum;-26.30847009360177;-48.85094230401236;-26.327824386173514;-48.82239333617438;2024-03-26 08:18:00;2024-03-26 08:26:00;8;2.29;4.9;41
VGM-001927;PAT-0020;USR-00135;Itaum;Jardim Iririú;-26.329117977330515;-48.81896471193499;-26.265231786327597;-48.85646653502391;2024-07-12 09:17:00;2024-07-12 09:24:00;7;7.91;11.0;45
VGM-001928;PAT-0017;USR-00120;Anita Garibaldi;Saguaçu;-26.31219027110114;-48.833404940183485;-26.283265802710886;-48.84436508549537;2024-06-24 06:37:00;2024-06-24 06:55:00;18;1.43;3.97;82
VGM-001929;PAT-0001;USR-00151;Itaum;Anita Garibaldi;-26.328576744740946;-48.81811954442926;-26.31085500539745;-48.83227477408238;2024-09-01 21:43:00;2024-09-01 21:52:00;9;0.5;2.91;38
VGM-001930;PAT-0002;USR-00249;Centro;Iririú;-26.30875146405517;-48.84999612421211;-26.27107530906048;-48.85831166393347;2024-01-05 07:17:00;2024-01-05 07:20:00;3;1.01;3.36;21
VGM-001931;PAT-0008;USR-00012;Jardim Iririú;Anita Garibaldi;-26.267200162125718;-48.85561470216527;-26.316213732890105;-48.83178198540746;2024-12-06 07:06:00;2024-12-06 07:22:00;16;1.83;4.17;65
VGM-001932;PAT-0069;USR-00088;Paranaguamirim;Saguaçu;-26.339385154120404;-48.8181881672095;-26.286690852342197;-48.845307494407585;2024-09-24 06:24:00;2024-09-24 07:05:00;41;1.91;4.44;62
VGM-001933;PAT-0046;USR-00115;Jardim Iririú;Paranaguamirim;-26.267393399055837;-48.858772465967604;-26.342517125203692;-48.81403277009893;2024-09-23 14:59:00;2024-09-23 15:33:00;34;5.71;8.85;20
VGM-001934;PAT-0034;USR-00012;Centro;Iririú;-26.303365123334036;-48.848973239208775;-26.270119860379346;-48.85662797964831;2024-08-30 16:38:00;2024-08-30 17:08:00;30;4.78;6.98;46
VGM-001935;PAT-0042;USR-00006;América;Paranaguamirim;-26.289235320627736;-48.85292783582979;-26.34110610220333;-48.81737491395733;2024-06-21 17:43:00;2024-06-21 18:07:00;24;4.87;7.13;47
VGM-001936;PAT-0037;USR-00144;Centro;Iririú;-26.30135011000319;-48.84573541458272;-26.272673873007594;-48.858781107879196;2024-06-10 13:23:00;2024-06-10 14:08:00;45;4.22;6.3;20
VGM-001937;PAT-0034;USR-00085;Glória;Itaum;-26.32230179279872;-48.83082806581435;-26.328152748361187;-48.819902429330995;2024-07-23 18:39:00;2024-07-23 18:45:00;6;8.26;12.19;27
VGM-001938;PAT-0011;USR-00122;América;Jardim Iririú;-26.2877495058982;-48.85439774399023;-26.270879187625226;-48.8591473912449;2024-07-01 16:51:00;2024-07-01 17:00:00;9;5.68;7.94;22
VGM-001939;PAT-0003;USR-00110;Iririú;Anita Garibaldi;-26.275017443177365;-48.85829063597579;-26.314610023197886;-48.83640661009484;2024-01-02 20:55:00;2024-01-02 21:23:00;28;5.07;7.76;22
VGM-001940;PAT-0002;USR-00254;Saguaçu;Paranaguamirim;-26.289229417208656;-48.848818552118374;-26.34218715436447;-48.81524640932319;2024-03-12 06:38:00;2024-03-12 06:48:00;10;1.25;3.6;90
VGM-001941;PAT-0045;USR-00077;América;Jardim Iririú;-26.29541449070756;-48.84842717021724;-26.26888872721741;-48.86136485542631;2024-09-28 14:44:00;2024-09-28 15:02:00;18;0.63;3.09;86
VGM-001942;PAT-0062;USR-00166;Glória;Anita Garibaldi;-26.321657616813038;-48.82602035353152;-26.314656749343495;-48.833589939426794;2024-07-07 20:39:00;2024-07-07 21:24:00;45;1.96;4.71;68
VGM-001943;PAT-0058;USR-00068;Saguaçu;Jardim Iririú;-26.282151030228885;-48.85215872337741;-26.27280348517253;-48.855987407922036;2024-08-31 22:26:00;2024-08-31 23:11:00;45;2.76;5.03;51
VGM-001944;PAT-0065;USR-00013;Jardim Iririú;Itaum;-26.265923190652593;-48.861068960924406;-26.326206069431926;-48.82336079737953;2024-04-06 06:40:00;2024-04-06 07:03:00;23;6.42;9.28;57
VGM-001945;PAT-0050;USR-00212;Iririú;Centro;-26.272113850353275;-48.858997544362765;-26.299743901686192;-48.84738591190097;2024-01-09 17:55:00;2024-01-09 18:00:00;5;3.5;6.19;71
VGM-001946;PAT-0080;USR-00266;Centro;América;-26.304227309435586;-48.851034075193674;-26.292584296129686;-48.85459131396049;2024-06-15 20:14:00;2024-06-15 20:55:00;41;3.35;5.36;78
VGM-001947;PAT-0068;USR-00135;América;Iririú;-26.291598010020447;-48.84938281317356;-26.276614931205742;-48.85375056229592;2024-09-05 18:47:00;2024-09-05 19:29:00;42;4.48;7.04;50
VGM-001948;PAT-0043;USR-00093;Saguaçu;Bucarein;-26.288525474732936;-48.84697550558033;-26.302929081872254;-48.839711294905115;2024-02-11 17:27:00;2024-02-11 18:00:00;33;0.4;2.91;95
VGM-001949;PAT-0071;USR-00202;Paranaguamirim;Glória;-26.341718072463905;-48.818369808861846;-26.318197493116696;-48.82568087267402;2024-12-03 09:46:00;2024-12-03 10:13:00;27;4.6;6.68;34
VGM-001950;PAT-0034;USR-00151;Centro;Bucarein;-26.305059806338264;-48.84886187166907;-26.29474560104251;-48.84421128073739;2024-05-30 12:45:00;2024-05-30 12:57:00;12;2.48;4.87;98
VGM-001951;PAT-0011;USR-00221;Bucarein;Bucarein;-26.302113995703202;-48.846762922463554;-26.301533916996398;-48.837497887941346;2024-09-23 22:02:00;2024-09-23 22:13:00;11;4.65;7.83;20
VGM-001952;PAT-0001;USR-00063;Paranaguamirim;Anita Garibaldi;-26.342793880472886;-48.81165052794305;-26.31540333650633;-48.839367373281796;2024-09-11 08:19:00;2024-09-11 08:57:00;38;2.79;5.7;20
VGM-001953;PAT-0050;USR-00164;Anita Garibaldi;Glória;-26.311017747059363;-48.83025309403951;-26.317099167500285;-48.82896986136635;2024-08-27 11:57:00;2024-08-27 12:28:00;31;6.95;8.6;86
VGM-001954;PAT-0009;USR-00155;Paranaguamirim;Saguaçu;-26.33764336885761;-48.81864540463205;-26.28383709251646;-48.85242867280657;2024-02-29 21:42:00;2024-02-29 22:19:00;37;2.92;5.96;86
VGM-001955;PAT-0027;USR-00030;Jardim Iririú;América;-26.263016524886073;-48.862685247862345;-26.295551394423722;-48.84706225812238;2024-05-03 13:13:00;2024-05-03 13:26:00;13;2.3;5.19;93
VGM-001956;PAT-0018;USR-00039;Anita Garibaldi;Bucarein;-26.307668866686566;-48.83131590476053;-26.296774530095377;-48.8417019094293;2024-12-03 08:06:00;2024-12-03 08:36:00;30;4.24;7.48;92
VGM-001957;PAT-0032;USR-00230;Bucarein;Iririú;-26.296574348004647;-48.83773536202044;-26.276910822771562;-48.85330651649237;2024-01-15 11:59:00;2024-01-15 12:22:00;23;2.05;4.42;31
VGM-001958;PAT-0034;USR-00202;Anita Garibaldi;Jardim Iririú;-26.31278751946706;-48.83580372617193;-26.26931274844529;-48.85668426074089;2024-07-15 14:14:00;2024-07-15 14:33:00;19;5.75;7.48;35
VGM-001959;PAT-0078;USR-00234;Glória;Jardim Iririú;-26.318638226352917;-48.83449377527731;-26.265302685817034;-48.86349689377516;2024-12-06 21:57:00;2024-12-06 22:42:00;45;4.22;6.01;52
VGM-001960;PAT-0009;USR-00124;Glória;Saguaçu;-26.317143483819198;-48.83460608166307;-26.281890648073276;-48.85261408438062;2024-03-04 10:59:00;2024-03-04 11:36:00;37;2.06;4.71;35
VGM-001961;PAT-0027;USR-00047;Centro;Centro;-26.308216638090766;-48.84546050133931;-26.3053964337316;-48.84241118854087;2024-11-20 21:05:00;2024-11-20 21:29:00;24;1.71;4.09;71
VGM-001962;PAT-0004;USR-00204;Jardim Iririú;Paranaguamirim;-26.26890095110304;-48.861071048911064;-26.335528470639936;-48.81685066772541;2024-04-24 08:41:00;2024-04-24 09:05:00;24;4.83;7.39;20
VGM-001963;PAT-0072;USR-00254;Saguaçu;Bucarein;-26.281601977143644;-48.85271347572422;-26.298935372820477;-48.84571021092073;2024-07-12 18:41:00;2024-07-12 19:25:00;44;5.44;7.59;22
VGM-001964;PAT-0022;USR-00133;Bucarein;Bucarein;-26.299161670480668;-48.841167476076876;-26.295281639647698;-48.84231538762913;2024-10-14 19:51:00;2024-10-14 20:08:00;17;7.34;11.28;94
VGM-001965;PAT-0050;USR-00078;América;Iririú;-26.29028127728773;-48.85588697463411;-26.275161227354356;-48.85401693924304;2024-04-24 14:07:00;2024-04-24 14:28:00;21;0.88;3.37;31
VGM-001966;PAT-0027;USR-00112;América;Centro;-26.29012230639138;-48.848126280418505;-26.30042467673478;-48.850890293965776;2024-02-14 09:05:00;2024-02-14 09:29:00;24;5.77;9.23;69
VGM-001967;PAT-0029;USR-00073;Centro;Itaum;-26.307555237468666;-48.84813567177297;-26.325922387563498;-48.82225104341743;2024-10-30 12:47:00;2024-10-30 12:57:00;10;7.33;9.37;92
VGM-001968;PAT-0063;USR-00016;Anita Garibaldi;América;-26.31337764558348;-48.839597419969905;-26.29512583192129;-48.85567200125723;2024-10-20 17:08:00;2024-10-20 17:31:00;23;1.49;3.79;100
VGM-001969;PAT-0022;USR-00250;Saguaçu;Iririú;-26.28665488711258;-48.847116477790166;-26.270635066686896;-48.85579664610804;2024-07-13 06:19:00;2024-07-13 06:25:00;6;6.54;9.24;39
VGM-001970;PAT-0063;USR-00129;América;Paranaguamirim;-26.29573803291468;-48.85202315585567;-26.336744651584794;-48.811048999709335;2024-10-29 12:54:00;2024-10-29 13:21:00;27;4.22;6.56;50
VGM-001971;PAT-0009;USR-00214;Paranaguamirim;América;-26.344758082361086;-48.810261995866426;-26.288086892856874;-48.84617347588507;2024-08-04 16:49:00;2024-08-04 17:15:00;26;8.42;11.22;37
VGM-001972;PAT-0054;USR-00165;América;Glória;-26.287683029563244;-48.850558013374965;-26.322990886603144;-48.828629524464965;2024-12-13 10:33:00;2024-12-13 11:18:00;45;0.9;3.53;83
VGM-001973;PAT-0045;USR-00260;Bucarein;Paranaguamirim;-26.30026929190027;-48.844247608189626;-26.336948807912453;-48.818383623062154;2024-11-04 13:06:00;2024-11-04 13:34:00;28;1.65;3.97;45
VGM-001974;PAT-0075;USR-00003;Bucarein;Paranaguamirim;-26.29781921233761;-48.83990561135366;-26.33649867265315;-48.81094150610001;2024-01-05 20:20:00;2024-01-05 20:32:00;12;5.44;8.0;78
VGM-001975;PAT-0004;USR-00060;América;Paranaguamirim;-26.293012744264114;-48.85328507997457;-26.34210849665546;-48.814837521768;2024-05-31 13:31:00;2024-05-31 14:03:00;32;3.69;6.61;94
VGM-001976;PAT-0078;USR-00129;Jardim Iririú;América;-26.263593207548848;-48.85595756708592;-26.286477399216377;-48.85446250687897;2024-03-16 15:09:00;2024-03-16 15:54:00;45;5.43;7.65;88
VGM-001977;PAT-0043;USR-00121;Centro;Centro;-26.306807032411342;-48.84745278029493;-26.30890139853601;-48.841982733305485;2024-12-25 07:38:00;2024-12-25 08:01:00;23;7.99;9.61;93
VGM-001978;PAT-0025;USR-00039;Paranaguamirim;Jardim Iririú;-26.340703431872612;-48.81450131437224;-26.27150090746753;-48.85742530949277;2024-06-07 22:44:00;2024-06-07 22:54:00;10;7.09;10.98;78
VGM-001979;PAT-0036;USR-00055;Jardim Iririú;Saguaçu;-26.264272697495155;-48.86449426896176;-26.284624188619485;-48.84568294727277;2024-05-20 21:40:00;2024-05-20 21:56:00;16;3.63;6.14;99
VGM-001980;PAT-0078;USR-00191;Itaum;Paranaguamirim;-26.32658066433208;-48.82073878762048;-26.339242075288777;-48.812908192962055;2024-09-10 15:45:00;2024-09-10 16:12:00;27;6.47;9.13;25
VGM-001981;PAT-0075;USR-00055;Centro;Bucarein;-26.307538985821537;-48.84287636460339;-26.296548499166988;-48.844996601789035;2024-01-31 16:09:00;2024-01-31 16:25:00;16;0.65;3.12;69
VGM-001982;PAT-0076;USR-00164;América;Bucarein;-26.287973566902043;-48.84794351194637;-26.302830308706845;-48.844889933082925;2024-04-25 07:59:00;2024-04-25 08:13:00;14;2.93;5.27;21
VGM-001983;PAT-0050;USR-00146;Glória;Glória;-26.320418131132623;-48.83275681441146;-26.31539633225378;-48.82811707001573;2024-09-06 18:19:00;2024-09-06 19:04:00;45;3.54;6.68;89
VGM-001984;PAT-0063;USR-00240;Itaum;Anita Garibaldi;-26.330170311279144;-48.82273920928989;-26.31655411907266;-48.8378027724989;2024-03-22 06:35:00;2024-03-22 07:03:00;28;1.88;4.37;63
VGM-001985;PAT-0013;USR-00073;Jardim Iririú;Bucarein;-26.27166520027584;-48.85682694687787;-26.301569380472763;-48.842613283031966;2024-06-21 19:43:00;2024-06-21 20:16:00;33;6.26;8.17;58
VGM-001986;PAT-0018;USR-00151;Anita Garibaldi;Bucarein;-26.31619398486243;-48.83069601579831;-26.30285985482474;-48.83917998174406;2024-06-27 18:25:00;2024-06-27 18:32:00;7;3.36;5.71;89
VGM-001987;PAT-0029;USR-00103;Bucarein;Jardim Iririú;-26.29572060693026;-48.84604639078727;-26.26733141566706;-48.85716047481902;2024-09-27 15:18:00;2024-09-27 15:33:00;15;3.99;7.05;30
VGM-001988;PAT-0028;USR-00083;Paranaguamirim;Anita Garibaldi;-26.340035388476448;-48.815499413605735;-26.307677331160793;-48.83546738227474;2024-12-24 18:06:00;2024-12-24 18:17:00;11;7.16;9.16;90
VGM-001989;PAT-0036;USR-00030;Glória;Centro;-26.32063149297385;-48.83162545721036;-26.302740528339196;-48.84327810061725;2024-06-14 07:54:00;2024-06-14 08:16:00;22;2.14;4.73;74
VGM-001990;PAT-0054;USR-00110;Saguaçu;Saguaçu;-26.282704917713477;-48.844293115445424;-26.281773425315198;-48.84461378203802;2024-08-22 11:36:00;2024-08-22 11:47:00;11;7.74;11.03;81
VGM-001991;PAT-0029;USR-00221;Jardim Iririú;Glória;-26.26534487101009;-48.8641647508532;-26.324867187965413;-48.82845224248715;2024-08-14 21:18:00;2024-08-14 21:30:00;12;4.23;7.19;53
VGM-001992;PAT-0068;USR-00101;Saguaçu;Paranaguamirim;-26.288410918323308;-48.85088874057442;-26.3395798470152;-48.81771574147692;2024-04-17 12:51:00;2024-04-17 13:06:00;15;8.08;9.89;69
VGM-001993;PAT-0078;USR-00190;América;Glória;-26.289897748505226;-48.84847531662413;-26.320404370224946;-48.83225988219614;2024-11-29 06:23:00;2024-11-29 07:02:00;39;4.48;6.55;51
VGM-001994;PAT-0010;USR-00223;Itaum;América;-26.33364645917722;-48.82448706151019;-26.291010320557792;-48.85285158844591;2024-02-22 10:24:00;2024-02-22 10:54:00;30;3.63;5.42;25
VGM-001995;PAT-0003;USR-00201;Anita Garibaldi;Bucarein;-26.30948624913971;-48.83507464619286;-26.302277868146646;-48.84583195892266;2024-12-13 11:59:00;2024-12-13 12:05:00;6;7.45;9.37;26
VGM-001996;PAT-0001;USR-00204;Centro;América;-26.30283044843733;-48.846778929653205;-26.289155646389307;-48.8532684037963;2024-02-19 17:30:00;2024-02-19 17:44:00;14;5.51;8.28;22
VGM-001997;PAT-0018;USR-00276;Anita Garibaldi;Anita Garibaldi;-26.307433853789167;-48.83665598821011;-26.311967795851416;-48.83790480775688;2024-01-27 09:32:00;2024-01-27 10:16:00;44;2.28;5.12;96
VGM-001998;PAT-0072;USR-00116;Anita Garibaldi;Paranaguamirim;-26.316310419836437;-48.83605427684681;-26.337348511501386;-48.81544671250191;2024-06-22 19:09:00;2024-06-22 19:52:00;43;4.57;7.79;95
VGM-001999;PAT-0076;USR-00219;Bucarein;Glória;-26.302429452788484;-48.8417005941307;-26.320147093659383;-48.82591562452127;2024-07-25 13:02:00;2024-07-25 13:12:00;10;4.38;7.45;85
VGM-002000;PAT-0002;USR-00137;Anita Garibaldi;Centro;-26.31417812925307;-48.83838632641611;-26.307906183637737;-48.85015519683246;2024-05-03 18:31:00;2024-05-03 18:53:00;22;0.92;3.26;55
